{
"type": "FeatureCollection",
"name": "ageb_demand",
"crs": { "type": "name", "properties": { "name": "urn:ogc:def:crs:OGC:1.3:CRS84" } },
"features": [
{ "type": "Feature", "properties": { "cvegeo": "1903900012114", "municipality": "Monterrey", "residents": 2387, "residents_18_24": 202.0, "share_18_24": 0.085 }, "geometry": { "type": "Polygon", "coordinates": [ [ [ -100.274315127010681, 25.646708214655366 ], [ -100.27432163590386, 25.646573339908667 ], [ -100.274321656679589, 25.646572905648625 ], [ -100.274321946337651, 25.646437485029235 ], [ -100.274320727771681, 25.646302075157646 ], [ -100.274319317339405, 25.646166645037635 ], [ -100.27431048642238, 25.646031455071363 ], [ -100.27430092648342, 25.645896304306365 ], [ -100.274294546388603, 25.645810184545095 ], [ -100.274290926833331, 25.645761185013164 ], [ -100.274274006859358, 25.645626625172969 ], [ -100.274257087800606, 25.645492074397165 ], [ -100.274244236825652, 25.645357134397671 ], [ -100.274211457333891, 25.645225015698312 ], [ -100.274177917411208, 25.645093044699443 ], [ -100.274113627852728, 25.644970795862438 ], [ -100.273968566595983, 25.644734655621477 ], [ -100.273863068372563, 25.644638334725535 ], [ -100.273743468223813, 25.644524995611636 ], [ -100.273647806560206, 25.644420964731669 ], [ -100.273589698338952, 25.644296216041933 ], [ -100.273563487449351, 25.644162886163915 ], [ -100.27352029681802, 25.644056675666015 ], [ -100.273490326793635, 25.64392399591836 ], [ -100.273472627276391, 25.643789516174863 ], [ -100.273473190095089, 25.64363886849004 ], [ -100.273473196695591, 25.643637165987254 ], [ -100.273497657860474, 25.643503566263945 ], [ -100.273515353369945, 25.643370110392492 ], [ -100.273515486793983, 25.643369105905002 ], [ -100.273496996592598, 25.643234715441366 ], [ -100.273473727013979, 25.643100935876202 ], [ -100.27337406715813, 25.643000045803866 ], [ -100.27325027491635, 25.642942313860008 ], [ -100.273245776659962, 25.642940215688466 ], [ -100.273870767706782, 25.642981565149245 ], [ -100.276409327046082, 25.642996785572738 ], [ -100.276565606943251, 25.64298471501877 ], [ -100.27670646689775, 25.64298602529869 ], [ -100.277132967668777, 25.642884384900103 ], [ -100.277545916906888, 25.642711715344465 ], [ -100.277753207367084, 25.642593075478871 ], [ -100.27797826663604, 25.6424151356387 ], [ -100.278192636798366, 25.642545385044656 ], [ -100.278260037014647, 25.642579015339265 ], [ -100.278714316681899, 25.642786595620237 ], [ -100.27897317684004, 25.642914505126779 ], [ -100.279356666847193, 25.643089045243901 ], [ -100.279429896587317, 25.643121245376676 ], [ -100.279993776594353, 25.643296255205563 ], [ -100.280458666350214, 25.643436315272261 ], [ -100.280628296141884, 25.643487455418878 ], [ -100.281109376194593, 25.643687855552297 ], [ -100.281290656253887, 25.643756965457563 ], [ -100.281579195717939, 25.643876305473487 ], [ -100.281714346304398, 25.643943885228733 ], [ -100.282081175770784, 25.644159884863726 ], [ -100.282219806198526, 25.64426276525343 ], [ -100.282369096376527, 25.644358824862486 ], [ -100.282747365500327, 25.644798794919001 ], [ -100.282945565347688, 25.645048104646442 ], [ -100.283153436064239, 25.645377104462206 ], [ -100.283022235750039, 25.645458955237189 ], [ -100.282764886091314, 25.645522444628181 ], [ -100.282348805702313, 25.64564748496705 ], [ -100.281911056473277, 25.645677245180167 ], [ -100.281496296296694, 25.64571435442938 ], [ -100.281359726100632, 25.645741454599285 ], [ -100.281089375917219, 25.645826274936169 ], [ -100.281018165981976, 25.645853534289923 ], [ -100.280618685899199, 25.646029624368165 ], [ -100.280330856596592, 25.646217514309324 ], [ -100.280297426226255, 25.646239334258343 ], [ -100.279996766700592, 25.646341994608285 ], [ -100.279496466213374, 25.646562854475516 ], [ -100.278878596887338, 25.646895914634744 ], [ -100.278863127059964, 25.647071994510696 ], [ -100.278602057158466, 25.646970684686135 ], [ -100.278223666984559, 25.64694161394717 ], [ -100.277878946752139, 25.646977014116693 ], [ -100.27766976702469, 25.647029643935621 ], [ -100.277432196651461, 25.64714102459649 ], [ -100.277230777260911, 25.647327443997259 ], [ -100.276944657307695, 25.647593854043727 ], [ -100.276923897430237, 25.647669184113653 ], [ -100.276791236804456, 25.648155734353125 ], [ -100.276773896895008, 25.648240074344848 ], [ -100.276732566830631, 25.648437613740462 ], [ -100.276671396796417, 25.648811884305434 ], [ -100.276552796895771, 25.649140044259113 ], [ -100.276287606787946, 25.649733023875193 ], [ -100.276138427086408, 25.649878053342491 ], [ -100.275963857245969, 25.650007983610287 ], [ -100.275720297145412, 25.650085363759395 ], [ -100.275013807474679, 25.650290784048885 ], [ -100.274830777872765, 25.65004005334152 ], [ -100.274733267249701, 25.649860823860973 ], [ -100.274643297560601, 25.649473194180189 ], [ -100.274641167518155, 25.64941125357193 ], [ -100.274644767220039, 25.649350933784355 ], [ -100.274638028039504, 25.649184474036133 ], [ -100.274639598160775, 25.648939213499499 ], [ -100.274647857395664, 25.648359554206092 ], [ -100.274673147458799, 25.647792674116335 ], [ -100.274718347633083, 25.64746828465125 ], [ -100.274770747636296, 25.647212823824507 ], [ -100.274902597321187, 25.646635254221241 ], [ -100.274315127010681, 25.646708214655366 ] ] ] } },
{ "type": "Feature", "properties": { "cvegeo": "1903900012203", "municipality": "Monterrey", "residents": 2974, "residents_18_24": 245.0, "share_18_24": 0.082 }, "geometry": { "type": "Polygon", "coordinates": [ [ [ -100.273245776659962, 25.642940215688466 ], [ -100.27318529683005, 25.642913476347058 ], [ -100.273101267587663, 25.642891194908529 ], [ -100.272977940467626, 25.642867616396749 ], [ -100.272812267473071, 25.642835956101081 ], [ -100.272665997037336, 25.642808355266173 ], [ -100.272518547339757, 25.642786515845874 ], [ -100.272373298425961, 25.642754795987948 ], [ -100.272227747696675, 25.642724256429506 ], [ -100.272082066976964, 25.642694166131395 ], [ -100.271936398186511, 25.642664086712951 ], [ -100.27178877724549, 25.642643256123204 ], [ -100.271641147334833, 25.642622426203967 ], [ -100.271499658797453, 25.642578935613681 ], [ -100.271358167353029, 25.642535444862588 ], [ -100.271218837502815, 25.642486535161769 ], [ -100.270957807830229, 25.642406425456397 ], [ -100.270792268428238, 25.642376386329737 ], [ -100.270652368227289, 25.642328855894529 ], [ -100.270522697591332, 25.642261584943391 ], [ -100.270398699179154, 25.642186025370542 ], [ -100.270273747570627, 25.642111795928205 ], [ -100.270115577644404, 25.642005285975412 ], [ -100.270033887338158, 25.641950275832485 ], [ -100.269946527962531, 25.641840395527964 ], [ -100.269879466824108, 25.641746135622707 ], [ -100.269820717908004, 25.641621615883903 ], [ -100.269726837924665, 25.641487795368075 ], [ -100.26965332869554, 25.641394215875856 ], [ -100.269561688181369, 25.641295155231937 ], [ -100.269526698115698, 25.641163475325609 ], [ -100.269468327908044, 25.641038816217428 ], [ -100.269421808577988, 25.640910115975082 ], [ -100.269399329327882, 25.640776246199461 ], [ -100.269363289536471, 25.640644815955728 ], [ -100.269314799266823, 25.640516706355722 ], [ -100.269275657695246, 25.640386016775146 ], [ -100.269264889658217, 25.640250935286058 ], [ -100.269246008338655, 25.640116595907209 ], [ -100.269226428486022, 25.639982339577504 ], [ -100.269218229142751, 25.639847115612483 ], [ -100.269213487934437, 25.639711755305488 ], [ -100.269215155848769, 25.639578135024792 ], [ -100.26921517779212, 25.639576336534013 ], [ -100.269214160119844, 25.639449014619117 ], [ -100.269214147871352, 25.639447454315047 ], [ -100.269221360489922, 25.639400266413858 ], [ -100.269235748409514, 25.639306136921913 ], [ -100.269289748291797, 25.639179856778803 ], [ -100.269336578190902, 25.639051256788647 ], [ -100.269369267887939, 25.638919106909942 ], [ -100.269381208626811, 25.638784116757744 ], [ -100.269402398064386, 25.638650055920316 ], [ -100.269440089106496, 25.638519016532666 ], [ -100.269502578851871, 25.638254356640079 ], [ -100.26950960830861, 25.638119055987833 ], [ -100.269518299483906, 25.637983856948221 ], [ -100.269525429574514, 25.637848586394409 ], [ -100.26956739781177, 25.637718616865431 ], [ -100.269582376883648, 25.637583876599631 ], [ -100.26960497843325, 25.637449996147851 ], [ -100.269627578646066, 25.637316137434645 ], [ -100.269673598183729, 25.63704851599659 ], [ -100.269698368515094, 25.636914968511618 ], [ -100.269741197799704, 25.636785226870526 ], [ -100.269771428325598, 25.636652596253018 ], [ -100.26983112928788, 25.636387215985859 ], [ -100.269887209301331, 25.63625111632663 ], [ -100.269941528430124, 25.636153337747864 ], [ -100.269983599110759, 25.636158616204838 ], [ -100.270558318309298, 25.636248276639819 ], [ -100.270621039365793, 25.6362585863649 ], [ -100.270609119329421, 25.636476457677698 ], [ -100.27088203879363, 25.636490117101719 ], [ -100.271215498836014, 25.636539316564953 ], [ -100.2719842275216, 25.636698356901665 ], [ -100.272479398420998, 25.636798316581384 ], [ -100.272636668845479, 25.636813137442292 ], [ -100.272578628880922, 25.636122166963034 ], [ -100.272487197609735, 25.635029287836925 ], [ -100.27246209831722, 25.634739486969629 ], [ -100.272432377515599, 25.634396277554199 ], [ -100.272784397633671, 25.634399587837088 ], [ -100.273050698261471, 25.634452758061098 ], [ -100.273081777051402, 25.634528588044013 ], [ -100.27314683711559, 25.634626117988475 ], [ -100.274594667697144, 25.635097257508924 ], [ -100.275371657153016, 25.635370786907071 ], [ -100.275465886439918, 25.63539479764048 ], [ -100.275525837187061, 25.635420987192298 ], [ -100.275717287716205, 25.635486217452812 ], [ -100.27586894763833, 25.63553496763123 ], [ -100.275909516442212, 25.635536846560534 ], [ -100.276307767855968, 25.635458277410301 ], [ -100.276489397594915, 25.63603924754398 ], [ -100.276631226160063, 25.636434016956766 ], [ -100.276706347217029, 25.63665104705726 ], [ -100.276922517728892, 25.637444086786722 ], [ -100.277070695917374, 25.637937715976705 ], [ -100.277267596225059, 25.638658556299848 ], [ -100.277332146165662, 25.639008226519273 ], [ -100.277416262488387, 25.639209951628548 ], [ -100.277566296625636, 25.639494766709241 ], [ -100.277710236984149, 25.639631115986031 ], [ -100.277853567191841, 25.639769885804551 ], [ -100.278050207421956, 25.640102645775954 ], [ -100.278188727113729, 25.640339646195379 ], [ -100.278251977202615, 25.64045768636225 ], [ -100.278257455740572, 25.640525016421329 ], [ -100.27824510107159, 25.640928353953914 ], [ -100.278494647371502, 25.641397623746901 ], [ -100.27879022574875, 25.641989792387125 ], [ -100.278133917411211, 25.642391115077416 ], [ -100.27797826663604, 25.6424151356387 ], [ -100.277753207367084, 25.642593075478871 ], [ -100.277545916906888, 25.642711715344465 ], [ -100.277132967668777, 25.642884384900103 ], [ -100.27670646689775, 25.64298602529869 ], [ -100.276565606943251, 25.64298471501877 ], [ -100.276409327046082, 25.642996785572738 ], [ -100.273870767706782, 25.642981565149245 ], [ -100.273245776659962, 25.642940215688466 ] ] ] } },
{ "type": "Feature", "properties": { "cvegeo": "190390001445A", "municipality": "Monterrey", "residents": 5563, "residents_18_24": 901.0, "share_18_24": 0.162 }, "geometry": { "type": "Polygon", "coordinates": [ [ [ -100.278424596637606, 25.660242281471529 ], [ -100.278222746306753, 25.660237531902531 ], [ -100.277843516431332, 25.660228591298107 ], [ -100.277331296420314, 25.660216531226439 ], [ -100.27683457683068, 25.660202841405219 ], [ -100.27659397717278, 25.660201301466831 ], [ -100.275950486987981, 25.660146481496984 ], [ -100.275217256984945, 25.660007681999268 ], [ -100.274709116937714, 25.659723311986443 ], [ -100.274097807038331, 25.659354352678243 ], [ -100.273545087551867, 25.659027793058286 ], [ -100.27343942793577, 25.658940512905744 ], [ -100.273334916537166, 25.658872282613469 ], [ -100.272453838106571, 25.658009332792755 ], [ -100.272303096564087, 25.657866872810526 ], [ -100.272146206659357, 25.657733352658383 ], [ -100.272210807784163, 25.657611221839844 ], [ -100.2722308082773, 25.657477022617105 ], [ -100.272358096724133, 25.657406072374414 ], [ -100.272471896458413, 25.657318312020607 ], [ -100.272577857390985, 25.657222823094024 ], [ -100.272682965714793, 25.657126563758002 ], [ -100.27279379737746, 25.657035733004545 ], [ -100.272907546978814, 25.656947932767871 ], [ -100.273026026357769, 25.656865393329578 ], [ -100.273146946864529, 25.656785842000708 ], [ -100.273258006894991, 25.656695251954478 ], [ -100.273338496486744, 25.656581152774041 ], [ -100.273408636579788, 25.656461563542212 ], [ -100.273485696541002, 25.656345552852823 ], [ -100.273553776871893, 25.656081812299146 ], [ -100.273558687202808, 25.65594645306971 ], [ -100.273562015323719, 25.655677421618623 ], [ -100.273562037209572, 25.655675623149815 ], [ -100.273528627744199, 25.655543623694129 ], [ -100.273483116750654, 25.655275933259173 ], [ -100.273469237629897, 25.655141082786432 ], [ -100.273428236371188, 25.65487279381248 ], [ -100.273373606845098, 25.654746732540854 ], [ -100.273306576961886, 25.654625702557883 ], [ -100.273218746578564, 25.654516153928231 ], [ -100.273095086956317, 25.654403703450956 ], [ -100.272991716694406, 25.654305913881235 ], [ -100.272891577362373, 25.654205392953067 ], [ -100.272772236588224, 25.654097843942978 ], [ -100.272679716645214, 25.653991512831631 ], [ -100.272575696820709, 25.653894302731857 ], [ -100.27246666830078, 25.653801683858397 ], [ -100.272356406789626, 25.653710284140672 ], [ -100.272241316646543, 25.653623932948239 ], [ -100.27211782812185, 25.65354767357724 ], [ -100.271991968493253, 25.653474682671035 ], [ -100.271744127957632, 25.653323483740046 ], [ -100.271639148091708, 25.653254913959316 ], [ -100.271496007086668, 25.653184904968754 ], [ -100.271359548250118, 25.653130934111573 ], [ -100.271096827428906, 25.653001873573441 ], [ -100.270973257246212, 25.652925752961377 ], [ -100.270854807107042, 25.652843164580538 ], [ -100.27082905784188, 25.652833272820313 ], [ -100.270717258277784, 25.652790305091418 ], [ -100.270598058393674, 25.65270865347545 ], [ -100.270476597944494, 25.652629783516481 ], [ -100.270221177015401, 25.652489183539668 ], [ -100.269945327542416, 25.652385013413795 ], [ -100.269870007916907, 25.652349532655823 ], [ -100.269774127249235, 25.652304382648584 ], [ -100.269724467447631, 25.652280994228942 ], [ -100.269680147383511, 25.652260113266639 ], [ -100.269552967769243, 25.65218904428496 ], [ -100.269320367599136, 25.652019014045869 ], [ -100.269061977693966, 25.651882934012253 ], [ -100.268948928010516, 25.651794392967098 ], [ -100.26886889804652, 25.651709044057117 ], [ -100.268736888291144, 25.651605023115945 ], [ -100.268652948829924, 25.651522814203393 ], [ -100.268517468084809, 25.651422754339137 ], [ -100.268403007135063, 25.651335713129587 ], [ -100.268291579077029, 25.651245483119954 ], [ -100.268190578440084, 25.651145683302087 ], [ -100.268123719510726, 25.651024564595978 ], [ -100.268100399185045, 25.650911954503275 ], [ -100.268089268830778, 25.650776903632494 ], [ -100.268086092846389, 25.6506425003824 ], [ -100.268086069104001, 25.650641503254935 ], [ -100.268103058631297, 25.650355044868469 ], [ -100.268103088194408, 25.650354553561183 ], [ -100.26810255510533, 25.650220681711591 ], [ -100.268102548969466, 25.650219114230708 ], [ -100.26811792785351, 25.650101534231521 ], [ -100.268162527862799, 25.64997228352653 ], [ -100.268212888441127, 25.649907304495859 ], [ -100.268248399263669, 25.649861454447443 ], [ -100.268352967835071, 25.649764717160092 ], [ -100.268465348297966, 25.649675474223841 ], [ -100.26854599783114, 25.649561454801614 ], [ -100.268660498454381, 25.649474473562446 ], [ -100.268761467754999, 25.649374654289748 ], [ -100.268867828349457, 25.649279534496863 ], [ -100.268996368294253, 25.649210483339584 ], [ -100.269125688416878, 25.649142654268481 ], [ -100.269219917973317, 25.64909350420071 ], [ -100.269385398324999, 25.649008703721439 ], [ -100.26951836811898, 25.648946934459108 ], [ -100.269797227709788, 25.648849645044884 ], [ -100.269936567321892, 25.648799794125154 ], [ -100.270070597742802, 25.648743715150356 ], [ -100.270206168366855, 25.648686794812054 ], [ -100.270407487632482, 25.648604644570646 ], [ -100.270480288201796, 25.648589444204081 ], [ -100.270778977627003, 25.648581315190118 ], [ -100.270926917121557, 25.648600285101015 ], [ -100.271075607967717, 25.648613554897597 ], [ -100.271224977496061, 25.648616654654969 ], [ -100.271374397833569, 25.648617514365974 ], [ -100.271673207951679, 25.648616564433762 ], [ -100.271822626850224, 25.648615424525634 ], [ -100.27197012691758, 25.648593915241552 ], [ -100.27209600746724, 25.648520955697045 ], [ -100.272229868634852, 25.648454703894732 ], [ -100.272353468675547, 25.648362284374734 ], [ -100.272462027200518, 25.648285853611682 ], [ -100.272720666785091, 25.648150195093841 ], [ -100.272847657178829, 25.648078825351909 ], [ -100.272967177290496, 25.647997564917763 ], [ -100.273078087950509, 25.647906814996666 ], [ -100.273195666608871, 25.647823274589243 ], [ -100.273311116805743, 25.647737305314184 ], [ -100.273424886914214, 25.64764950619907 ], [ -100.273553776472227, 25.647581024750725 ], [ -100.273644836835572, 25.64754182518093 ], [ -100.273778096438761, 25.647441534942221 ], [ -100.273883256939925, 25.64736404473306 ], [ -100.274012366600175, 25.647295904546905 ], [ -100.274121577971954, 25.647203475384398 ], [ -100.274158929918613, 25.647159235934442 ], [ -100.274169774156846, 25.647146392193378 ], [ -100.274212367349207, 25.647095934790116 ], [ -100.274241293188396, 25.64704875248886 ], [ -100.274248368459482, 25.647037207374325 ], [ -100.274284912859827, 25.646977580617925 ], [ -100.274284927192923, 25.646977556283353 ], [ -100.274286959340742, 25.646963710255577 ], [ -100.274287447868531, 25.646960380287734 ], [ -100.274289046513587, 25.64694948839373 ], [ -100.274293931729204, 25.646916193249115 ], [ -100.274304626375255, 25.646843304365039 ], [ -100.274315127010681, 25.646708214655366 ], [ -100.274902597321187, 25.646635254221241 ], [ -100.274770747636296, 25.647212823824507 ], [ -100.274718347633083, 25.64746828465125 ], [ -100.274673147458799, 25.647792674116335 ], [ -100.274647857395664, 25.648359554206092 ], [ -100.274639598160775, 25.648939213499499 ], [ -100.274638028039504, 25.649184474036133 ], [ -100.274644767220039, 25.649350933784355 ], [ -100.274641167518155, 25.64941125357193 ], [ -100.274643297560601, 25.649473194180189 ], [ -100.274733267249701, 25.649860823860973 ], [ -100.274830777872765, 25.65004005334152 ], [ -100.275013807474679, 25.650290784048885 ], [ -100.275198917197173, 25.650506303945072 ], [ -100.275231467941239, 25.650544213179291 ], [ -100.275400767780283, 25.650723733108443 ], [ -100.275730637741532, 25.651135473030426 ], [ -100.276115367305977, 25.651573623118889 ], [ -100.276462827339273, 25.652008133343553 ], [ -100.276954947172882, 25.65260775289509 ], [ -100.277113696699899, 25.652898963383151 ], [ -100.277150126983187, 25.653020652853812 ], [ -100.277646147030765, 25.65372531310495 ], [ -100.277788286659927, 25.653916132943834 ], [ -100.278170486941491, 25.654429182888109 ], [ -100.278972456106459, 25.655421643098666 ], [ -100.280016225700464, 25.656805622763915 ], [ -100.280458346288512, 25.657398851987235 ], [ -100.280582745970477, 25.657564312184462 ], [ -100.280767886337102, 25.657820982390636 ], [ -100.280913766287895, 25.658019952110863 ], [ -100.281420485944906, 25.658697841904665 ], [ -100.281890485621986, 25.659325931535324 ], [ -100.282288975930996, 25.660237421460348 ], [ -100.280308655769645, 25.660330252560772 ], [ -100.280005065590089, 25.660332752667191 ], [ -100.279504606125641, 25.660299191366033 ], [ -100.279221166121346, 25.660280181337608 ], [ -100.278849625955004, 25.660255252755523 ], [ -100.278424596637606, 25.660242281471529 ] ] ] } },
{ "type": "Feature", "properties": { "cvegeo": "1903900012063", "municipality": "Monterrey", "residents": 2407, "residents_18_24": 232.0, "share_18_24": 0.096 }, "geometry": { "type": "Polygon", "coordinates": [ [ [ -100.299988391060438, 25.652729703992005 ], [ -100.299375021686686, 25.651994753734172 ], [ -100.298810911644424, 25.651349853920095 ], [ -100.298272392149357, 25.650737684465806 ], [ -100.298215082119953, 25.650675624370205 ], [ -100.29740969235408, 25.649757334323727 ], [ -100.297406252574945, 25.649304504277055 ], [ -100.297393621048656, 25.649096855090903 ], [ -100.297379021922865, 25.648656955605723 ], [ -100.297368850980561, 25.648065255097134 ], [ -100.298675790936386, 25.648202705736928 ], [ -100.298784740569801, 25.6482133959741 ], [ -100.30053286139416, 25.648384915116935 ], [ -100.302145320911464, 25.648570104468845 ], [ -100.303680850652668, 25.648736564302141 ], [ -100.305189890316257, 25.648893304632779 ], [ -100.306742049881507, 25.649052444889485 ], [ -100.306703199563842, 25.649269914527508 ], [ -100.306612510356544, 25.649664874523864 ], [ -100.306479420226196, 25.650273904186228 ], [ -100.305024170452242, 25.650112074513395 ], [ -100.303528830435809, 25.649958214591006 ], [ -100.303464030783545, 25.650256914013823 ], [ -100.303380320624754, 25.650646554295392 ], [ -100.303278310744361, 25.651135134024486 ], [ -100.303239390848887, 25.651328614456062 ], [ -100.303080620827771, 25.651999423888913 ], [ -100.302131340932988, 25.651832273821977 ], [ -100.301997420714883, 25.652411593658051 ], [ -100.301940741186598, 25.652680593821518 ], [ -100.301876591112304, 25.652986333263037 ], [ -100.30175805102472, 25.653548753786019 ], [ -100.300538921222881, 25.653331753827079 ], [ -100.299988391060438, 25.652729703992005 ] ] ] } },
{ "type": "Feature", "properties": { "cvegeo": "1903900011760", "municipality": "Monterrey", "residents": 1986, "residents_18_24": 198.0, "share_18_24": 0.1 }, "geometry": { "type": "Polygon", "coordinates": [ [ [ -100.297348322016319, 25.66621167045875 ], [ -100.297284741453581, 25.665932161370996 ], [ -100.297278802081252, 25.665681900892782 ], [ -100.29727062207553, 25.664791411142158 ], [ -100.2972589117349, 25.663582151348979 ], [ -100.297249111605424, 25.662673021720249 ], [ -100.297225161941824, 25.6625607615007 ], [ -100.297220742224624, 25.661750591896059 ], [ -100.297197262035965, 25.660909081891251 ], [ -100.297182862035726, 25.660012381980316 ], [ -100.297227883770788, 25.659682214390635 ], [ -100.2972587916084, 25.659621282388208 ], [ -100.297405292318814, 25.65981924252397 ], [ -100.297590751708256, 25.659932057851659 ], [ -100.297690569249283, 25.66001590538071 ], [ -100.297795974667622, 25.660112808382845 ], [ -100.297945661977778, 25.660121792017744 ], [ -100.298332521489357, 25.660207182560203 ], [ -100.299271621137763, 25.660382852287729 ], [ -100.300227090813635, 25.660575812055498 ], [ -100.301167601003073, 25.66074870181485 ], [ -100.302135370329012, 25.660930312245306 ], [ -100.303062390212247, 25.661103132063023 ], [ -100.304023710778608, 25.661281102388394 ], [ -100.304988479667358, 25.661445112398152 ], [ -100.305927488514342, 25.661591612963573 ], [ -100.307320659388637, 25.661837642583723 ], [ -100.306865138241989, 25.661950551513353 ], [ -100.306398029856794, 25.662093013108269 ], [ -100.305919029806972, 25.662264552331155 ], [ -100.305494450226192, 25.662462641890809 ], [ -100.304680689293505, 25.662906212238333 ], [ -100.304336119703095, 25.663113312047457 ], [ -100.303925390300094, 25.663383672114801 ], [ -100.30350076054448, 25.663686302046312 ], [ -100.303305849746025, 25.663821052575162 ], [ -100.302350219752327, 25.664502012399083 ], [ -100.302307279712025, 25.664530621041038 ], [ -100.301227569702164, 25.665233391555407 ], [ -100.300837190292057, 25.665465111691521 ], [ -100.300411079926562, 25.665647441637834 ], [ -100.300064430992364, 25.665777051587536 ], [ -100.299786990954971, 25.665874701430514 ], [ -100.299031990235065, 25.666148311690264 ], [ -100.297944960838592, 25.666511101021843 ], [ -100.297512341910192, 25.66667099057468 ], [ -100.297387880727086, 25.666351992011773 ], [ -100.297348322016319, 25.66621167045875 ] ] ] } },
{ "type": "Feature", "properties": { "cvegeo": "1903900011934", "municipality": "Monterrey", "residents": 2171, "residents_18_24": 330.0, "share_18_24": 0.152 }, "geometry": { "type": "Polygon", "coordinates": [ [ [ -100.28410017547084, 25.653034052890508 ], [ -100.284150915772173, 25.652862383241679 ], [ -100.284364065530738, 25.652340533292215 ], [ -100.284463255491261, 25.65218498305331 ], [ -100.284694545318786, 25.651911903202102 ], [ -100.285652484815259, 25.651175283756011 ], [ -100.286414455107334, 25.650626993628897 ], [ -100.289713373771932, 25.65353653308793 ], [ -100.290039863892758, 25.653827713530948 ], [ -100.290811053504186, 25.654515553433271 ], [ -100.290842233428819, 25.654544273152343 ], [ -100.291469053850378, 25.655106673213108 ], [ -100.291512223426381, 25.655140952829413 ], [ -100.292183323364057, 25.655712423155908 ], [ -100.293010602802866, 25.656392412614885 ], [ -100.29290496269644, 25.65646445288737 ], [ -100.292538053281376, 25.656798102438536 ], [ -100.292356923605439, 25.656938082985235 ], [ -100.292088092898837, 25.657056482893321 ], [ -100.291641943078019, 25.657392812484549 ], [ -100.291295093385699, 25.657737842374228 ], [ -100.290962623788502, 25.658085052211984 ], [ -100.290641794001345, 25.658417712590513 ], [ -100.290469283623736, 25.658589222673825 ], [ -100.289845923593688, 25.659269731980689 ], [ -100.289815514096745, 25.659314512328343 ], [ -100.289767514066384, 25.659450351876757 ], [ -100.289773023669539, 25.659856822289349 ], [ -100.289720164166141, 25.659860791716529 ], [ -100.289377403461785, 25.659868762350957 ], [ -100.287696794131961, 25.659945252333852 ], [ -100.287305884073191, 25.659968751499218 ], [ -100.286548883880883, 25.660011952976159 ], [ -100.286448174674845, 25.660043422247949 ], [ -100.286440364743044, 25.660040652777262 ], [ -100.286198744036028, 25.660059272158662 ], [ -100.285913794166234, 25.660081192468216 ], [ -100.28492320523614, 25.660115713079779 ], [ -100.283973693759819, 25.660146421579746 ], [ -100.283994625195987, 25.659288881659599 ], [ -100.284008265122807, 25.658767192126714 ], [ -100.284019765026073, 25.6584389018034 ], [ -100.28404796480757, 25.657569982462253 ], [ -100.284063124949981, 25.656687332422994 ], [ -100.284074924851254, 25.654721912847688 ], [ -100.284076455553816, 25.654468212812741 ], [ -100.284075125073812, 25.654004363007576 ], [ -100.284082635069467, 25.653519843476111 ], [ -100.28410017547084, 25.653034052890508 ] ] ] } },
{ "type": "Feature", "properties": { "cvegeo": "190390001192A", "municipality": "Monterrey", "residents": 2553, "residents_18_24": 263.0, "share_18_24": 0.103 }, "geometry": { "type": "Polygon", "coordinates": [ [ [ -100.297189051398021, 25.662670021619245 ], [ -100.29680988172008, 25.66260235173279 ], [ -100.295909742285815, 25.66240619152358 ], [ -100.295580402756286, 25.66233791147398 ], [ -100.294738912950862, 25.662157391665392 ], [ -100.294473202584314, 25.662102021195896 ], [ -100.294378222876631, 25.662035841697787 ], [ -100.293856122346384, 25.661688711415653 ], [ -100.293505322377698, 25.661466251489955 ], [ -100.292733543231947, 25.660989151480337 ], [ -100.292103082726058, 25.660595412207314 ], [ -100.29164186346803, 25.660310381734178 ], [ -100.29148106340169, 25.660164482170874 ], [ -100.291269123574139, 25.660112842395822 ], [ -100.290212604065729, 25.659855362019101 ], [ -100.289773023669539, 25.659856822289349 ], [ -100.289767514066384, 25.659450351876757 ], [ -100.289815514096745, 25.659314512328343 ], [ -100.289845923593688, 25.659269731980689 ], [ -100.290469283623736, 25.658589222673825 ], [ -100.290641794001345, 25.658417712590513 ], [ -100.290962623788502, 25.658085052211984 ], [ -100.291295093385699, 25.657737842374228 ], [ -100.291641943078019, 25.657392812484549 ], [ -100.292088092898837, 25.657056482893321 ], [ -100.292356923605439, 25.656938082985235 ], [ -100.292538053281376, 25.656798102438536 ], [ -100.29290496269644, 25.65646445288737 ], [ -100.293010602802866, 25.656392412614885 ], [ -100.293996993165308, 25.657209622345523 ], [ -100.294128033198277, 25.657318413004134 ], [ -100.295224482565075, 25.658247152870089 ], [ -100.295407492058303, 25.658424592545096 ], [ -100.296243022235458, 25.659107012344879 ], [ -100.296869112245076, 25.659633501925967 ], [ -100.297182862035726, 25.660012381980316 ], [ -100.297197262035965, 25.660909081891251 ], [ -100.297220742224624, 25.661750591896059 ], [ -100.297225161941824, 25.6625607615007 ], [ -100.297249111605424, 25.662673021720249 ], [ -100.297189051398021, 25.662670021619245 ] ] ] } },
{ "type": "Feature", "properties": { "cvegeo": "1903900012044", "municipality": "Monterrey", "residents": 1920, "residents_18_24": 189.0, "share_18_24": 0.098 }, "geometry": { "type": "Polygon", "coordinates": [ [ [ -100.311298888338897, 25.650548104640837 ], [ -100.311258519275512, 25.65073582437654 ], [ -100.311221568821423, 25.650929154473861 ], [ -100.311151659325176, 25.651285024238184 ], [ -100.311084488670417, 25.651645734178278 ], [ -100.311007478618677, 25.652055934479186 ], [ -100.310973619004514, 25.652229914281367 ], [ -100.310938398839212, 25.652410704274558 ], [ -100.310871539190003, 25.652734914199129 ], [ -100.310673278916326, 25.65271258368864 ], [ -100.309408139467678, 25.652501083889373 ], [ -100.309306309725855, 25.652997913698606 ], [ -100.309216369691612, 25.65341916413086 ], [ -100.309091509673536, 25.654016623588404 ], [ -100.308598909402249, 25.653943213812475 ], [ -100.308199059563137, 25.653869703924983 ], [ -100.307912189160604, 25.653813733816857 ], [ -100.307676829842237, 25.653767823767222 ], [ -100.307640599904474, 25.653766363215023 ], [ -100.306732059774433, 25.653588473779241 ], [ -100.305779880226467, 25.653401623521038 ], [ -100.305928679665811, 25.65277287396891 ], [ -100.305986880409094, 25.652510993800281 ], [ -100.306060890370247, 25.652177814341346 ], [ -100.306175480204828, 25.651649444463757 ], [ -100.306194460376787, 25.651578953778898 ], [ -100.306335619653979, 25.650983794168855 ], [ -100.306371389816206, 25.650808183812426 ], [ -100.306457489816964, 25.650384904671775 ], [ -100.307489079965279, 25.650577714106856 ], [ -100.307716189507005, 25.650623684229444 ], [ -100.308077459479591, 25.650696793983137 ], [ -100.308661879083189, 25.650804644305797 ], [ -100.309187599505492, 25.650915814555592 ], [ -100.309205479208075, 25.650863704276549 ], [ -100.309786029495214, 25.650551644284128 ], [ -100.309773508943749, 25.65049478451829 ], [ -100.309784789578757, 25.650113874259716 ], [ -100.310402428987643, 25.650208914287429 ], [ -100.311334619223985, 25.650359584317869 ], [ -100.311298888338897, 25.650548104640837 ] ] ] } },
{ "type": "Feature", "properties": { "cvegeo": "1903900012078", "municipality": "Monterrey", "residents": 2179, "residents_18_24": 224.0, "share_18_24": 0.103 }, "geometry": { "type": "Polygon", "coordinates": [ [ [ -100.308661879083189, 25.650804644305797 ], [ -100.308077459479591, 25.650696793983137 ], [ -100.307716189507005, 25.650623684229444 ], [ -100.307489079965279, 25.650577714106856 ], [ -100.306457489816964, 25.650384904671775 ], [ -100.306479420226196, 25.650273904186228 ], [ -100.306612510356544, 25.649664874523864 ], [ -100.306703199563842, 25.649269914527508 ], [ -100.306742049881507, 25.649052444889485 ], [ -100.305189890316257, 25.648893304632779 ], [ -100.303680850652668, 25.648736564302141 ], [ -100.302145320911464, 25.648570104468845 ], [ -100.30053286139416, 25.648384915116935 ], [ -100.300621190205703, 25.647807025269092 ], [ -100.300688391391276, 25.647199784982462 ], [ -100.300385621708671, 25.647166514398645 ], [ -100.299360020610493, 25.647053886061265 ], [ -100.299429220220148, 25.646517825076238 ], [ -100.299482861742291, 25.646065485971114 ], [ -100.299547600287852, 25.645555195399307 ], [ -100.29960225143725, 25.64508956550933 ], [ -100.299614621525123, 25.644963535982189 ], [ -100.299660230176215, 25.644611415538478 ], [ -100.302211849456882, 25.644863516144952 ], [ -100.302080309485561, 25.644626736381063 ], [ -100.301992391485413, 25.644420985614527 ], [ -100.302522521326424, 25.644395015619086 ], [ -100.303210120273974, 25.644333225370765 ], [ -100.303259090889512, 25.644304675336816 ], [ -100.303570140236801, 25.644803415824814 ], [ -100.303705429480388, 25.645035766261191 ], [ -100.304557200924108, 25.646450796032155 ], [ -100.304949229005047, 25.647107595407153 ], [ -100.305077830239668, 25.647322755282591 ], [ -100.305225789886435, 25.647287075165728 ], [ -100.305330060326042, 25.647267024695175 ], [ -100.305438080603793, 25.647252104779533 ], [ -100.305576119810837, 25.647268714834048 ], [ -100.305647260380596, 25.647296104549639 ], [ -100.305790739167449, 25.647344534536256 ], [ -100.306111120318903, 25.646892364791714 ], [ -100.306350860448134, 25.646536445383131 ], [ -100.307202599277943, 25.646990585970503 ], [ -100.307547660297899, 25.647203194966611 ], [ -100.30797547900211, 25.647496315083785 ], [ -100.308128790169718, 25.647631074771855 ], [ -100.308940259112418, 25.648344364585849 ], [ -100.309068339763826, 25.648495054701108 ], [ -100.309289679242369, 25.648753054839165 ], [ -100.309481288940944, 25.649007424359667 ], [ -100.309583689281865, 25.649217884615698 ], [ -100.309749649048143, 25.649675684795927 ], [ -100.309773658970343, 25.649906484625475 ], [ -100.309784789578757, 25.650113874259716 ], [ -100.309773508943749, 25.65049478451829 ], [ -100.309786029495214, 25.650551644284128 ], [ -100.309205479208075, 25.650863704276549 ], [ -100.309187599505492, 25.650915814555592 ], [ -100.308661879083189, 25.650804644305797 ] ] ] } },
{ "type": "Feature", "properties": { "cvegeo": "1903900011991", "municipality": "Monterrey", "residents": 3236, "residents_18_24": 361.0, "share_18_24": 0.112 }, "geometry": { "type": "Polygon", "coordinates": [ [ [ -100.303849940588591, 25.65752587267864 ], [ -100.302929190477812, 25.657354642391471 ], [ -100.301970251101721, 25.657179363203234 ], [ -100.30102503138599, 25.65700682328465 ], [ -100.300077660967645, 25.656834392437769 ], [ -100.299192171583016, 25.656668963196278 ], [ -100.299140261810308, 25.656634053000225 ], [ -100.299306121900756, 25.655795853247501 ], [ -100.299317251262764, 25.655748613354085 ], [ -100.299505661443362, 25.654955182900014 ], [ -100.29958703191204, 25.654605192879973 ], [ -100.299656401359613, 25.654274273564276 ], [ -100.299676461459541, 25.654173703555823 ], [ -100.299698791475848, 25.654064473707976 ], [ -100.299806261484349, 25.65356930350158 ], [ -100.299953661552124, 25.652896053729169 ], [ -100.299988391060438, 25.652729703992005 ], [ -100.300538921222881, 25.653331753827079 ], [ -100.30175805102472, 25.653548753786019 ], [ -100.301876591112304, 25.652986333263037 ], [ -100.301940741186598, 25.652680593821518 ], [ -100.301997420714883, 25.652411593658051 ], [ -100.302131340932988, 25.651832273821977 ], [ -100.303080620827771, 25.651999423888913 ], [ -100.303239390848887, 25.651328614456062 ], [ -100.303278310744361, 25.651135134024486 ], [ -100.303380320624754, 25.650646554295392 ], [ -100.303464030783545, 25.650256914013823 ], [ -100.303528830435809, 25.649958214591006 ], [ -100.305024170452242, 25.650112074513395 ], [ -100.306479420226196, 25.650273904186228 ], [ -100.306457489816964, 25.650384904671775 ], [ -100.306371389816206, 25.650808183812426 ], [ -100.306335619653979, 25.650983794168855 ], [ -100.306194460376787, 25.651578953778898 ], [ -100.306175480204828, 25.651649444463757 ], [ -100.306060890370247, 25.652177814341346 ], [ -100.305986880409094, 25.652510993800281 ], [ -100.305928679665811, 25.65277287396891 ], [ -100.305779880226467, 25.653401623521038 ], [ -100.305608319821388, 25.654235583104921 ], [ -100.305425999672281, 25.655085903531148 ], [ -100.305230629739583, 25.65597430337036 ], [ -100.305019829988169, 25.656840052879119 ], [ -100.304822880146304, 25.657707212554381 ], [ -100.303849940588591, 25.65752587267864 ] ] ] } },
{ "type": "Feature", "properties": { "cvegeo": "1903900012006", "municipality": "Monterrey", "residents": 1972, "residents_18_24": 270.0, "share_18_24": 0.137 }, "geometry": { "type": "Polygon", "coordinates": [ [ [ -100.292412203029954, 25.651496483854189 ], [ -100.292608793653528, 25.651322984785583 ], [ -100.292680142160933, 25.651259993417153 ], [ -100.29326236338558, 25.650803843606887 ], [ -100.293669692188573, 25.651440764488413 ], [ -100.295302492380841, 25.650096454255284 ], [ -100.29562303222319, 25.65043385464001 ], [ -100.295885491795573, 25.650707393569164 ], [ -100.296225721492377, 25.65039099394318 ], [ -100.296786092374703, 25.649862104830508 ], [ -100.297168991864964, 25.649507534002243 ], [ -100.29740969235408, 25.649757334323727 ], [ -100.298215082119953, 25.650675624370205 ], [ -100.298272392149357, 25.650737684465806 ], [ -100.298810911644424, 25.651349853920095 ], [ -100.299375021686686, 25.651994753734172 ], [ -100.299988391060438, 25.652729703992005 ], [ -100.299953661552124, 25.652896053729169 ], [ -100.299806261484349, 25.65356930350158 ], [ -100.299698791475848, 25.654064473707976 ], [ -100.299676461459541, 25.654173703555823 ], [ -100.299656401359613, 25.654274273564276 ], [ -100.29958703191204, 25.654605192879973 ], [ -100.299505661443362, 25.654955182900014 ], [ -100.299317251262764, 25.655748613354085 ], [ -100.299306121900756, 25.655795853247501 ], [ -100.299140261810308, 25.656634053000225 ], [ -100.298929191994148, 25.657588902940926 ], [ -100.298735691563195, 25.658446392869923 ], [ -100.298715001425535, 25.658507212833605 ], [ -100.29850572122686, 25.659387112573359 ], [ -100.298440281726201, 25.659372752214342 ], [ -100.298388361626863, 25.65929124247457 ], [ -100.297599461528932, 25.659585552468794 ], [ -100.2972587916084, 25.659621282388208 ], [ -100.297165402157773, 25.659356822034027 ], [ -100.297045031658939, 25.658994852538587 ], [ -100.296925681605515, 25.658738752256049 ], [ -100.296842142060214, 25.658563682171831 ], [ -100.296434632429538, 25.65793470279856 ], [ -100.295629681964556, 25.656655752773336 ], [ -100.295606312284292, 25.65661775277928 ], [ -100.295104852294358, 25.655822912867148 ], [ -100.294421723003381, 25.654740713532242 ], [ -100.294125362503166, 25.654264673105821 ], [ -100.293011432792326, 25.652475414021751 ], [ -100.292821322992339, 25.652170074069861 ], [ -100.292542882953185, 25.651711614110649 ], [ -100.292412203029954, 25.651496483854189 ] ] ] } },
{ "type": "Feature", "properties": { "cvegeo": "1903900011775", "municipality": "Monterrey", "residents": 3247, "residents_18_24": 337.0, "share_18_24": 0.104 }, "geometry": { "type": "Polygon", "coordinates": [ [ [ -100.289989693754507, 25.664128380806901 ], [ -100.290405363535271, 25.664078501295062 ], [ -100.290838112966881, 25.664030871443888 ], [ -100.29124794289686, 25.663985271447544 ], [ -100.291627222856306, 25.663946880941744 ], [ -100.291678922860712, 25.663973911527631 ], [ -100.291721973047927, 25.664065781268384 ], [ -100.29209525257923, 25.664025440909402 ], [ -100.29250442284706, 25.663986590836338 ], [ -100.292739942475094, 25.663961811456627 ], [ -100.292800452973751, 25.663207381240259 ], [ -100.292565882778774, 25.663191381505221 ], [ -100.292135742657763, 25.663164700930047 ], [ -100.291847563032263, 25.66314362161522 ], [ -100.291896312688536, 25.662647041415095 ], [ -100.291950922839135, 25.662163791804481 ], [ -100.291967573206108, 25.662000471618377 ], [ -100.291998543062945, 25.661642361940842 ], [ -100.292761022909247, 25.661802011682148 ], [ -100.293536192551201, 25.661952561614605 ], [ -100.294385693005694, 25.662099381789208 ], [ -100.294473202584314, 25.662102021195896 ], [ -100.294738912950862, 25.662157391665392 ], [ -100.295580402756286, 25.66233791147398 ], [ -100.295909742285815, 25.66240619152358 ], [ -100.29680988172008, 25.66260235173279 ], [ -100.297189051398021, 25.662670021619245 ], [ -100.297249111605424, 25.662673021720249 ], [ -100.2972589117349, 25.663582151348979 ], [ -100.29727062207553, 25.664791411142158 ], [ -100.297278802081252, 25.665681900892782 ], [ -100.297284741453581, 25.665932161370996 ], [ -100.297348322016319, 25.66621167045875 ], [ -100.297249590826425, 25.666415841000251 ], [ -100.297174621590671, 25.666532421655194 ], [ -100.297055771408168, 25.666619790945848 ], [ -100.296724371942645, 25.666657050811683 ], [ -100.295806892017993, 25.666734041515749 ], [ -100.294856312243454, 25.666807051106282 ], [ -100.293868371686997, 25.666869311775336 ], [ -100.293148852297165, 25.666914751410918 ], [ -100.292860252195737, 25.666928241030121 ], [ -100.292089222303602, 25.666985390790909 ], [ -100.291895882424413, 25.666999471352948 ], [ -100.291685432689846, 25.667009580929832 ], [ -100.291197572558616, 25.667039011163396 ], [ -100.2905613633298, 25.667072100176835 ], [ -100.289996542534496, 25.667094210805349 ], [ -100.289512883291707, 25.66712676069541 ], [ -100.289522623523638, 25.667057880851679 ], [ -100.289606622158573, 25.666167191926384 ], [ -100.289630082636322, 25.665664301888118 ], [ -100.289649713659855, 25.665243551335781 ], [ -100.289693833346504, 25.66470538203739 ], [ -100.289750163245131, 25.664590480857637 ], [ -100.289883093481194, 25.664370991195558 ], [ -100.289966263275687, 25.664233701738329 ], [ -100.289989693754507, 25.664128380806901 ] ] ] } },
{ "type": "Feature", "properties": { "cvegeo": "190390001178A", "municipality": "Monterrey", "residents": 2085, "residents_18_24": 201.0, "share_18_24": 0.096 }, "geometry": { "type": "Polygon", "coordinates": [ [ [ -100.290038493609984, 25.663042021664847 ], [ -100.289816203629044, 25.663024252073598 ], [ -100.289186313563363, 25.662981561953487 ], [ -100.287616633066321, 25.662868702278633 ], [ -100.287167794019467, 25.662835951671521 ], [ -100.287199803330068, 25.662304592580323 ], [ -100.287227483036247, 25.661742681116845 ], [ -100.287232144032743, 25.66168867269279 ], [ -100.287247562886023, 25.661324111290597 ], [ -100.287296514749897, 25.660189442022652 ], [ -100.287305884073191, 25.659968751499218 ], [ -100.287696794131961, 25.659945252333852 ], [ -100.289377403461785, 25.659868762350957 ], [ -100.289720164166141, 25.659860791716529 ], [ -100.289773023669539, 25.659856822289349 ], [ -100.290212604065729, 25.659855362019101 ], [ -100.291269123574139, 25.660112842395822 ], [ -100.29148106340169, 25.660164482170874 ], [ -100.29164186346803, 25.660310381734178 ], [ -100.292103082726058, 25.660595412207314 ], [ -100.292733543231947, 25.660989151480337 ], [ -100.293505322377698, 25.661466251489955 ], [ -100.293856122346384, 25.661688711415653 ], [ -100.294378222876631, 25.662035841697787 ], [ -100.294473202584314, 25.662102021195896 ], [ -100.294385693005694, 25.662099381789208 ], [ -100.293536192551201, 25.661952561614605 ], [ -100.292761022909247, 25.661802011682148 ], [ -100.291998543062945, 25.661642361940842 ], [ -100.291967573206108, 25.662000471618377 ], [ -100.291950922839135, 25.662163791804481 ], [ -100.291896312688536, 25.662647041415095 ], [ -100.291847563032263, 25.66314362161522 ], [ -100.292135742657763, 25.663164700930047 ], [ -100.292565882778774, 25.663191381505221 ], [ -100.292800452973751, 25.663207381240259 ], [ -100.292739942475094, 25.663961811456627 ], [ -100.29250442284706, 25.663986590836338 ], [ -100.29209525257923, 25.664025440909402 ], [ -100.291721973047927, 25.664065781268384 ], [ -100.291678922860712, 25.663973911527631 ], [ -100.291627222856306, 25.663946880941744 ], [ -100.29124794289686, 25.663985271447544 ], [ -100.290838112966881, 25.664030871443888 ], [ -100.290405363535271, 25.664078501295062 ], [ -100.289989693754507, 25.664128380806901 ], [ -100.290038493609984, 25.663042021664847 ] ] ] } },
{ "type": "Feature", "properties": { "cvegeo": "1903900011811", "municipality": "Monterrey", "residents": 3726, "residents_18_24": 371.0, "share_18_24": 0.1 }, "geometry": { "type": "Polygon", "coordinates": [ [ [ -100.278336966301069, 25.666476591010561 ], [ -100.277995595383317, 25.666431679982594 ], [ -100.277049166194928, 25.666309810398879 ], [ -100.276035426516245, 25.666195160353929 ], [ -100.275909376702714, 25.666178729955927 ], [ -100.275097497472188, 25.666065420383315 ], [ -100.274637196056943, 25.666085451622372 ], [ -100.274332746405662, 25.666101071231036 ], [ -100.273182496471648, 25.666156411315978 ], [ -100.271833297878018, 25.66623362019525 ], [ -100.27179980741046, 25.665691391488799 ], [ -100.271769606458605, 25.665274381433552 ], [ -100.271746657926187, 25.664858350242159 ], [ -100.271727948302214, 25.664469330218751 ], [ -100.271727627513627, 25.664293391968521 ], [ -100.271803967570662, 25.664207071956646 ], [ -100.271886946988602, 25.663949591806116 ], [ -100.271879096557086, 25.663732931420391 ], [ -100.271882516811701, 25.6634648513933 ], [ -100.27186532734116, 25.663243310549881 ], [ -100.271856548264395, 25.662879710885566 ], [ -100.272050177119183, 25.663006531449202 ], [ -100.272698426866427, 25.662975510536533 ], [ -100.272924606822798, 25.662967762157795 ], [ -100.272884207471776, 25.662801701363211 ], [ -100.272900607881908, 25.662738841586851 ], [ -100.272994287156337, 25.662610241659291 ], [ -100.27318063812281, 25.662364882244244 ], [ -100.273260207375586, 25.662241151443347 ], [ -100.2734953664459, 25.661922761674866 ], [ -100.273522036706595, 25.661884791082027 ], [ -100.273799837170827, 25.661573701622451 ], [ -100.273593716744131, 25.661403450992154 ], [ -100.27275016648197, 25.660819612095661 ], [ -100.2723371167191, 25.660548071595812 ], [ -100.272459327617838, 25.660398982571696 ], [ -100.27260452659317, 25.660204301541409 ], [ -100.272773966619127, 25.659982841843703 ], [ -100.272835857478142, 25.65992575213124 ], [ -100.274709116937714, 25.659723311986443 ], [ -100.275217256984945, 25.660007681999268 ], [ -100.275950486987981, 25.660146481496984 ], [ -100.27659397717278, 25.660201301466831 ], [ -100.27683457683068, 25.660202841405219 ], [ -100.277331296420314, 25.660216531226439 ], [ -100.277843516431332, 25.660228591298107 ], [ -100.278222746306753, 25.660237531902531 ], [ -100.278424596637606, 25.660242281471529 ], [ -100.278628485306911, 25.660717481512961 ], [ -100.27880040647112, 25.661161652095458 ], [ -100.278968606628155, 25.661588821660263 ], [ -100.279150686306934, 25.662032711982892 ], [ -100.279360345199819, 25.662519181628628 ], [ -100.279697896452845, 25.663183442245419 ], [ -100.279886425244896, 25.663595650576838 ], [ -100.279710655858892, 25.663670221138094 ], [ -100.279585056099961, 25.663723531288475 ], [ -100.279042226032473, 25.663953821066368 ], [ -100.278542596149506, 25.664169960785767 ], [ -100.278170606636266, 25.664330881982195 ], [ -100.277867326622754, 25.664462071122333 ], [ -100.277578575457184, 25.664586990408587 ], [ -100.278205945189526, 25.665186701110329 ], [ -100.278704545219341, 25.665633900932001 ], [ -100.278704856526602, 25.665675841162553 ], [ -100.278813145098923, 25.666060011717381 ], [ -100.278968285509833, 25.666483909997833 ], [ -100.279004266321877, 25.666565281430394 ], [ -100.278629545724485, 25.666515471082413 ], [ -100.278336966301069, 25.666476591010561 ] ] ] } },
{ "type": "Feature", "properties": { "cvegeo": "190390001210A", "municipality": "Monterrey", "residents": 2790, "residents_18_24": 490.0, "share_18_24": 0.176 }, "geometry": { "type": "Polygon", "coordinates": [ [ [ -100.283108805300358, 25.639986196007698 ], [ -100.284638412935308, 25.639158058461962 ], [ -100.284719984507561, 25.639291637000039 ], [ -100.285221493754136, 25.64010006911867 ], [ -100.285803779943095, 25.641013508127173 ], [ -100.285861564484136, 25.641104155777835 ], [ -100.285972425032313, 25.64127661588747 ], [ -100.286160914604011, 25.641579396043245 ], [ -100.286300824443032, 25.64179848565594 ], [ -100.286455494705748, 25.642046356733449 ], [ -100.286522164461985, 25.642150955823375 ], [ -100.286596566054357, 25.642266454539602 ], [ -100.286779331254778, 25.642547997916914 ], [ -100.286991556399727, 25.642894632171735 ], [ -100.287894405103984, 25.644364814999594 ], [ -100.288083544773031, 25.644657585017175 ], [ -100.288398723913843, 25.645156415008884 ], [ -100.288709634482771, 25.645630915725608 ], [ -100.289403923722858, 25.646745445553691 ], [ -100.290090314097384, 25.647865754606755 ], [ -100.289210223894017, 25.648525244395913 ], [ -100.289059364164231, 25.648634824176366 ], [ -100.288361264793551, 25.64916762382569 ], [ -100.287055494406232, 25.650159163483696 ], [ -100.286936454563985, 25.650251513925411 ], [ -100.286389925118982, 25.649596673774081 ], [ -100.285594165415375, 25.648688654235116 ], [ -100.285354654798923, 25.648377054345566 ], [ -100.285257895119514, 25.648252024028807 ], [ -100.284964085141794, 25.647912163908966 ], [ -100.284740094784695, 25.647643483968977 ], [ -100.284621055359906, 25.647504554816702 ], [ -100.284451455524774, 25.647455334331593 ], [ -100.284167515118909, 25.647097084353611 ], [ -100.284139625761838, 25.647045244955624 ], [ -100.284085095723498, 25.6468893542608 ], [ -100.284019655259371, 25.646702284420378 ], [ -100.284004605611614, 25.64665610465898 ], [ -100.283774695778561, 25.646300284690149 ], [ -100.283654485339369, 25.646114245058893 ], [ -100.283333925870821, 25.645636425030812 ], [ -100.283265715401825, 25.645534734363931 ], [ -100.283193895632095, 25.645425454947745 ], [ -100.283153436064239, 25.645377104462206 ], [ -100.282945565347688, 25.645048104646442 ], [ -100.282747365500327, 25.644798794919001 ], [ -100.282369096376527, 25.644358824862486 ], [ -100.282219806198526, 25.64426276525343 ], [ -100.282081175770784, 25.644159884863726 ], [ -100.281714346304398, 25.643943885228733 ], [ -100.281579195717939, 25.643876305473487 ], [ -100.281290656253887, 25.643756965457563 ], [ -100.281109376194593, 25.643687855552297 ], [ -100.280628296141884, 25.643487455418878 ], [ -100.280458666350214, 25.643436315272261 ], [ -100.279993776594353, 25.643296255205563 ], [ -100.279429896587317, 25.643121245376676 ], [ -100.279356666847193, 25.643089045243901 ], [ -100.27897317684004, 25.642914505126779 ], [ -100.278714316681899, 25.642786595620237 ], [ -100.278260037014647, 25.642579015339265 ], [ -100.278192636798366, 25.642545385044656 ], [ -100.27797826663604, 25.6424151356387 ], [ -100.278133917411211, 25.642391115077416 ], [ -100.27879022574875, 25.641989792387125 ], [ -100.279057666422304, 25.64186287590837 ], [ -100.279448656740456, 25.641682956221548 ], [ -100.281128235159855, 25.640912566645923 ], [ -100.281260486191925, 25.640848246011764 ], [ -100.28163725481015, 25.640678316498441 ], [ -100.281845455941024, 25.640580565520114 ], [ -100.282168466326567, 25.640431735416779 ], [ -100.283108805300358, 25.639986196007698 ] ] ] } },
{ "type": "Feature", "properties": { "cvegeo": "1903900012186", "municipality": "Monterrey", "residents": 4169, "residents_18_24": 127.0, "share_18_24": 0.03 }, "geometry": { "type": "Polygon", "coordinates": [ [ [ -100.284638412935308, 25.639158058461962 ], [ -100.284588106573509, 25.639077987054346 ], [ -100.283618294634749, 25.637511966917693 ], [ -100.283403264885663, 25.63717582722018 ], [ -100.282427115752, 25.635599316967088 ], [ -100.282372195013593, 25.635517517321329 ], [ -100.282264395908797, 25.635335827605928 ], [ -100.282164025907392, 25.635178967163412 ], [ -100.281910635814441, 25.634791707089502 ], [ -100.281822115963337, 25.634654767490265 ], [ -100.281272945710484, 25.633809957909882 ], [ -100.28098776528978, 25.633371617582753 ], [ -100.28051006681136, 25.632602357917982 ], [ -100.280091726708946, 25.631955337537427 ], [ -100.280203857143889, 25.631881397707545 ], [ -100.280728836616987, 25.631731827208768 ], [ -100.280936426179778, 25.63169745792376 ], [ -100.281570856609576, 25.631568657793657 ], [ -100.282710596174837, 25.631337258024114 ], [ -100.283459265615861, 25.631174877538179 ], [ -100.28367902576818, 25.631132477525959 ], [ -100.283726746204309, 25.631112858059549 ], [ -100.283986126388839, 25.631344767649598 ], [ -100.284309285680337, 25.631618397510628 ], [ -100.284342455718942, 25.631653197252827 ], [ -100.284589636003574, 25.631873707494876 ], [ -100.284657545213989, 25.63194308801009 ], [ -100.284914895475339, 25.632157247733229 ], [ -100.2850152658214, 25.632248997532404 ], [ -100.285251605721868, 25.632446827313061 ], [ -100.285321805547468, 25.632516847333186 ], [ -100.285482685411395, 25.632651767434446 ], [ -100.285622165414466, 25.632781307778043 ], [ -100.285649545737442, 25.632810857788254 ], [ -100.285834435091232, 25.632976507359647 ], [ -100.285983605723018, 25.63311181705263 ], [ -100.286068635037651, 25.633182017320532 ], [ -100.286339824945131, 25.633418087033935 ], [ -100.286346325119908, 25.633423767725471 ], [ -100.286592364739064, 25.633636736984659 ], [ -100.286742255613149, 25.633765117249105 ], [ -100.28682531559339, 25.633838046907158 ], [ -100.287078924956305, 25.634073307103531 ], [ -100.287214145033275, 25.634187457426592 ], [ -100.287270964818418, 25.634235427488264 ], [ -100.287331804522466, 25.634286787256361 ], [ -100.287462124639077, 25.634398456957793 ], [ -100.28635762434557, 25.635404456583334 ], [ -100.28556945488026, 25.636116756894587 ], [ -100.28575049538297, 25.636615087297987 ], [ -100.28580799418539, 25.636789937908834 ], [ -100.286123545215915, 25.637142707024886 ], [ -100.286274084019709, 25.637316106190166 ], [ -100.286458084697202, 25.637509486753626 ], [ -100.286775714279671, 25.637860986985473 ], [ -100.286899124297932, 25.637983416993315 ], [ -100.286968090284802, 25.638053732800127 ], [ -100.287213794553693, 25.638316136719538 ], [ -100.288124824872625, 25.639298507148816 ], [ -100.285803779943095, 25.641013508127173 ], [ -100.285221493754136, 25.64010006911867 ], [ -100.284719984507561, 25.639291637000039 ], [ -100.284638412935308, 25.639158058461962 ] ] ] } },
{ "type": "Feature", "properties": { "cvegeo": "1903900014712", "municipality": "Monterrey", "residents": 3085, "residents_18_24": 370.0, "share_18_24": 0.12 }, "geometry": { "type": "Polygon", "coordinates": [ [ [ -100.287462124639077, 25.634398456957793 ], [ -100.287331804522466, 25.634286787256361 ], [ -100.287270964818418, 25.634235427488264 ], [ -100.287214145033275, 25.634187457426592 ], [ -100.287078924956305, 25.634073307103531 ], [ -100.28682531559339, 25.633838046907158 ], [ -100.287461285436336, 25.633227486987945 ], [ -100.288200605035186, 25.632508657947458 ], [ -100.288110295350648, 25.632430817568938 ], [ -100.287945824817868, 25.632299397986813 ], [ -100.287735144951768, 25.632109678076212 ], [ -100.287895194937974, 25.631890857538099 ], [ -100.288025065194859, 25.631722567452002 ], [ -100.288104515008882, 25.631620217866903 ], [ -100.288050965061629, 25.631581287963574 ], [ -100.287975175134235, 25.631510188153708 ], [ -100.287932565149845, 25.631452847677558 ], [ -100.287916514795057, 25.631368257494632 ], [ -100.287912315393939, 25.631297737379082 ], [ -100.287867484877935, 25.63121587805492 ], [ -100.287847225108365, 25.631186597759175 ], [ -100.2878097147955, 25.631144418030932 ], [ -100.287715965172566, 25.6310849674345 ], [ -100.287655144884766, 25.631053507406804 ], [ -100.287570624855448, 25.631010318067382 ], [ -100.287740094849624, 25.630732278238472 ], [ -100.287850314625686, 25.630529937736323 ], [ -100.287857205177176, 25.630425507562819 ], [ -100.28785889479694, 25.630404718327782 ], [ -100.28890316455059, 25.6306144478839 ], [ -100.289606495013359, 25.630826708189439 ], [ -100.289982224295727, 25.631083057998719 ], [ -100.290016794253148, 25.631102588293118 ], [ -100.289932854362647, 25.631397339095887 ], [ -100.289850744776629, 25.631687937918006 ], [ -100.289880254127795, 25.63169633899205 ], [ -100.289618344947655, 25.631946967338568 ], [ -100.289317513582148, 25.632187827793249 ], [ -100.289259124114821, 25.632215357575447 ], [ -100.289258654214876, 25.63223570735142 ], [ -100.289038794407503, 25.632435998379425 ], [ -100.289149683400368, 25.632509488191033 ], [ -100.28910842406367, 25.632565768895745 ], [ -100.289122994489773, 25.632571278235595 ], [ -100.28877765477695, 25.633009847494186 ], [ -100.288991033537258, 25.633200078514534 ], [ -100.289202054932844, 25.633391718717728 ], [ -100.289245694671664, 25.633428457440019 ], [ -100.289433463818611, 25.633608737767791 ], [ -100.289687373317804, 25.633838998116545 ], [ -100.289934573739643, 25.634070308448997 ], [ -100.290188483422057, 25.634294907729149 ], [ -100.290435064322509, 25.634520958504563 ], [ -100.290561314267251, 25.634635937805161 ], [ -100.290729633447071, 25.634792877567069 ], [ -100.289432344177314, 25.636023286705584 ], [ -100.289262834197146, 25.6358828479812 ], [ -100.289120823312373, 25.635765197409864 ], [ -100.288853564406409, 25.635556846806171 ], [ -100.288622575140906, 25.635362338197616 ], [ -100.288359404700131, 25.635134358212756 ], [ -100.288210345066091, 25.635021566791053 ], [ -100.288106034450422, 25.634933117392659 ], [ -100.287840174206991, 25.63472138757124 ], [ -100.287825224603012, 25.634709477309805 ], [ -100.287595224785761, 25.634513767707389 ], [ -100.287462124639077, 25.634398456957793 ] ] ] } },
{ "type": "Feature", "properties": { "cvegeo": "1903900011915", "municipality": "Monterrey", "residents": 1171, "residents_18_24": 114.0, "share_18_24": 0.097 }, "geometry": { "type": "Polygon", "coordinates": [ [ [ -100.303062390212247, 25.661103132063023 ], [ -100.302135370329012, 25.660930312245306 ], [ -100.301167601003073, 25.66074870181485 ], [ -100.300227090813635, 25.660575812055498 ], [ -100.299271621137763, 25.660382852287729 ], [ -100.298332521489357, 25.660207182560203 ], [ -100.297945661977778, 25.660121792017744 ], [ -100.297795974667622, 25.660112808382845 ], [ -100.297690569249283, 25.66001590538071 ], [ -100.297590751708256, 25.659932057851659 ], [ -100.297405292318814, 25.65981924252397 ], [ -100.2972587916084, 25.659621282388208 ], [ -100.297599461528932, 25.659585552468794 ], [ -100.298388361626863, 25.65929124247457 ], [ -100.298440281726201, 25.659372752214342 ], [ -100.29850572122686, 25.659387112573359 ], [ -100.298715001425535, 25.658507212833605 ], [ -100.298735691563195, 25.658446392869923 ], [ -100.298929191994148, 25.657588902940926 ], [ -100.299140261810308, 25.656634053000225 ], [ -100.299192171583016, 25.656668963196278 ], [ -100.300077660967645, 25.656834392437769 ], [ -100.30102503138599, 25.65700682328465 ], [ -100.301970251101721, 25.657179363203234 ], [ -100.302929190477812, 25.657354642391471 ], [ -100.303849940588591, 25.65752587267864 ], [ -100.304822880146304, 25.657707212554381 ], [ -100.304612629021392, 25.658634672630338 ], [ -100.304411680151276, 25.659530472615675 ], [ -100.30421327963073, 25.66041361294182 ], [ -100.304023710778608, 25.661281102388394 ], [ -100.303062390212247, 25.661103132063023 ] ] ] } },
{ "type": "Feature", "properties": { "cvegeo": "1903900011987", "municipality": "Monterrey", "residents": 2330, "residents_18_24": 241.0, "share_18_24": 0.103 }, "geometry": { "type": "Polygon", "coordinates": [ [ [ -100.304822880146304, 25.657707212554381 ], [ -100.305019829988169, 25.656840052879119 ], [ -100.305230629739583, 25.65597430337036 ], [ -100.305425999672281, 25.655085903531148 ], [ -100.305608319821388, 25.654235583104921 ], [ -100.305779880226467, 25.653401623521038 ], [ -100.306732059774433, 25.653588473779241 ], [ -100.307640599904474, 25.653766363215023 ], [ -100.307676829842237, 25.653767823767222 ], [ -100.307912189160604, 25.653813733816857 ], [ -100.308199059563137, 25.653869703924983 ], [ -100.308598909402249, 25.653943213812475 ], [ -100.309091509673536, 25.654016623588404 ], [ -100.309216369691612, 25.65341916413086 ], [ -100.309306309725855, 25.652997913698606 ], [ -100.309408139467678, 25.652501083889373 ], [ -100.310673278916326, 25.65271258368864 ], [ -100.310871539190003, 25.652734914199129 ], [ -100.310798569053645, 25.653099513787964 ], [ -100.310730108547929, 25.653450823940346 ], [ -100.310682089170413, 25.653667473840159 ], [ -100.310654168868979, 25.65378781414659 ], [ -100.310588418755955, 25.654147513386278 ], [ -100.310520259199691, 25.654484283462054 ], [ -100.310444228858572, 25.654844713534505 ], [ -100.310374138707772, 25.655206993815117 ], [ -100.310307429145254, 25.655556623001807 ], [ -100.310234568488397, 25.65590701362073 ], [ -100.31005870926495, 25.65683301316917 ], [ -100.30987258887896, 25.65771571263268 ], [ -100.309687338560906, 25.658601882833658 ], [ -100.308716658013779, 25.65843944325303 ], [ -100.307720289013702, 25.658253412422834 ], [ -100.306741049104289, 25.658072563714377 ], [ -100.305768168717435, 25.65787645311417 ], [ -100.304822880146304, 25.657707212554381 ] ] ] } },
{ "type": "Feature", "properties": { "cvegeo": "1903900012010", "municipality": "Monterrey", "residents": 377, "residents_18_24": 258.0, "share_18_24": 0.684 }, "geometry": { "type": "Polygon", "coordinates": [ [ [ -100.296869112245076, 25.659633501925967 ], [ -100.296243022235458, 25.659107012344879 ], [ -100.295407492058303, 25.658424592545096 ], [ -100.295224482565075, 25.658247152870089 ], [ -100.294128033198277, 25.657318413004134 ], [ -100.293996993165308, 25.657209622345523 ], [ -100.293010602802866, 25.656392412614885 ], [ -100.292183323364057, 25.655712423155908 ], [ -100.291512223426381, 25.655140952829413 ], [ -100.291469053850378, 25.655106673213108 ], [ -100.290842233428819, 25.654544273152343 ], [ -100.290811053504186, 25.654515553433271 ], [ -100.290039863892758, 25.653827713530948 ], [ -100.289713373771932, 25.65353653308793 ], [ -100.286414455107334, 25.650626993628897 ], [ -100.286936454563985, 25.650251513925411 ], [ -100.287055494406232, 25.650159163483696 ], [ -100.288361264793551, 25.64916762382569 ], [ -100.289059364164231, 25.648634824176366 ], [ -100.289210223894017, 25.648525244395913 ], [ -100.290090314097384, 25.647865754606755 ], [ -100.291179922550825, 25.649523844690862 ], [ -100.291466313053064, 25.649982304891367 ], [ -100.292278422591892, 25.651282314129276 ], [ -100.292412203029954, 25.651496483854189 ], [ -100.292542882953185, 25.651711614110649 ], [ -100.292821322992339, 25.652170074069861 ], [ -100.293011432792326, 25.652475414021751 ], [ -100.294125362503166, 25.654264673105821 ], [ -100.294421723003381, 25.654740713532242 ], [ -100.295104852294358, 25.655822912867148 ], [ -100.295606312284292, 25.65661775277928 ], [ -100.295629681964556, 25.656655752773336 ], [ -100.296434632429538, 25.65793470279856 ], [ -100.296842142060214, 25.658563682171831 ], [ -100.296925681605515, 25.658738752256049 ], [ -100.297045031658939, 25.658994852538587 ], [ -100.297165402157773, 25.659356822034027 ], [ -100.2972587916084, 25.659621282388208 ], [ -100.297227883770788, 25.659682214390635 ], [ -100.297182862035726, 25.660012381980316 ], [ -100.296869112245076, 25.659633501925967 ] ] ] } },
{ "type": "Feature", "properties": { "cvegeo": "1903900012025", "municipality": "Monterrey", "residents": 4868, "residents_18_24": 696.0, "share_18_24": 0.143 }, "geometry": { "type": "Polygon", "coordinates": [ [ [ -100.28410017547084, 25.653034052890508 ], [ -100.283354405938397, 25.652835903600135 ], [ -100.283160795915038, 25.652791253449365 ], [ -100.282604665371252, 25.652666933282301 ], [ -100.282210125273522, 25.652574193457738 ], [ -100.281999146125131, 25.65252459302047 ], [ -100.281914256007042, 25.652503792939111 ], [ -100.281372995460572, 25.652364993441349 ], [ -100.280913365767319, 25.652256193067366 ], [ -100.280645805932622, 25.652228503039211 ], [ -100.280342855994277, 25.652277613785397 ], [ -100.280062146504179, 25.652342022999576 ], [ -100.279776825910972, 25.652407513602391 ], [ -100.279534576740261, 25.652466363354392 ], [ -100.279439365990612, 25.652489503177861 ], [ -100.279276426132981, 25.652529073528825 ], [ -100.27810692635083, 25.652794792836236 ], [ -100.277150126983187, 25.653020652853812 ], [ -100.277113696699899, 25.652898963383151 ], [ -100.276954947172882, 25.65260775289509 ], [ -100.276462827339273, 25.652008133343553 ], [ -100.276115367305977, 25.651573623118889 ], [ -100.275730637741532, 25.651135473030426 ], [ -100.275400767780283, 25.650723733108443 ], [ -100.275231467941239, 25.650544213179291 ], [ -100.275198917197173, 25.650506303945072 ], [ -100.275013807474679, 25.650290784048885 ], [ -100.275720297145412, 25.650085363759395 ], [ -100.275963857245969, 25.650007983610287 ], [ -100.276138427086408, 25.649878053342491 ], [ -100.276287606787946, 25.649733023875193 ], [ -100.276552796895771, 25.649140044259113 ], [ -100.276671396796417, 25.648811884305434 ], [ -100.276732566830631, 25.648437613740462 ], [ -100.276773896895008, 25.648240074344848 ], [ -100.276791236804456, 25.648155734353125 ], [ -100.276923897430237, 25.647669184113653 ], [ -100.276944657307695, 25.647593854043727 ], [ -100.277230777260911, 25.647327443997259 ], [ -100.277432196651461, 25.64714102459649 ], [ -100.27766976702469, 25.647029643935621 ], [ -100.277878946752139, 25.646977014116693 ], [ -100.278223666984559, 25.64694161394717 ], [ -100.278602057158466, 25.646970684686135 ], [ -100.278863127059964, 25.647071994510696 ], [ -100.278878596887338, 25.646895914634744 ], [ -100.279496466213374, 25.646562854475516 ], [ -100.279996766700592, 25.646341994608285 ], [ -100.280297426226255, 25.646239334258343 ], [ -100.280330856596592, 25.646217514309324 ], [ -100.280618685899199, 25.646029624368165 ], [ -100.281018165981976, 25.645853534289923 ], [ -100.281089375917219, 25.645826274936169 ], [ -100.281359726100632, 25.645741454599285 ], [ -100.281496296296694, 25.64571435442938 ], [ -100.281911056473277, 25.645677245180167 ], [ -100.282348805702313, 25.64564748496705 ], [ -100.282764886091314, 25.645522444628181 ], [ -100.283022235750039, 25.645458955237189 ], [ -100.283153436064239, 25.645377104462206 ], [ -100.283193895632095, 25.645425454947745 ], [ -100.283265715401825, 25.645534734363931 ], [ -100.283333925870821, 25.645636425030812 ], [ -100.283654485339369, 25.646114245058893 ], [ -100.283774695778561, 25.646300284690149 ], [ -100.284004605611614, 25.64665610465898 ], [ -100.284019655259371, 25.646702284420378 ], [ -100.284085095723498, 25.6468893542608 ], [ -100.284139625761838, 25.647045244955624 ], [ -100.284167515118909, 25.647097084353611 ], [ -100.284451455524774, 25.647455334331593 ], [ -100.284621055359906, 25.647504554816702 ], [ -100.284740094784695, 25.647643483968977 ], [ -100.284964085141794, 25.647912163908966 ], [ -100.285257895119514, 25.648252024028807 ], [ -100.285354654798923, 25.648377054345566 ], [ -100.285594165415375, 25.648688654235116 ], [ -100.286389925118982, 25.649596673774081 ], [ -100.286936454563985, 25.650251513925411 ], [ -100.286414455107334, 25.650626993628897 ], [ -100.285652484815259, 25.651175283756011 ], [ -100.284694545318786, 25.651911903202102 ], [ -100.284463255491261, 25.65218498305331 ], [ -100.284364065530738, 25.652340533292215 ], [ -100.284150915772173, 25.652862383241679 ], [ -100.28410017547084, 25.653034052890508 ] ] ] } },
{ "type": "Feature", "properties": { "cvegeo": "1903900014661", "municipality": "Monterrey", "residents": 2902, "residents_18_24": 743.0, "share_18_24": 0.256 }, "geometry": { "type": "Polygon", "coordinates": [ [ [ -100.277150126983187, 25.653020652853812 ], [ -100.27810692635083, 25.652794792836236 ], [ -100.279276426132981, 25.652529073528825 ], [ -100.279439365990612, 25.652489503177861 ], [ -100.279534576740261, 25.652466363354392 ], [ -100.279776825910972, 25.652407513602391 ], [ -100.280062146504179, 25.652342022999576 ], [ -100.280342855994277, 25.652277613785397 ], [ -100.280645805932622, 25.652228503039211 ], [ -100.280913365767319, 25.652256193067366 ], [ -100.281372995460572, 25.652364993441349 ], [ -100.281914256007042, 25.652503792939111 ], [ -100.281999146125131, 25.65252459302047 ], [ -100.282210125273522, 25.652574193457738 ], [ -100.282604665371252, 25.652666933282301 ], [ -100.283160795915038, 25.652791253449365 ], [ -100.283354405938397, 25.652835903600135 ], [ -100.28410017547084, 25.653034052890508 ], [ -100.284082635069467, 25.653519843476111 ], [ -100.284075125073812, 25.654004363007576 ], [ -100.284076455553816, 25.654468212812741 ], [ -100.284074924851254, 25.654721912847688 ], [ -100.284063124949981, 25.656687332422994 ], [ -100.28404796480757, 25.657569982462253 ], [ -100.284019765026073, 25.6584389018034 ], [ -100.284008265122807, 25.658767192126714 ], [ -100.283994625195987, 25.659288881659599 ], [ -100.283973693759819, 25.660146421579746 ], [ -100.282999544900775, 25.660195812792523 ], [ -100.282288975930996, 25.660237421460348 ], [ -100.281890485621986, 25.659325931535324 ], [ -100.281420485944906, 25.658697841904665 ], [ -100.280913766287895, 25.658019952110863 ], [ -100.280767886337102, 25.657820982390636 ], [ -100.280582745970477, 25.657564312184462 ], [ -100.280458346288512, 25.657398851987235 ], [ -100.280016225700464, 25.656805622763915 ], [ -100.278972456106459, 25.655421643098666 ], [ -100.278170486941491, 25.654429182888109 ], [ -100.277788286659927, 25.653916132943834 ], [ -100.277646147030765, 25.65372531310495 ], [ -100.277150126983187, 25.653020652853812 ] ] ] } },
{ "type": "Feature", "properties": { "cvegeo": "1903900011807", "municipality": "Monterrey", "residents": 2430, "residents_18_24": 219.0, "share_18_24": 0.09 }, "geometry": { "type": "Polygon", "coordinates": [ [ [ -100.279004266321877, 25.666565281430394 ], [ -100.278968285509833, 25.666483909997833 ], [ -100.278813145098923, 25.666060011717381 ], [ -100.278704856526602, 25.665675841162553 ], [ -100.278704545219341, 25.665633900932001 ], [ -100.278205945189526, 25.665186701110329 ], [ -100.277578575457184, 25.664586990408587 ], [ -100.277867326622754, 25.664462071122333 ], [ -100.278170606636266, 25.664330881982195 ], [ -100.278542596149506, 25.664169960785767 ], [ -100.279042226032473, 25.663953821066368 ], [ -100.279585056099961, 25.663723531288475 ], [ -100.279710655858892, 25.663670221138094 ], [ -100.279886425244896, 25.663595650576838 ], [ -100.279697896452845, 25.663183442245419 ], [ -100.279360345199819, 25.662519181628628 ], [ -100.279150686306934, 25.662032711982892 ], [ -100.278968606628155, 25.661588821660263 ], [ -100.27880040647112, 25.661161652095458 ], [ -100.278628485306911, 25.660717481512961 ], [ -100.278424596637606, 25.660242281471529 ], [ -100.278849625955004, 25.660255252755523 ], [ -100.279221166121346, 25.660280181337608 ], [ -100.279504606125641, 25.660299191366033 ], [ -100.280005065590089, 25.660332752667191 ], [ -100.280308655769645, 25.660330252560772 ], [ -100.282288975930996, 25.660237421460348 ], [ -100.282999544900775, 25.660195812792523 ], [ -100.283973693759819, 25.660146421579746 ], [ -100.284022915173139, 25.660981901895521 ], [ -100.284030094493019, 25.661053512257268 ], [ -100.284080174094356, 25.661928051948511 ], [ -100.284098454019372, 25.662178482220053 ], [ -100.2841464843073, 25.662831531633877 ], [ -100.284185635219288, 25.663514021835276 ], [ -100.284229174637204, 25.664072600825996 ], [ -100.284256834135149, 25.664719180542981 ], [ -100.284134323744894, 25.664866511504957 ], [ -100.284160564257704, 25.664980990815362 ], [ -100.28419511442749, 25.665217042262128 ], [ -100.284226574387901, 25.665839580278568 ], [ -100.284298325576501, 25.667211680751269 ], [ -100.28319932529655, 25.667044911059754 ], [ -100.282324665638939, 25.666934651188161 ], [ -100.282248525702812, 25.666942780978879 ], [ -100.281868195606251, 25.666900191125084 ], [ -100.281482404767743, 25.666857011330695 ], [ -100.281175724388248, 25.666820710917289 ], [ -100.2799044648836, 25.666664071021444 ], [ -100.279004266321877, 25.666565281430394 ] ] ] } },
{ "type": "Feature", "properties": { "cvegeo": "1903900012097", "municipality": "Monterrey", "residents": 4087, "residents_18_24": 1337.0, "share_18_24": 0.327 }, "geometry": { "type": "Polygon", "coordinates": [ [ [ -100.290090314097384, 25.647865754606755 ], [ -100.289403923722858, 25.646745445553691 ], [ -100.288709634482771, 25.645630915725608 ], [ -100.288398723913843, 25.645156415008884 ], [ -100.288083544773031, 25.644657585017175 ], [ -100.287894405103984, 25.644364814999594 ], [ -100.286991556399727, 25.642894632171735 ], [ -100.286779331254778, 25.642547997916914 ], [ -100.28687620358599, 25.642504425268996 ], [ -100.286930423499257, 25.64248933632572 ], [ -100.287157114651635, 25.642402026809357 ], [ -100.287287344131911, 25.642358565587529 ], [ -100.287432924138599, 25.642313425433706 ], [ -100.287695483806459, 25.642321335981585 ], [ -100.287786205339387, 25.64233505673155 ], [ -100.288368044286102, 25.642569410282899 ], [ -100.288736861697274, 25.642706229681952 ], [ -100.289230599714287, 25.642976893157599 ], [ -100.289570664470901, 25.643208995907624 ], [ -100.289718387815867, 25.643327864477005 ], [ -100.290328125465052, 25.643476579836506 ], [ -100.290582293928111, 25.643475955493781 ], [ -100.290786171374393, 25.643354633171626 ], [ -100.290958681575631, 25.643247557460104 ], [ -100.291083603367881, 25.642988789580006 ], [ -100.291146563718854, 25.642765825680652 ], [ -100.291168034142956, 25.642704647012536 ], [ -100.291637023299387, 25.643059585559492 ], [ -100.291792023859784, 25.643212685627702 ], [ -100.292265003304436, 25.643716316002862 ], [ -100.292305113071478, 25.643749385341039 ], [ -100.292710342771201, 25.644265076189097 ], [ -100.293097881813523, 25.644740025244435 ], [ -100.293165231894662, 25.644816336161476 ], [ -100.293511633587556, 25.64530207513921 ], [ -100.293942323019436, 25.645791684525648 ], [ -100.294085601788751, 25.645947024826498 ], [ -100.294406851775179, 25.646311655890493 ], [ -100.294617972352285, 25.646549675167357 ], [ -100.294859792358153, 25.646844255952509 ], [ -100.295129571934012, 25.647140186134607 ], [ -100.295335592279514, 25.647394474726312 ], [ -100.295618691116289, 25.647725255467094 ], [ -100.295778632582184, 25.647914755831625 ], [ -100.296125171179511, 25.648310185201726 ], [ -100.296250162385363, 25.648457244273196 ], [ -100.296658481450635, 25.64892001419463 ], [ -100.296956362041414, 25.649252153978541 ], [ -100.297168991864964, 25.649507534002243 ], [ -100.296786092374703, 25.649862104830508 ], [ -100.296225721492377, 25.65039099394318 ], [ -100.295885491795573, 25.650707393569164 ], [ -100.29562303222319, 25.65043385464001 ], [ -100.295302492380841, 25.650096454255284 ], [ -100.293669692188573, 25.651440764488413 ], [ -100.29326236338558, 25.650803843606887 ], [ -100.292680142160933, 25.651259993417153 ], [ -100.292608793653528, 25.651322984785583 ], [ -100.292412203029954, 25.651496483854189 ], [ -100.292278422591892, 25.651282314129276 ], [ -100.291466313053064, 25.649982304891367 ], [ -100.291179922550825, 25.649523844690862 ], [ -100.290090314097384, 25.647865754606755 ] ] ] } },
{ "type": "Feature", "properties": { "cvegeo": "1903900014178", "municipality": "Monterrey", "residents": 4610, "residents_18_24": 582.0, "share_18_24": 0.126 }, "geometry": { "type": "Polygon", "coordinates": [ [ [ -100.303259090889512, 25.644304675336816 ], [ -100.303086659694529, 25.643985055936522 ], [ -100.303039370668031, 25.643898286391714 ], [ -100.302956459843884, 25.643717316491042 ], [ -100.302905201141598, 25.643519486171975 ], [ -100.302869760384112, 25.643327875638967 ], [ -100.302858859371199, 25.643173155809521 ], [ -100.302841231017752, 25.642884815787252 ], [ -100.302831419661572, 25.642607087015524 ], [ -100.302829481586286, 25.64255241701828 ], [ -100.302878051049717, 25.642518217156322 ], [ -100.303032451480988, 25.642406246327361 ], [ -100.303251520464414, 25.642248686489985 ], [ -100.303585169805643, 25.642104716508427 ], [ -100.303890279646851, 25.641929555900742 ], [ -100.303928259623817, 25.64197341721195 ], [ -100.304637761067355, 25.642604875961577 ], [ -100.304955219560227, 25.642901966911445 ], [ -100.305020990478468, 25.64295924552518 ], [ -100.305341830332367, 25.643290626423525 ], [ -100.305424310346353, 25.64322575633215 ], [ -100.305534710001496, 25.643111256436036 ], [ -100.305601389688064, 25.643043256347266 ], [ -100.305610379560306, 25.643031764799819 ], [ -100.305793662465604, 25.643133758354164 ], [ -100.305820109398724, 25.643139386917412 ], [ -100.305844317099712, 25.643125411479581 ], [ -100.305968168751804, 25.643092218158628 ], [ -100.306055613100042, 25.64301833562558 ], [ -100.306188030037944, 25.643050457636011 ], [ -100.306293321330102, 25.642882349077887 ], [ -100.306827250374852, 25.643101626393619 ], [ -100.306852509899571, 25.643121286244959 ], [ -100.307059660100904, 25.642928156285681 ], [ -100.307425908465447, 25.642593795599176 ], [ -100.307747918860528, 25.642846416007004 ], [ -100.30811479999926, 25.643078847031433 ], [ -100.308199060504577, 25.642972086081304 ], [ -100.308026318768853, 25.642849906906847 ], [ -100.307858830255327, 25.642727166905399 ], [ -100.307847451081713, 25.642715432886543 ], [ -100.307795282980052, 25.642648268740775 ], [ -100.307773345384803, 25.642496103416516 ], [ -100.307940599875295, 25.642241936861144 ], [ -100.307991078400121, 25.642180886603164 ], [ -100.308255028203959, 25.641852256405507 ], [ -100.30836189053656, 25.641717396423193 ], [ -100.308387049627498, 25.641698477243768 ], [ -100.308537028511566, 25.641437057312942 ], [ -100.308756959968406, 25.641052876312397 ], [ -100.308968538526102, 25.640641616612161 ], [ -100.309822288885101, 25.641140336854971 ], [ -100.309865318714671, 25.641142735853776 ], [ -100.310633539209761, 25.641691397213574 ], [ -100.31098128914563, 25.641940157027918 ], [ -100.31143158935285, 25.642262255981159 ], [ -100.311292108528619, 25.642479306852255 ], [ -100.311213259322415, 25.642610277059077 ], [ -100.311101029386535, 25.642808155581584 ], [ -100.311063249117282, 25.642881506152545 ], [ -100.31101904843571, 25.642988357018481 ], [ -100.310973599424727, 25.643045715686092 ], [ -100.310941448507862, 25.643086286752489 ], [ -100.310861278905421, 25.643194596727565 ], [ -100.310793288100299, 25.64335230689932 ], [ -100.310742909155692, 25.643451965750533 ], [ -100.310605458276669, 25.643678335884942 ], [ -100.310525199307961, 25.643764367066094 ], [ -100.310428338822035, 25.643893967061047 ], [ -100.310414047764226, 25.643937785543617 ], [ -100.310402478365276, 25.643973306191619 ], [ -100.310275818904273, 25.644202675681523 ], [ -100.310075909619812, 25.644366626736979 ], [ -100.309932828807163, 25.64449084540097 ], [ -100.309832908712693, 25.644593686408218 ], [ -100.309758798301218, 25.644674766742117 ], [ -100.309700959170613, 25.644740535391168 ], [ -100.309716198685393, 25.64475478679373 ], [ -100.30941248893609, 25.645131875801109 ], [ -100.309373909628874, 25.645108955568489 ], [ -100.309256089271415, 25.645241396658356 ], [ -100.309224228986935, 25.645372484973521 ], [ -100.309191799331515, 25.645485485684151 ], [ -100.309108999916987, 25.645633416266019 ], [ -100.309053689444937, 25.64572398550866 ], [ -100.30860955963594, 25.645541155381959 ], [ -100.308297709668366, 25.64543528631059 ], [ -100.307994759182904, 25.645381336237769 ], [ -100.307944818643293, 25.645638366059554 ], [ -100.307867488515441, 25.646004555174713 ], [ -100.307828659614998, 25.646236815547375 ], [ -100.307845739344472, 25.646278055738666 ], [ -100.30803416997432, 25.646547906243065 ], [ -100.307945029751181, 25.646547785660641 ], [ -100.307883228663385, 25.646688844979796 ], [ -100.307851429927283, 25.646855815324589 ], [ -100.307887459509985, 25.64715504489206 ], [ -100.307943858551155, 25.64740087548163 ], [ -100.30797547900211, 25.647496315083785 ], [ -100.307547660297899, 25.647203194966611 ], [ -100.307202599277943, 25.646990585970503 ], [ -100.306350860448134, 25.646536445383131 ], [ -100.306111120318903, 25.646892364791714 ], [ -100.305790739167449, 25.647344534536256 ], [ -100.305647260380596, 25.647296104549639 ], [ -100.305576119810837, 25.647268714834048 ], [ -100.305438080603793, 25.647252104779533 ], [ -100.305330060326042, 25.647267024695175 ], [ -100.305225789886435, 25.647287075165728 ], [ -100.305077830239668, 25.647322755282591 ], [ -100.304949229005047, 25.647107595407153 ], [ -100.304557200924108, 25.646450796032155 ], [ -100.303705429480388, 25.645035766261191 ], [ -100.303570140236801, 25.644803415824814 ], [ -100.303259090889512, 25.644304675336816 ] ] ] } },
{ "type": "Feature", "properties": { "cvegeo": "1903900011794", "municipality": "Monterrey", "residents": 2555, "residents_18_24": 301.0, "share_18_24": 0.118 }, "geometry": { "type": "Polygon", "coordinates": [ [ [ -100.284298325576501, 25.667211680751269 ], [ -100.284226574387901, 25.665839580278568 ], [ -100.28419511442749, 25.665217042262128 ], [ -100.284160564257704, 25.664980990815362 ], [ -100.284134323744894, 25.664866511504957 ], [ -100.284256834135149, 25.664719180542981 ], [ -100.284229174637204, 25.664072600825996 ], [ -100.284185635219288, 25.663514021835276 ], [ -100.2841464843073, 25.662831531633877 ], [ -100.284098454019372, 25.662178482220053 ], [ -100.284080174094356, 25.661928051948511 ], [ -100.284030094493019, 25.661053512257268 ], [ -100.284022915173139, 25.660981901895521 ], [ -100.283973693759819, 25.660146421579746 ], [ -100.28492320523614, 25.660115713079779 ], [ -100.285913794166234, 25.660081192468216 ], [ -100.286198744036028, 25.660059272158662 ], [ -100.286440364743044, 25.660040652777262 ], [ -100.286448174674845, 25.660043422247949 ], [ -100.286548883880883, 25.660011952976159 ], [ -100.287305884073191, 25.659968751499218 ], [ -100.287296514749897, 25.660189442022652 ], [ -100.287247562886023, 25.661324111290597 ], [ -100.287232144032743, 25.66168867269279 ], [ -100.287227483036247, 25.661742681116845 ], [ -100.287199803330068, 25.662304592580323 ], [ -100.287167794019467, 25.662835951671521 ], [ -100.287616633066321, 25.662868702278633 ], [ -100.289186313563363, 25.662981561953487 ], [ -100.289816203629044, 25.663024252073598 ], [ -100.290038493609984, 25.663042021664847 ], [ -100.289989693754507, 25.664128380806901 ], [ -100.289966263275687, 25.664233701738329 ], [ -100.289883093481194, 25.664370991195558 ], [ -100.289750163245131, 25.664590480857637 ], [ -100.289693833346504, 25.66470538203739 ], [ -100.289649713659855, 25.665243551335781 ], [ -100.289630082636322, 25.665664301888118 ], [ -100.289606622158573, 25.666167191926384 ], [ -100.289522623523638, 25.667057880851679 ], [ -100.289512883291707, 25.66712676069541 ], [ -100.288432922854142, 25.667204210940049 ], [ -100.2878905639446, 25.667222580473975 ], [ -100.286928973354307, 25.667234881111 ], [ -100.28642774320204, 25.667248611353859 ], [ -100.285887544893839, 25.667248671290686 ], [ -100.285087373975017, 25.66724408004437 ], [ -100.285021823500728, 25.667243701647621 ], [ -100.284467025359319, 25.667238680460187 ], [ -100.284298325576501, 25.667211680751269 ] ] ] } },
{ "type": "Feature", "properties": { "cvegeo": "1903900011900", "municipality": "Monterrey", "residents": 1274, "residents_18_24": 153.0, "share_18_24": 0.12 }, "geometry": { "type": "Polygon", "coordinates": [ [ [ -100.307320659388637, 25.661837642583723 ], [ -100.305927488514342, 25.661591612963573 ], [ -100.304988479667358, 25.661445112398152 ], [ -100.304023710778608, 25.661281102388394 ], [ -100.30421327963073, 25.66041361294182 ], [ -100.304411680151276, 25.659530472615675 ], [ -100.304612629021392, 25.658634672630338 ], [ -100.304822880146304, 25.657707212554381 ], [ -100.305768168717435, 25.65787645311417 ], [ -100.306741049104289, 25.658072563714377 ], [ -100.307720289013702, 25.658253412422834 ], [ -100.308716658013779, 25.65843944325303 ], [ -100.309687338560906, 25.658601882833658 ], [ -100.310663618134342, 25.658781713712081 ], [ -100.311638597524592, 25.658955823776825 ], [ -100.312653877064719, 25.659138653482721 ], [ -100.313615967351311, 25.659312593860992 ], [ -100.313429277458525, 25.660208533454988 ], [ -100.313232618206271, 25.661086622109284 ], [ -100.313020590850044, 25.662141804874143 ], [ -100.312494936362526, 25.662074547458097 ], [ -100.312022714174489, 25.661928590600223 ], [ -100.311763997158337, 25.661851796652652 ], [ -100.311523076837361, 25.661778270722387 ], [ -100.311313280703317, 25.661737866668858 ], [ -100.311046779939488, 25.661697892974441 ], [ -100.310864583071805, 25.66167334980382 ], [ -100.310524535749479, 25.6616501362411 ], [ -100.310294323836274, 25.661644784666311 ], [ -100.310069553369715, 25.661637823698129 ], [ -100.3090558498251, 25.661598485758653 ], [ -100.308420539299689, 25.661645888611794 ], [ -100.308025786828779, 25.66169895069277 ], [ -100.307727489796108, 25.661755281963057 ], [ -100.307320659388637, 25.661837642583723 ] ] ] } },
{ "type": "Feature", "properties": { "cvegeo": "1903900012167", "municipality": "Monterrey", "residents": 2883, "residents_18_24": 269.0, "share_18_24": 0.093 }, "geometry": { "type": "Polygon", "coordinates": [ [ [ -100.287695483806459, 25.642321335981585 ], [ -100.287432924138599, 25.642313425433706 ], [ -100.287287344131911, 25.642358565587529 ], [ -100.287157114651635, 25.642402026809357 ], [ -100.286930423499257, 25.64248933632572 ], [ -100.28687620358599, 25.642504425268996 ], [ -100.286779331254778, 25.642547997916914 ], [ -100.286596566054357, 25.642266454539602 ], [ -100.286522164461985, 25.642150955823375 ], [ -100.286455494705748, 25.642046356733449 ], [ -100.286300824443032, 25.64179848565594 ], [ -100.286160914604011, 25.641579396043245 ], [ -100.285972425032313, 25.64127661588747 ], [ -100.285861564484136, 25.641104155777835 ], [ -100.285803779943095, 25.641013508127173 ], [ -100.288124824872625, 25.639298507148816 ], [ -100.287213794553693, 25.638316136719538 ], [ -100.286968090284802, 25.638053732800127 ], [ -100.286899124297932, 25.637983416993315 ], [ -100.286775714279671, 25.637860986985473 ], [ -100.286458084697202, 25.637509486753626 ], [ -100.286274084019709, 25.637316106190166 ], [ -100.286123545215915, 25.637142707024886 ], [ -100.28580799418539, 25.636789937908834 ], [ -100.28575049538297, 25.636615087297987 ], [ -100.28556945488026, 25.636116756894587 ], [ -100.28635762434557, 25.635404456583334 ], [ -100.287462124639077, 25.634398456957793 ], [ -100.287595224785761, 25.634513767707389 ], [ -100.287825224603012, 25.634709477309805 ], [ -100.287840174206991, 25.63472138757124 ], [ -100.288106034450422, 25.634933117392659 ], [ -100.288210345066091, 25.635021566791053 ], [ -100.288359404700131, 25.635134358212756 ], [ -100.288622575140906, 25.635362338197616 ], [ -100.288853564406409, 25.635556846806171 ], [ -100.289120823312373, 25.635765197409864 ], [ -100.289262834197146, 25.6358828479812 ], [ -100.289432344177314, 25.636023286705584 ], [ -100.289507602970644, 25.63609873738455 ], [ -100.289654374287622, 25.636245846450791 ], [ -100.289752524480122, 25.636356017906046 ], [ -100.289782664838185, 25.636520537220239 ], [ -100.289807423594411, 25.636654647568225 ], [ -100.289978314651336, 25.636672486539986 ], [ -100.29004540410034, 25.636692537844315 ], [ -100.29011840471567, 25.636724506676028 ], [ -100.290179493937032, 25.636766197585398 ], [ -100.290257224131366, 25.636830086670223 ], [ -100.290272893840765, 25.636843657151623 ], [ -100.291010054327742, 25.637482228088807 ], [ -100.291079993646775, 25.637542817891088 ], [ -100.291187084283436, 25.637635596483342 ], [ -100.291255652489923, 25.637694997634185 ], [ -100.291619143302327, 25.637987937225105 ], [ -100.292103592885127, 25.638462756702641 ], [ -100.292290763333298, 25.63864299732488 ], [ -100.292768422590868, 25.63910293591444 ], [ -100.293220831962898, 25.639563217276429 ], [ -100.29326820299984, 25.639611416804321 ], [ -100.293679632292879, 25.639981757245849 ], [ -100.293860063241738, 25.640147155912675 ], [ -100.293921252338563, 25.640203256078912 ], [ -100.29424942293906, 25.640504085983814 ], [ -100.293549191958945, 25.640587757442592 ], [ -100.293482802631473, 25.640554276069992 ], [ -100.293133053143265, 25.640261226665118 ], [ -100.292715621805996, 25.640514365899026 ], [ -100.292297452839108, 25.640781025937873 ], [ -100.291767463825693, 25.641113395929889 ], [ -100.291493342653752, 25.641549685901978 ], [ -100.291223923057302, 25.642003316660261 ], [ -100.290997802833402, 25.642410395560226 ], [ -100.290959053706786, 25.642454586789395 ], [ -100.291119713608325, 25.64266531513789 ], [ -100.291168034142956, 25.642704647012536 ], [ -100.291146563718854, 25.642765825680652 ], [ -100.291083603367881, 25.642988789580006 ], [ -100.290958681575631, 25.643247557460104 ], [ -100.290786171374393, 25.643354633171626 ], [ -100.290582293928111, 25.643475955493781 ], [ -100.290328125465052, 25.643476579836506 ], [ -100.289718387815867, 25.643327864477005 ], [ -100.289570664470901, 25.643208995907624 ], [ -100.289230599714287, 25.642976893157599 ], [ -100.288736861697274, 25.642706229681952 ], [ -100.288368044286102, 25.642569410282899 ], [ -100.287786205339387, 25.64233505673155 ], [ -100.287695483806459, 25.642321335981585 ] ] ] } },
{ "type": "Feature", "properties": { "cvegeo": "1903900012190", "municipality": "Monterrey", "residents": 1182, "residents_18_24": 102.0, "share_18_24": 0.086 }, "geometry": { "type": "Polygon", "coordinates": [ [ [ -100.277267596225059, 25.638658556299848 ], [ -100.27753282694789, 25.638484676898354 ], [ -100.277892885928068, 25.638235796367074 ], [ -100.278188485909595, 25.638091446985015 ], [ -100.278564166603061, 25.637934616249115 ], [ -100.27921168604658, 25.637728586512281 ], [ -100.279212825252941, 25.637597617108355 ], [ -100.279227126652557, 25.637238216681297 ], [ -100.279221145977999, 25.637158446821822 ], [ -100.279238516919165, 25.6365645676436 ], [ -100.279207467247403, 25.636237517103552 ], [ -100.27913457555789, 25.636006587869925 ], [ -100.278992485191694, 25.635818817427392 ], [ -100.278739917276397, 25.635453888133615 ], [ -100.278600456316596, 25.635172366697251 ], [ -100.278497007066576, 25.634797107620617 ], [ -100.278375807617664, 25.634548767727669 ], [ -100.278427205742148, 25.63451068732585 ], [ -100.278464526265779, 25.634414026979631 ], [ -100.278602517067213, 25.63430062705865 ], [ -100.278720422371961, 25.634216606452039 ], [ -100.278757780993075, 25.634102837114529 ], [ -100.278774675815569, 25.634047188420894 ], [ -100.278935526468047, 25.633901565288546 ], [ -100.279311480759759, 25.634019587517457 ], [ -100.279891117639082, 25.634181389535136 ], [ -100.280595004033827, 25.634380373051368 ], [ -100.281592664441433, 25.634664290509466 ], [ -100.281822115963337, 25.634654767490265 ], [ -100.281910635814441, 25.634791707089502 ], [ -100.282164025907392, 25.635178967163412 ], [ -100.282264395908797, 25.635335827605928 ], [ -100.282372195013593, 25.635517517321329 ], [ -100.282427115752, 25.635599316967088 ], [ -100.283403264885663, 25.63717582722018 ], [ -100.283618294634749, 25.637511966917693 ], [ -100.284588106573509, 25.639077987054346 ], [ -100.284638412935308, 25.639158058461962 ], [ -100.283108805300358, 25.639986196007698 ], [ -100.282168466326567, 25.640431735416779 ], [ -100.281845455941024, 25.640580565520114 ], [ -100.28163725481015, 25.640678316498441 ], [ -100.281260486191925, 25.640848246011764 ], [ -100.281128235159855, 25.640912566645923 ], [ -100.279448656740456, 25.641682956221548 ], [ -100.279057666422304, 25.64186287590837 ], [ -100.27879022574875, 25.641989792387125 ], [ -100.278494647371502, 25.641397623746901 ], [ -100.27824510107159, 25.640928353953914 ], [ -100.278257455740572, 25.640525016421329 ], [ -100.278251977202615, 25.64045768636225 ], [ -100.278188727113729, 25.640339646195379 ], [ -100.278050207421956, 25.640102645775954 ], [ -100.277853567191841, 25.639769885804551 ], [ -100.277710236984149, 25.639631115986031 ], [ -100.277566296625636, 25.639494766709241 ], [ -100.277416262488387, 25.639209951628548 ], [ -100.277332146165662, 25.639008226519273 ], [ -100.277267596225059, 25.638658556299848 ] ] ] } },
{ "type": "Feature", "properties": { "cvegeo": "1903900012218", "municipality": "Monterrey", "residents": 1788, "residents_18_24": 191.0, "share_18_24": 0.107 }, "geometry": { "type": "Polygon", "coordinates": [ [ [ -100.269941528430124, 25.636153337747864 ], [ -100.269954407802416, 25.636130167594636 ], [ -100.270016193129166, 25.636006857466818 ], [ -100.270098637597059, 25.635893917058404 ], [ -100.270160228472022, 25.635770537604419 ], [ -100.270292837145163, 25.635527817474106 ], [ -100.270386008989504, 25.635429307862854 ], [ -100.270473099020535, 25.635319277116402 ], [ -100.27066014723431, 25.635108055910351 ], [ -100.270699948843472, 25.63506611770989 ], [ -100.270757609081343, 25.635005417665827 ], [ -100.270837328256761, 25.634911457565831 ], [ -100.270920427545775, 25.634798906593051 ], [ -100.270998767371125, 25.634683596829124 ], [ -100.271078037585482, 25.63456881784866 ], [ -100.271146697180811, 25.634448533910287 ], [ -100.271278406429744, 25.634205487247559 ], [ -100.27133337914384, 25.63407955764449 ], [ -100.271376088204534, 25.63394978405649 ], [ -100.271442258693909, 25.633828367918316 ], [ -100.271498859281678, 25.633703026564021 ], [ -100.271521527926907, 25.633569167967718 ], [ -100.271546169160388, 25.633482617877313 ], [ -100.27154665699959, 25.633462557697843 ], [ -100.271552287724461, 25.633327217612251 ], [ -100.271567381288463, 25.633192477978834 ], [ -100.271584069544645, 25.633058134005285 ], [ -100.271584097582917, 25.633057906634566 ], [ -100.271583728740239, 25.632922478281031 ], [ -100.271549163069821, 25.632634257792709 ], [ -100.271541198980884, 25.632499028512768 ], [ -100.271502037575843, 25.632368338451904 ], [ -100.271467917881608, 25.632236477081381 ], [ -100.271406407415967, 25.631971427267661 ], [ -100.271359869245785, 25.631842738261987 ], [ -100.271322206882871, 25.631760754755003 ], [ -100.271302457834551, 25.631717718383637 ], [ -100.271243268496875, 25.631593372959493 ], [ -100.271210195889978, 25.631536533961579 ], [ -100.271209296886681, 25.63153498844909 ], [ -100.271349786168614, 25.631496494156895 ], [ -100.272359683632018, 25.631603525229 ], [ -100.272354599194969, 25.631732687909768 ], [ -100.272536327619733, 25.631732798373193 ], [ -100.272781968990458, 25.631747648051224 ], [ -100.273074528655684, 25.63177395798439 ], [ -100.273321858297663, 25.6319027872395 ], [ -100.27352826777782, 25.63197870761341 ], [ -100.273735087348498, 25.631997687484894 ], [ -100.273865398530589, 25.631916737391194 ], [ -100.273893496992713, 25.631963958181011 ], [ -100.27396643726567, 25.632058918037863 ], [ -100.274083626854804, 25.632191088291158 ], [ -100.274491260943961, 25.632418525194534 ], [ -100.274653347252951, 25.632511078119478 ], [ -100.274792978428223, 25.632543506917809 ], [ -100.274883777425515, 25.632511417675179 ], [ -100.274914527313669, 25.632438337551626 ], [ -100.274920577698339, 25.632184457346526 ], [ -100.275135577549207, 25.632162047425375 ], [ -100.275330238427827, 25.632136057470511 ], [ -100.276158296270594, 25.6319468874085 ], [ -100.276295526538291, 25.631902428186368 ], [ -100.276257396312943, 25.631445027344878 ], [ -100.276244867408124, 25.631249367747323 ], [ -100.276197437919365, 25.630946827444014 ], [ -100.276193006273047, 25.63062345913043 ], [ -100.276227636266384, 25.630552568906054 ], [ -100.276282927411515, 25.630506968268222 ], [ -100.27637432792875, 25.630481598909729 ], [ -100.276486257794275, 25.630485878880855 ], [ -100.276520408314624, 25.630469257672928 ], [ -100.276463896885588, 25.630359198997134 ], [ -100.276518036429849, 25.630345658313264 ], [ -100.276607667580677, 25.630301278883781 ], [ -100.277091317139352, 25.63010567740416 ], [ -100.277478177886621, 25.629993769223898 ], [ -100.277896376523017, 25.629960567651356 ], [ -100.278540826744106, 25.629976768618992 ], [ -100.278701176589664, 25.630027167461858 ], [ -100.278885966021448, 25.630030628417291 ], [ -100.278957407333607, 25.630146798206443 ], [ -100.27950217591146, 25.631000278657051 ], [ -100.279578796587671, 25.631133447755488 ], [ -100.279632466093659, 25.63123164779811 ], [ -100.280091726708946, 25.631955337537427 ], [ -100.28051006681136, 25.632602357917982 ], [ -100.28098776528978, 25.633371617582753 ], [ -100.281272945710484, 25.633809957909882 ], [ -100.281822115963337, 25.634654767490265 ], [ -100.281592664441433, 25.634664290509466 ], [ -100.280595004033827, 25.634380373051368 ], [ -100.279891117639082, 25.634181389535136 ], [ -100.279311480759759, 25.634019587517457 ], [ -100.278935526468047, 25.633901565288546 ], [ -100.278774675815569, 25.634047188420894 ], [ -100.278757780993075, 25.634102837114529 ], [ -100.278720422371961, 25.634216606452039 ], [ -100.278602517067213, 25.63430062705865 ], [ -100.278464526265779, 25.634414026979631 ], [ -100.278427205742148, 25.63451068732585 ], [ -100.278375807617664, 25.634548767727669 ], [ -100.278497007066576, 25.634797107620617 ], [ -100.278600456316596, 25.635172366697251 ], [ -100.278739917276397, 25.635453888133615 ], [ -100.278992485191694, 25.635818817427392 ], [ -100.27913457555789, 25.636006587869925 ], [ -100.279207467247403, 25.636237517103552 ], [ -100.279238516919165, 25.6365645676436 ], [ -100.279221145977999, 25.637158446821822 ], [ -100.279227126652557, 25.637238216681297 ], [ -100.279212825252941, 25.637597617108355 ], [ -100.27921168604658, 25.637728586512281 ], [ -100.278564166603061, 25.637934616249115 ], [ -100.278188485909595, 25.638091446985015 ], [ -100.277892885928068, 25.638235796367074 ], [ -100.27753282694789, 25.638484676898354 ], [ -100.277267596225059, 25.638658556299848 ], [ -100.277070695917374, 25.637937715976705 ], [ -100.276922517728892, 25.637444086786722 ], [ -100.276706347217029, 25.63665104705726 ], [ -100.276631226160063, 25.636434016956766 ], [ -100.276489397594915, 25.63603924754398 ], [ -100.276307767855968, 25.635458277410301 ], [ -100.275909516442212, 25.635536846560534 ], [ -100.27586894763833, 25.63553496763123 ], [ -100.275717287716205, 25.635486217452812 ], [ -100.275525837187061, 25.635420987192298 ], [ -100.275465886439918, 25.63539479764048 ], [ -100.275371657153016, 25.635370786907071 ], [ -100.274594667697144, 25.635097257508924 ], [ -100.27314683711559, 25.634626117988475 ], [ -100.273081777051402, 25.634528588044013 ], [ -100.273050698261471, 25.634452758061098 ], [ -100.272784397633671, 25.634399587837088 ], [ -100.272432377515599, 25.634396277554199 ], [ -100.27246209831722, 25.634739486969629 ], [ -100.272487197609735, 25.635029287836925 ], [ -100.272578628880922, 25.636122166963034 ], [ -100.272636668845479, 25.636813137442292 ], [ -100.272479398420998, 25.636798316581384 ], [ -100.2719842275216, 25.636698356901665 ], [ -100.271215498836014, 25.636539316564953 ], [ -100.27088203879363, 25.636490117101719 ], [ -100.270609119329421, 25.636476457677698 ], [ -100.270621039365793, 25.6362585863649 ], [ -100.270558318309298, 25.636248276639819 ], [ -100.269983599110759, 25.636158616204838 ], [ -100.269941528430124, 25.636153337747864 ] ] ] } },
{ "type": "Feature", "properties": { "cvegeo": "190390001274A", "municipality": "Monterrey", "residents": 10, "residents_18_24": 0.0, "share_18_24": 0.0 }, "geometry": { "type": "Polygon", "coordinates": [ [ [ -100.286441099372922, 25.672350913658722 ], [ -100.286009940459934, 25.671904049807019 ], [ -100.285737254973128, 25.671614230289116 ], [ -100.285962193259067, 25.671528960305128 ], [ -100.286898282850686, 25.671206219238165 ], [ -100.287176004224591, 25.671087780191336 ], [ -100.287351123187975, 25.671009219969889 ], [ -100.288213623918736, 25.670567560139418 ], [ -100.288813722881542, 25.670333440080121 ], [ -100.289885963738286, 25.669994650884735 ], [ -100.290787092557267, 25.669626580718472 ], [ -100.291349431672685, 25.669396650958578 ], [ -100.291851713061178, 25.66919339136151 ], [ -100.292228293005394, 25.669040560962717 ], [ -100.293261452585398, 25.668615550621453 ], [ -100.294021423219291, 25.668309251692108 ], [ -100.294975222373779, 25.66792290025273 ], [ -100.295742622064125, 25.667604181078406 ], [ -100.295898361615471, 25.667531911599458 ], [ -100.297069091818969, 25.666914052055514 ], [ -100.297512341910192, 25.66667099057468 ], [ -100.297614661854837, 25.666859820715384 ], [ -100.297751771817602, 25.667086301283614 ], [ -100.298314486591394, 25.668163489182998 ], [ -100.298485808265937, 25.66849280650354 ], [ -100.297357370767728, 25.669058681479065 ], [ -100.296559191696375, 25.669448679568347 ], [ -100.295546191620261, 25.669833011125615 ], [ -100.294528171221486, 25.670216560029999 ], [ -100.293025191655971, 25.670827949907604 ], [ -100.291993052804429, 25.671247310995827 ], [ -100.291413632329636, 25.671483560106982 ], [ -100.290444083125777, 25.671877879086185 ], [ -100.289324682176144, 25.672329129676275 ], [ -100.289050682407407, 25.672436100333211 ], [ -100.287952963429689, 25.672855150294811 ], [ -100.287168499058865, 25.673132279288534 ], [ -100.286939358080858, 25.672884862786596 ], [ -100.286441099372922, 25.672350913658722 ] ] ] } },
{ "type": "Feature", "properties": { "cvegeo": "1903900012754", "municipality": "Monterrey", "residents": 3205, "residents_18_24": 338.0, "share_18_24": 0.105 }, "geometry": { "type": "Polygon", "coordinates": [ [ [ -100.279738296305425, 25.67020555086329 ], [ -100.27928140482139, 25.669762420631105 ], [ -100.278874495053273, 25.6693282100487 ], [ -100.278749145332952, 25.669190041213838 ], [ -100.277752564902357, 25.668180440992902 ], [ -100.277366656643949, 25.667824990893795 ], [ -100.277114866277358, 25.667593071450838 ], [ -100.276974255626456, 25.667391110349296 ], [ -100.276773405137249, 25.667203450461624 ], [ -100.27672905528037, 25.667126979846117 ], [ -100.276817656962464, 25.667068850006729 ], [ -100.276947125548787, 25.667042790493937 ], [ -100.278203235292352, 25.666556410020814 ], [ -100.278306836409612, 25.666534590520946 ], [ -100.278336966301069, 25.666476591010561 ], [ -100.278629545724485, 25.666515471082413 ], [ -100.279004266321877, 25.666565281430394 ], [ -100.2799044648836, 25.666664071021444 ], [ -100.281175724388248, 25.666820710917289 ], [ -100.281482404767743, 25.666857011330695 ], [ -100.281868195606251, 25.666900191125084 ], [ -100.282248525702812, 25.666942780978879 ], [ -100.282324665638939, 25.666934651188161 ], [ -100.28319932529655, 25.667044911059754 ], [ -100.284298325576501, 25.667211680751269 ], [ -100.284467025359319, 25.667238680460187 ], [ -100.285021823500728, 25.667243701647621 ], [ -100.285087373975017, 25.66724408004437 ], [ -100.285887544893839, 25.667248671290686 ], [ -100.28642774320204, 25.667248611353859 ], [ -100.286928973354307, 25.667234881111 ], [ -100.2878905639446, 25.667222580473975 ], [ -100.288432922854142, 25.667204210940049 ], [ -100.289512883291707, 25.66712676069541 ], [ -100.289996542534496, 25.667094210805349 ], [ -100.2905613633298, 25.667072100176835 ], [ -100.291197572558616, 25.667039011163396 ], [ -100.291685432689846, 25.667009580929832 ], [ -100.291895882424413, 25.666999471352948 ], [ -100.292089222303602, 25.666985390790909 ], [ -100.292860252195737, 25.666928241030121 ], [ -100.293148852297165, 25.666914751410918 ], [ -100.293868371686997, 25.666869311775336 ], [ -100.294856312243454, 25.666807051106282 ], [ -100.295806892017993, 25.666734041515749 ], [ -100.296724371942645, 25.666657050811683 ], [ -100.297055771408168, 25.666619790945848 ], [ -100.297174621590671, 25.666532421655194 ], [ -100.297249590826425, 25.666415841000251 ], [ -100.297348322016319, 25.66621167045875 ], [ -100.297387880727086, 25.666351992011773 ], [ -100.297512341910192, 25.66667099057468 ], [ -100.297069091818969, 25.666914052055514 ], [ -100.295898361615471, 25.667531911599458 ], [ -100.295742622064125, 25.667604181078406 ], [ -100.294975222373779, 25.66792290025273 ], [ -100.294021423219291, 25.668309251692108 ], [ -100.293261452585398, 25.668615550621453 ], [ -100.292228293005394, 25.669040560962717 ], [ -100.291851713061178, 25.66919339136151 ], [ -100.291349431672685, 25.669396650958578 ], [ -100.290787092557267, 25.669626580718472 ], [ -100.289885963738286, 25.669994650884735 ], [ -100.288813722881542, 25.670333440080121 ], [ -100.288213623918736, 25.670567560139418 ], [ -100.287351123187975, 25.671009219969889 ], [ -100.287176004224591, 25.671087780191336 ], [ -100.286898282850686, 25.671206219238165 ], [ -100.285962193259067, 25.671528960305128 ], [ -100.285737254973128, 25.671614230289116 ], [ -100.285376973692507, 25.671216639486769 ], [ -100.285137094187874, 25.670891360141738 ], [ -100.284960863532021, 25.670630989446853 ], [ -100.284639803595553, 25.670064819594963 ], [ -100.284503223795184, 25.669755220466115 ], [ -100.284452634152146, 25.669448300340864 ], [ -100.284357224405341, 25.668062160477028 ], [ -100.283332394850547, 25.668433210205553 ], [ -100.283040605310262, 25.668550419772036 ], [ -100.282486115027837, 25.668765711192883 ], [ -100.281692395494332, 25.669077330142116 ], [ -100.280629515043145, 25.669491130262628 ], [ -100.279941826001064, 25.670056069447487 ], [ -100.279738296305425, 25.67020555086329 ] ] ] } },
{ "type": "Feature", "properties": { "cvegeo": "1903900012788", "municipality": "Monterrey", "residents": 0, "residents_18_24": 0.0, "share_18_24": null }, "geometry": { "type": "Polygon", "coordinates": [ [ [ -100.297512341910192, 25.66667099057468 ], [ -100.297944960838592, 25.666511101021843 ], [ -100.299031990235065, 25.666148311690264 ], [ -100.299786990954971, 25.665874701430514 ], [ -100.300064430992364, 25.665777051587536 ], [ -100.300411079926562, 25.665647441637834 ], [ -100.300837190292057, 25.665465111691521 ], [ -100.301227569702164, 25.665233391555407 ], [ -100.302307279712025, 25.664530621041038 ], [ -100.302350219752327, 25.664502012399083 ], [ -100.303305849746025, 25.663821052575162 ], [ -100.30350076054448, 25.663686302046312 ], [ -100.303925390300094, 25.663383672114801 ], [ -100.304336119703095, 25.663113312047457 ], [ -100.304680689293505, 25.662906212238333 ], [ -100.305494450226192, 25.662462641890809 ], [ -100.305919029806972, 25.662264552331155 ], [ -100.306398029856794, 25.662093013108269 ], [ -100.306865138241989, 25.661950551513353 ], [ -100.307320659388637, 25.661837642583723 ], [ -100.307727489796108, 25.661755281963057 ], [ -100.308025786828779, 25.66169895069277 ], [ -100.308420539299689, 25.661645888611794 ], [ -100.3090558498251, 25.661598485758653 ], [ -100.310069553369715, 25.661637823698129 ], [ -100.310294323836274, 25.661644784666311 ], [ -100.310524535749479, 25.6616501362411 ], [ -100.310864583071805, 25.66167334980382 ], [ -100.311046779939488, 25.661697892974441 ], [ -100.311313280703317, 25.661737866668858 ], [ -100.311523076837361, 25.661778270722387 ], [ -100.311763997158337, 25.661851796652652 ], [ -100.312022714174489, 25.661928590600223 ], [ -100.312494936362526, 25.662074547458097 ], [ -100.313020590850044, 25.662141804874143 ], [ -100.314009336215292, 25.662265893381463 ], [ -100.315014418717766, 25.662425675394584 ], [ -100.316006365741487, 25.662615958790905 ], [ -100.316444473808488, 25.662699196919984 ], [ -100.316998163797493, 25.662806216184684 ], [ -100.317983163850712, 25.662995166891772 ], [ -100.3189584465579, 25.663182255749657 ], [ -100.319301624896028, 25.663247334063648 ], [ -100.319593703030009, 25.663284809727212 ], [ -100.319986694650481, 25.663317005052008 ], [ -100.320564791141408, 25.663390058547385 ], [ -100.321107099154986, 25.663501145804034 ], [ -100.320712966390985, 25.665428422883657 ], [ -100.320692396297432, 25.665536902238635 ], [ -100.320143404154209, 25.665441320604568 ], [ -100.319612192598939, 25.665387655765279 ], [ -100.319435746083158, 25.665361714241708 ], [ -100.319140841408526, 25.66527606196891 ], [ -100.318590288977333, 25.665063589895865 ], [ -100.318273345818341, 25.664980785787478 ], [ -100.317782224150463, 25.664903690727005 ], [ -100.317573521928324, 25.664863143505396 ], [ -100.317053846432145, 25.664774627544912 ], [ -100.316601273526629, 25.66470538567226 ], [ -100.316031869929844, 25.664599634817854 ], [ -100.31565498648051, 25.664529639150732 ], [ -100.314759834120295, 25.664352608314537 ], [ -100.313941775635342, 25.664204129726809 ], [ -100.312647608537546, 25.663963896281057 ], [ -100.31228783412179, 25.663895368415002 ], [ -100.311526884151647, 25.663696921597197 ], [ -100.311106035862139, 25.663555026147016 ], [ -100.310162024141064, 25.663345713306061 ], [ -100.3097108790964, 25.663304309788437 ], [ -100.309371567776026, 25.663321917377047 ], [ -100.308634887008836, 25.663374266356247 ], [ -100.308208248590688, 25.663464685296947 ], [ -100.307903678414888, 25.663544992214735 ], [ -100.307646101638113, 25.663611618409583 ], [ -100.307031010844042, 25.663800785246618 ], [ -100.306737742859994, 25.663913808593044 ], [ -100.306301706021827, 25.664094647768227 ], [ -100.305979883431121, 25.664257045306496 ], [ -100.305657467329866, 25.664442643738052 ], [ -100.30544510132259, 25.664592550029475 ], [ -100.304963228264867, 25.664931241020355 ], [ -100.304311465575267, 25.665390145237648 ], [ -100.303683678706918, 25.665855511545924 ], [ -100.302855933137465, 25.666381016457457 ], [ -100.301904027730401, 25.666870114298792 ], [ -100.301058843974857, 25.66731745391246 ], [ -100.300598657583961, 25.667561585943069 ], [ -100.299931930861689, 25.667881384713684 ], [ -100.298485808265937, 25.66849280650354 ], [ -100.298314486591394, 25.668163489182998 ], [ -100.297751771817602, 25.667086301283614 ], [ -100.297614661854837, 25.666859820715384 ], [ -100.297512341910192, 25.66667099057468 ] ] ] } },
{ "type": "Feature", "properties": { "cvegeo": "1903900014731", "municipality": "Monterrey", "residents": 2772, "residents_18_24": 278.0, "share_18_24": 0.1 }, "geometry": { "type": "Polygon", "coordinates": [ [ [ -100.269004128998077, 25.659815622330637 ], [ -100.269153527646878, 25.659813592042092 ], [ -100.269302838503535, 25.659807932407372 ], [ -100.269580997778533, 25.65976531030849 ], [ -100.2697439970907, 25.659740681819173 ], [ -100.269861651999662, 25.659657193428668 ], [ -100.269998177208436, 25.65959408248715 ], [ -100.270128496865084, 25.659527838625721 ], [ -100.27024529839963, 25.659435192897085 ], [ -100.270351326958902, 25.659348112968001 ], [ -100.27047346681266, 25.659269962204871 ], [ -100.270576177464235, 25.659171592845983 ], [ -100.270668918948999, 25.659065391740896 ], [ -100.270763343009165, 25.658960442565743 ], [ -100.270870728171502, 25.65886627298163 ], [ -100.270979868286787, 25.65877378241867 ], [ -100.271089456023901, 25.658681712100684 ], [ -100.271204065841943, 25.658594821470505 ], [ -100.271309607480632, 25.658498951548179 ], [ -100.271410778645944, 25.658399302152837 ], [ -100.271511086785523, 25.658298913074375 ], [ -100.271617266776389, 25.658203622259048 ], [ -100.271726968066474, 25.658111672441191 ], [ -100.271842096744237, 25.658025355715495 ], [ -100.271943266433482, 25.657925683258576 ], [ -100.272050826611277, 25.657821983315287 ], [ -100.272146206659357, 25.657733352658383 ], [ -100.272303096564087, 25.657866872810526 ], [ -100.272453838106571, 25.658009332792755 ], [ -100.273334916537166, 25.658872282613469 ], [ -100.27343942793577, 25.658940512905744 ], [ -100.273545087551867, 25.659027793058286 ], [ -100.274097807038331, 25.659354352678243 ], [ -100.274709116937714, 25.659723311986443 ], [ -100.272835857478142, 25.65992575213124 ], [ -100.272773966619127, 25.659982841843703 ], [ -100.27260452659317, 25.660204301541409 ], [ -100.272459327617838, 25.660398982571696 ], [ -100.2723371167191, 25.660548071595812 ], [ -100.27275016648197, 25.660819612095661 ], [ -100.273593716744131, 25.661403450992154 ], [ -100.273799837170827, 25.661573701622451 ], [ -100.273522036706595, 25.661884791082027 ], [ -100.2734953664459, 25.661922761674866 ], [ -100.273260207375586, 25.662241151443347 ], [ -100.27318063812281, 25.662364882244244 ], [ -100.272994287156337, 25.662610241659291 ], [ -100.272900607881908, 25.662738841586851 ], [ -100.272884207471776, 25.662801701363211 ], [ -100.272924606822798, 25.662967762157795 ], [ -100.272698426866427, 25.662975510536533 ], [ -100.272050177119183, 25.663006531449202 ], [ -100.271856548264395, 25.662879710885566 ], [ -100.27186532734116, 25.663243310549881 ], [ -100.271882516811701, 25.6634648513933 ], [ -100.271879096557086, 25.663732931420391 ], [ -100.271886946988602, 25.663949591806116 ], [ -100.271803967570662, 25.664207071956646 ], [ -100.271727627513627, 25.664293391968521 ], [ -100.271727948302214, 25.664469330218751 ], [ -100.271746657926187, 25.664858350242159 ], [ -100.271769606458605, 25.665274381433552 ], [ -100.27179980741046, 25.665691391488799 ], [ -100.271833297878018, 25.66623362019525 ], [ -100.271572826988859, 25.666245081531532 ], [ -100.271345236771012, 25.66625510474778 ], [ -100.271345027498796, 25.666255111532266 ], [ -100.271011456965354, 25.666266040979831 ], [ -100.270220038712893, 25.66628608037551 ], [ -100.270178930834135, 25.665773745333738 ], [ -100.270178796846793, 25.665772081233737 ], [ -100.270106871728856, 25.664909173349944 ], [ -100.270106727640794, 25.664907441108962 ], [ -100.270044638649594, 25.664039210478197 ], [ -100.26999355433226, 25.663416744639779 ], [ -100.269993407053292, 25.663414951588813 ], [ -100.269885730145418, 25.662057396245803 ], [ -100.269885578495121, 25.662055480692 ], [ -100.26985431612907, 25.661558734090043 ], [ -100.269854197188721, 25.6615568424766 ], [ -100.269789448277564, 25.661010547809227 ], [ -100.269789215261838, 25.661008579661644 ], [ -100.26950748931003, 25.660806677667807 ], [ -100.269506197554648, 25.6608057519454 ], [ -100.269507514266948, 25.660804878332666 ], [ -100.269687802923556, 25.66068524479051 ], [ -100.269689147906163, 25.660684352437073 ], [ -100.269687826865251, 25.66068344635114 ], [ -100.26964139829451, 25.66065158247671 ], [ -100.26897354803944, 25.660316552427236 ], [ -100.268977373080901, 25.6600355795144 ], [ -100.268977398032945, 25.660033781085154 ], [ -100.269004128998077, 25.659815622330637 ] ] ] } },
{ "type": "Feature", "properties": { "cvegeo": "1903900012133", "municipality": "Monterrey", "residents": 3643, "residents_18_24": 421.0, "share_18_24": 0.116 }, "geometry": { "type": "Polygon", "coordinates": [ [ [ -100.302829481586286, 25.64255241701828 ], [ -100.302787760651825, 25.642577276749222 ], [ -100.302245160247139, 25.642664045353168 ], [ -100.302196111506561, 25.642678226264493 ], [ -100.301933600911298, 25.642816306166971 ], [ -100.301724250288075, 25.642930185965049 ], [ -100.301700031264986, 25.642940477043293 ], [ -100.301467177262722, 25.642530252646843 ], [ -100.301764138134175, 25.642421527823949 ], [ -100.301846229440557, 25.642358473138948 ], [ -100.301884880264808, 25.642329486180127 ], [ -100.301980430021231, 25.642135016074747 ], [ -100.302007910860439, 25.641747507140721 ], [ -100.302001710137986, 25.641663886601357 ], [ -100.301968360442302, 25.641284595828651 ], [ -100.301904801722046, 25.641008486702191 ], [ -100.301883287140399, 25.640885694013541 ], [ -100.301862459954279, 25.640766816355121 ], [ -100.301916165789549, 25.64043435754164 ], [ -100.301931791225883, 25.64034633603119 ], [ -100.302096182783018, 25.640071310762988 ], [ -100.302269407853274, 25.639945675184105 ], [ -100.302376007908876, 25.639875243752023 ], [ -100.302507353592603, 25.639820039011173 ], [ -100.302606340293181, 25.639772451093616 ], [ -100.302781467977127, 25.639719150830416 ], [ -100.302956595525842, 25.639643006646079 ], [ -100.303145048855285, 25.639591612265303 ], [ -100.303196445209068, 25.639572576164866 ], [ -100.303324520772989, 25.639494929149745 ], [ -100.303471571428148, 25.639394991905498 ], [ -100.303584356771893, 25.639300764501211 ], [ -100.303651457430234, 25.639253652195798 ], [ -100.303714275863797, 25.639205109754055 ], [ -100.303818496438694, 25.639126587931028 ], [ -100.3039512707645, 25.639040926884491 ], [ -100.304045497608769, 25.638992387206088 ], [ -100.30419540346881, 25.638886738094421 ], [ -100.304322340232574, 25.6388835650922 ], [ -100.304546207266554, 25.638586943925464 ], [ -100.304661690152258, 25.638477886751971 ], [ -100.30504279044618, 25.638607968058714 ], [ -100.305508429443776, 25.638765647252079 ], [ -100.305582619241179, 25.638801797746183 ], [ -100.306019849474794, 25.638886017494599 ], [ -100.3062327596693, 25.63891179747721 ], [ -100.306569969523849, 25.638932516451753 ], [ -100.30695972009201, 25.638956456504857 ], [ -100.30730902891554, 25.638980187867123 ], [ -100.307442690448795, 25.638981137112587 ], [ -100.307393420331636, 25.639029227306089 ], [ -100.306954889513051, 25.639328756468643 ], [ -100.30633527986997, 25.639816987270102 ], [ -100.306844020218222, 25.639886246946119 ], [ -100.307179599519415, 25.640020857281606 ], [ -100.308056109571481, 25.64030896752552 ], [ -100.308871509107064, 25.640585647222622 ], [ -100.308968538526102, 25.640641616612161 ], [ -100.308756959968406, 25.641052876312397 ], [ -100.308537028511566, 25.641437057312942 ], [ -100.308387049627498, 25.641698477243768 ], [ -100.30836189053656, 25.641717396423193 ], [ -100.308255028203959, 25.641852256405507 ], [ -100.307991078400121, 25.642180886603164 ], [ -100.307940599875295, 25.642241936861144 ], [ -100.307773345384803, 25.642496103416516 ], [ -100.307795282980052, 25.642648268740775 ], [ -100.307847451081713, 25.642715432886543 ], [ -100.307858830255327, 25.642727166905399 ], [ -100.308026318768853, 25.642849906906847 ], [ -100.308199060504577, 25.642972086081304 ], [ -100.30811479999926, 25.643078847031433 ], [ -100.307747918860528, 25.642846416007004 ], [ -100.307425908465447, 25.642593795599176 ], [ -100.307059660100904, 25.642928156285681 ], [ -100.306852509899571, 25.643121286244959 ], [ -100.306827250374852, 25.643101626393619 ], [ -100.306293321330102, 25.642882349077887 ], [ -100.306188030037944, 25.643050457636011 ], [ -100.306055613100042, 25.64301833562558 ], [ -100.305968168751804, 25.643092218158628 ], [ -100.305844317099712, 25.643125411479581 ], [ -100.305820109398724, 25.643139386917412 ], [ -100.305793662465604, 25.643133758354164 ], [ -100.305610379560306, 25.643031764799819 ], [ -100.305601389688064, 25.643043256347266 ], [ -100.305534710001496, 25.643111256436036 ], [ -100.305424310346353, 25.64322575633215 ], [ -100.305341830332367, 25.643290626423525 ], [ -100.305020990478468, 25.64295924552518 ], [ -100.304955219560227, 25.642901966911445 ], [ -100.304637761067355, 25.642604875961577 ], [ -100.303928259623817, 25.64197341721195 ], [ -100.303890279646851, 25.641929555900742 ], [ -100.303585169805643, 25.642104716508427 ], [ -100.303251520464414, 25.642248686489985 ], [ -100.303032451480988, 25.642406246327361 ], [ -100.302878051049717, 25.642518217156322 ], [ -100.302829481586286, 25.64255241701828 ] ] ] } },
{ "type": "Feature", "properties": { "cvegeo": "1903900014182", "municipality": "Monterrey", "residents": 2164, "residents_18_24": 211.0, "share_18_24": 0.098 }, "geometry": { "type": "Polygon", "coordinates": [ [ [ -100.299660230176215, 25.644611415538478 ], [ -100.299718860492789, 25.644123965836769 ], [ -100.299778401028846, 25.643666506204539 ], [ -100.299802156520329, 25.643358085404454 ], [ -100.299410194192987, 25.643405601274388 ], [ -100.299372571357779, 25.643066645440353 ], [ -100.299348261199953, 25.643009536189027 ], [ -100.299331711280956, 25.642984486409944 ], [ -100.299304080477668, 25.642953566687876 ], [ -100.299275991513937, 25.642929826036802 ], [ -100.29924672166652, 25.642907315373336 ], [ -100.299223881667146, 25.64288928581669 ], [ -100.299159161386001, 25.642858825446879 ], [ -100.298923880480885, 25.642861045376705 ], [ -100.298809880552682, 25.642878135220574 ], [ -100.298281891265773, 25.64291604556999 ], [ -100.29795143241968, 25.642926846198332 ], [ -100.297579322030444, 25.642921966427011 ], [ -100.296924941794501, 25.642888785656687 ], [ -100.296828961192674, 25.642379685492635 ], [ -100.29681691259907, 25.642315707025471 ], [ -100.296738682956786, 25.641940106382833 ], [ -100.29672249221629, 25.641862335711899 ], [ -100.296785572389311, 25.641853686474665 ], [ -100.297549370422161, 25.641670123129856 ], [ -100.29758826149758, 25.641633852366194 ], [ -100.297515842504396, 25.641320713763626 ], [ -100.297523921992521, 25.641197386271656 ], [ -100.297535691195577, 25.641014516515096 ], [ -100.297577362487644, 25.640437816394819 ], [ -100.298446741432286, 25.640538815892654 ], [ -100.29875583250201, 25.640439876468061 ], [ -100.298778402354017, 25.640425596925439 ], [ -100.298793892310456, 25.640420275695686 ], [ -100.298901481973061, 25.640391395736582 ], [ -100.299440021383489, 25.640493356700592 ], [ -100.299765941539349, 25.640447766982234 ], [ -100.299724310765612, 25.640651196845099 ], [ -100.299928460394, 25.640695986798896 ], [ -100.300330480817962, 25.640831566843449 ], [ -100.300352400785101, 25.640840657167825 ], [ -100.300374081844353, 25.640847355694088 ], [ -100.30041503155914, 25.640856986056331 ], [ -100.30050239137185, 25.640840677418307 ], [ -100.300547491064947, 25.640810107340901 ], [ -100.300644591470771, 25.640732857285094 ], [ -100.300932341027661, 25.640511717628971 ], [ -100.301267200866036, 25.640328117218434 ], [ -100.301524790931836, 25.640622689812911 ], [ -100.301678789124693, 25.640525034879008 ], [ -100.301775348628865, 25.640395668814485 ], [ -100.301916165789549, 25.64043435754164 ], [ -100.301862459954279, 25.640766816355121 ], [ -100.301883287140399, 25.640885694013541 ], [ -100.301904801722046, 25.641008486702191 ], [ -100.301968360442302, 25.641284595828651 ], [ -100.302001710137986, 25.641663886601357 ], [ -100.302007910860439, 25.641747507140721 ], [ -100.301980430021231, 25.642135016074747 ], [ -100.301884880264808, 25.642329486180127 ], [ -100.301846229440557, 25.642358473138948 ], [ -100.301764138134175, 25.642421527823949 ], [ -100.301467177262722, 25.642530252646843 ], [ -100.301700031264986, 25.642940477043293 ], [ -100.301724250288075, 25.642930185965049 ], [ -100.301933600911298, 25.642816306166971 ], [ -100.302196111506561, 25.642678226264493 ], [ -100.302245160247139, 25.642664045353168 ], [ -100.302787760651825, 25.642577276749222 ], [ -100.302829481586286, 25.64255241701828 ], [ -100.302831419661572, 25.642607087015524 ], [ -100.302841231017752, 25.642884815787252 ], [ -100.302858859371199, 25.643173155809521 ], [ -100.302869760384112, 25.643327875638967 ], [ -100.302905201141598, 25.643519486171975 ], [ -100.302956459843884, 25.643717316491042 ], [ -100.303039370668031, 25.643898286391714 ], [ -100.303086659694529, 25.643985055936522 ], [ -100.303259090889512, 25.644304675336816 ], [ -100.303210120273974, 25.644333225370765 ], [ -100.302522521326424, 25.644395015619086 ], [ -100.301992391485413, 25.644420985614527 ], [ -100.302080309485561, 25.644626736381063 ], [ -100.302211849456882, 25.644863516144952 ], [ -100.299660230176215, 25.644611415538478 ] ] ] } },
{ "type": "Feature", "properties": { "cvegeo": "1903900012152", "municipality": "Monterrey", "residents": 2360, "residents_18_24": 272.0, "share_18_24": 0.115 }, "geometry": { "type": "Polygon", "coordinates": [ [ [ -100.296374875036022, 25.64141767070759 ], [ -100.295818706967225, 25.641168017732532 ], [ -100.295548669550712, 25.640931960320636 ], [ -100.295503939316148, 25.640855496579761 ], [ -100.295463705397964, 25.640787790975654 ], [ -100.295408501844292, 25.640674419860314 ], [ -100.29531618534358, 25.640595553001901 ], [ -100.295203530763814, 25.640541146573291 ], [ -100.294997000918059, 25.640483112421705 ], [ -100.294756725695791, 25.640462836747528 ], [ -100.294530079915475, 25.640479765190026 ], [ -100.29424942293906, 25.640504085983814 ], [ -100.293921252338563, 25.640203256078912 ], [ -100.293860063241738, 25.640147155912675 ], [ -100.293679632292879, 25.639981757245849 ], [ -100.29326820299984, 25.639611416804321 ], [ -100.293220831962898, 25.639563217276429 ], [ -100.292768422590868, 25.63910293591444 ], [ -100.292290763333298, 25.63864299732488 ], [ -100.292103592885127, 25.638462756702641 ], [ -100.291619143302327, 25.637987937225105 ], [ -100.291255652489923, 25.637694997634185 ], [ -100.291187084283436, 25.637635596483342 ], [ -100.291079993646775, 25.637542817891088 ], [ -100.291010054327742, 25.637482228088807 ], [ -100.290272893840765, 25.636843657151623 ], [ -100.290257224131366, 25.636830086670223 ], [ -100.290179493937032, 25.636766197585398 ], [ -100.29011840471567, 25.636724506676028 ], [ -100.29004540410034, 25.636692537844315 ], [ -100.289978314651336, 25.636672486539986 ], [ -100.289807423594411, 25.636654647568225 ], [ -100.289782664838185, 25.636520537220239 ], [ -100.289752524480122, 25.636356017906046 ], [ -100.289654374287622, 25.636245846450791 ], [ -100.289507602970644, 25.63609873738455 ], [ -100.289432344177314, 25.636023286705584 ], [ -100.290729633447071, 25.634792877567069 ], [ -100.290561314267251, 25.634635937805161 ], [ -100.290847633626228, 25.634317617473652 ], [ -100.291337223558259, 25.634732476872347 ], [ -100.292709052613574, 25.635697247022371 ], [ -100.293754252031476, 25.636449647739838 ], [ -100.294646973630293, 25.637067906406784 ], [ -100.295473192238617, 25.63766771710284 ], [ -100.29565591225024, 25.637754306633628 ], [ -100.29581572306752, 25.637842617525568 ], [ -100.295987123143206, 25.637977076227251 ], [ -100.296431263129989, 25.638297107606682 ], [ -100.296808341615076, 25.637864487302817 ], [ -100.296799081193171, 25.637937076943082 ], [ -100.296810291451536, 25.638538557119766 ], [ -100.29687669287739, 25.638682616873503 ], [ -100.297058251041975, 25.639109246930822 ], [ -100.297146492678465, 25.639308216355264 ], [ -100.297203490808769, 25.639442026328744 ], [ -100.297420651553907, 25.639993596350308 ], [ -100.297577362487644, 25.640437816394819 ], [ -100.297535691195577, 25.641014516515096 ], [ -100.297523921992521, 25.641197386271656 ], [ -100.297515842504396, 25.641320713763626 ], [ -100.297399492868934, 25.641255536705682 ], [ -100.296969652868071, 25.641374506255755 ], [ -100.29669171254659, 25.641430885713742 ], [ -100.296575257975078, 25.641452704216057 ], [ -100.296374875036022, 25.64141767070759 ] ] ] } },
{ "type": "Feature", "properties": { "cvegeo": "1903900012082", "municipality": "Monterrey", "residents": 2402, "residents_18_24": 266.0, "share_18_24": 0.111 }, "geometry": { "type": "Polygon", "coordinates": [ [ [ -100.296125171179511, 25.648310185201726 ], [ -100.295778632582184, 25.647914755831625 ], [ -100.295618691116289, 25.647725255467094 ], [ -100.295335592279514, 25.647394474726312 ], [ -100.295129571934012, 25.647140186134607 ], [ -100.294859792358153, 25.646844255952509 ], [ -100.294617972352285, 25.646549675167357 ], [ -100.294406851775179, 25.646311655890493 ], [ -100.294085601788751, 25.645947024826498 ], [ -100.293942323019436, 25.645791684525648 ], [ -100.293511633587556, 25.64530207513921 ], [ -100.293165231894662, 25.644816336161476 ], [ -100.293097881813523, 25.644740025244435 ], [ -100.292710342771201, 25.644265076189097 ], [ -100.292305113071478, 25.643749385341039 ], [ -100.292265003304436, 25.643716316002862 ], [ -100.291792023859784, 25.643212685627702 ], [ -100.291637023299387, 25.643059585559492 ], [ -100.291168034142956, 25.642704647012536 ], [ -100.291119713608325, 25.64266531513789 ], [ -100.290959053706786, 25.642454586789395 ], [ -100.290997802833402, 25.642410395560226 ], [ -100.291223923057302, 25.642003316660261 ], [ -100.291493342653752, 25.641549685901978 ], [ -100.291767463825693, 25.641113395929889 ], [ -100.292297452839108, 25.640781025937873 ], [ -100.292715621805996, 25.640514365899026 ], [ -100.293133053143265, 25.640261226665118 ], [ -100.293482802631473, 25.640554276069992 ], [ -100.293549191958945, 25.640587757442592 ], [ -100.29424942293906, 25.640504085983814 ], [ -100.294530079915475, 25.640479765190026 ], [ -100.294756725695791, 25.640462836747528 ], [ -100.294997000918059, 25.640483112421705 ], [ -100.295203530763814, 25.640541146573291 ], [ -100.29531618534358, 25.640595553001901 ], [ -100.295408501844292, 25.640674419860314 ], [ -100.295463705397964, 25.640787790975654 ], [ -100.295503939316148, 25.640855496579761 ], [ -100.295548669550712, 25.640931960320636 ], [ -100.295818706967225, 25.641168017732532 ], [ -100.296374875036022, 25.64141767070759 ], [ -100.296575257975078, 25.641452704216057 ], [ -100.29669171254659, 25.641430885713742 ], [ -100.296969652868071, 25.641374506255755 ], [ -100.297399492868934, 25.641255536705682 ], [ -100.297515842504396, 25.641320713763626 ], [ -100.29758826149758, 25.641633852366194 ], [ -100.297549370422161, 25.641670123129856 ], [ -100.296785572389311, 25.641853686474665 ], [ -100.29672249221629, 25.641862335711899 ], [ -100.296738682956786, 25.641940106382833 ], [ -100.29681691259907, 25.642315707025471 ], [ -100.296828961192674, 25.642379685492635 ], [ -100.296924941794501, 25.642888785656687 ], [ -100.297579322030444, 25.642921966427011 ], [ -100.29795143241968, 25.642926846198332 ], [ -100.298281891265773, 25.64291604556999 ], [ -100.298809880552682, 25.642878135220574 ], [ -100.298923880480885, 25.642861045376705 ], [ -100.299159161386001, 25.642858825446879 ], [ -100.299223881667146, 25.64288928581669 ], [ -100.29924672166652, 25.642907315373336 ], [ -100.299275991513937, 25.642929826036802 ], [ -100.299304080477668, 25.642953566687876 ], [ -100.299331711280956, 25.642984486409944 ], [ -100.299348261199953, 25.643009536189027 ], [ -100.299372571357779, 25.643066645440353 ], [ -100.299410194192987, 25.643405601274388 ], [ -100.299802156520329, 25.643358085404454 ], [ -100.299778401028846, 25.643666506204539 ], [ -100.299718860492789, 25.644123965836769 ], [ -100.299660230176215, 25.644611415538478 ], [ -100.299614621525123, 25.644963535982189 ], [ -100.29960225143725, 25.64508956550933 ], [ -100.299547600287852, 25.645555195399307 ], [ -100.299482861742291, 25.646065485971114 ], [ -100.299429220220148, 25.646517825076238 ], [ -100.299360020610493, 25.647053886061265 ], [ -100.300385621708671, 25.647166514398645 ], [ -100.300688391391276, 25.647199784982462 ], [ -100.300621190205703, 25.647807025269092 ], [ -100.30053286139416, 25.648384915116935 ], [ -100.298784740569801, 25.6482133959741 ], [ -100.298675790936386, 25.648202705736928 ], [ -100.297368850980561, 25.648065255097134 ], [ -100.297379021922865, 25.648656955605723 ], [ -100.297393621048656, 25.649096855090903 ], [ -100.297406252574945, 25.649304504277055 ], [ -100.29740969235408, 25.649757334323727 ], [ -100.297168991864964, 25.649507534002243 ], [ -100.296956362041414, 25.649252153978541 ], [ -100.296658481450635, 25.64892001419463 ], [ -100.296250162385363, 25.648457244273196 ], [ -100.296125171179511, 25.648310185201726 ] ] ] } },
{ "type": "Feature", "properties": { "cvegeo": "1903900013663", "municipality": "Monterrey", "residents": 4832, "residents_18_24": 569.0, "share_18_24": 0.118 }, "geometry": { "type": "Polygon", "coordinates": [ [ [ -100.290561314267251, 25.634635937805161 ], [ -100.290435064322509, 25.634520958504563 ], [ -100.290188483422057, 25.634294907729149 ], [ -100.289934573739643, 25.634070308448997 ], [ -100.289687373317804, 25.633838998116545 ], [ -100.289433463818611, 25.633608737767791 ], [ -100.289245694671664, 25.633428457440019 ], [ -100.289202054932844, 25.633391718717728 ], [ -100.288991033537258, 25.633200078514534 ], [ -100.28877765477695, 25.633009847494186 ], [ -100.289122994489773, 25.632571278235595 ], [ -100.28910842406367, 25.632565768895745 ], [ -100.289149683400368, 25.632509488191033 ], [ -100.289038794407503, 25.632435998379425 ], [ -100.289258654214876, 25.63223570735142 ], [ -100.289259124114821, 25.632215357575447 ], [ -100.289317513582148, 25.632187827793249 ], [ -100.289618344947655, 25.631946967338568 ], [ -100.289880254127795, 25.63169633899205 ], [ -100.289850744776629, 25.631687937918006 ], [ -100.289932854362647, 25.631397339095887 ], [ -100.290016794253148, 25.631102588293118 ], [ -100.290603144537556, 25.631399958937859 ], [ -100.290949563464864, 25.631581507474483 ], [ -100.291451804519482, 25.631833168228681 ], [ -100.291881692521173, 25.632041658317608 ], [ -100.291924714227392, 25.631974968127601 ], [ -100.292027852661917, 25.632032088367893 ], [ -100.292506392599691, 25.632333308347373 ], [ -100.293033462563088, 25.632675968741552 ], [ -100.293689633247496, 25.633107458468775 ], [ -100.293982653864589, 25.633300158045824 ], [ -100.294929372434709, 25.633938708111849 ], [ -100.295408962495671, 25.634256117738754 ], [ -100.296053542170228, 25.633485447592026 ], [ -100.296139633386517, 25.633386487419674 ], [ -100.296530141963359, 25.632885508375995 ], [ -100.296678393069342, 25.632703707927636 ], [ -100.296882262350465, 25.632451427421838 ], [ -100.297897312938531, 25.633132448470754 ], [ -100.299101850899731, 25.633958658467836 ], [ -100.299207402182034, 25.63403178797298 ], [ -100.298939911974514, 25.634303906977429 ], [ -100.299040741429906, 25.63439210858818 ], [ -100.299718402014236, 25.635078817154554 ], [ -100.299587110794917, 25.635122787095739 ], [ -100.29906240208517, 25.635215397434312 ], [ -100.29829072133046, 25.635460566783372 ], [ -100.298193851013849, 25.635594426968737 ], [ -100.297976121724943, 25.63592931744973 ], [ -100.297753522917972, 25.636287996739853 ], [ -100.297631541672388, 25.63647379759206 ], [ -100.297527941388296, 25.636616996677883 ], [ -100.29738723276985, 25.636824857217022 ], [ -100.297251851098224, 25.636994826535691 ], [ -100.29714296132552, 25.637124217131365 ], [ -100.297081082726194, 25.637229998171588 ], [ -100.296911199391289, 25.637588521345155 ], [ -100.296854881740714, 25.637705167200973 ], [ -100.296822591306224, 25.637787617366723 ], [ -100.296808341615076, 25.637864487302817 ], [ -100.296431263129989, 25.638297107606682 ], [ -100.295987123143206, 25.637977076227251 ], [ -100.29581572306752, 25.637842617525568 ], [ -100.29565591225024, 25.637754306633628 ], [ -100.295473192238617, 25.63766771710284 ], [ -100.294646973630293, 25.637067906406784 ], [ -100.293754252031476, 25.636449647739838 ], [ -100.292709052613574, 25.635697247022371 ], [ -100.291337223558259, 25.634732476872347 ], [ -100.290847633626228, 25.634317617473652 ], [ -100.290561314267251, 25.634635937805161 ] ] ] } },
{ "type": "Feature", "properties": { "cvegeo": "190390001420A", "municipality": "Monterrey", "residents": 3029, "residents_18_24": 391.0, "share_18_24": 0.129 }, "geometry": { "type": "Polygon", "coordinates": [ [ [ -100.299672400523363, 25.638940617507188 ], [ -100.299555486614707, 25.638815231537919 ], [ -100.299315191383812, 25.638660826249055 ], [ -100.298975469942505, 25.638580119892652 ], [ -100.298900679419006, 25.638592930926055 ], [ -100.298736684612322, 25.638676686466223 ], [ -100.298708522312936, 25.638639206293419 ], [ -100.298578434190333, 25.638724443793244 ], [ -100.298371161174174, 25.638583395985439 ], [ -100.298310103657442, 25.638578160354864 ], [ -100.298292986992365, 25.638603956662546 ], [ -100.298271845853165, 25.638604360589071 ], [ -100.298254233725288, 25.638488365000264 ], [ -100.298278014374318, 25.638429267301479 ], [ -100.29827193554307, 25.638357016952401 ], [ -100.298361703604201, 25.638259668343789 ], [ -100.298395812552855, 25.638184084059365 ], [ -100.298406163761044, 25.638120901557137 ], [ -100.298375797777425, 25.638053641936168 ], [ -100.298317271532227, 25.638012983245559 ], [ -100.298292619599891, 25.638063122400467 ], [ -100.298265958743386, 25.638155580358788 ], [ -100.29822438296695, 25.638203942822884 ], [ -100.298023218512242, 25.638302482250687 ], [ -100.298029107391187, 25.638166658612359 ], [ -100.298037142187169, 25.638126641476219 ], [ -100.298019711978966, 25.638088795864558 ], [ -100.298019720441346, 25.638001016546625 ], [ -100.297835821092292, 25.637929917184465 ], [ -100.297709962637725, 25.637887017190785 ], [ -100.297684521210584, 25.637877456813783 ], [ -100.297671604301541, 25.637904089226932 ], [ -100.297395337458639, 25.637798899910059 ], [ -100.296911199391289, 25.637588521345155 ], [ -100.297081082726194, 25.637229998171588 ], [ -100.29714296132552, 25.637124217131365 ], [ -100.297251851098224, 25.636994826535691 ], [ -100.29738723276985, 25.636824857217022 ], [ -100.297527941388296, 25.636616996677883 ], [ -100.297631541672388, 25.63647379759206 ], [ -100.297753522917972, 25.636287996739853 ], [ -100.297976121724943, 25.63592931744973 ], [ -100.298193851013849, 25.635594426968737 ], [ -100.29829072133046, 25.635460566783372 ], [ -100.29906240208517, 25.635215397434312 ], [ -100.299587110794917, 25.635122787095739 ], [ -100.299718402014236, 25.635078817154554 ], [ -100.299040741429906, 25.63439210858818 ], [ -100.298939911974514, 25.634303906977429 ], [ -100.299207402182034, 25.63403178797298 ], [ -100.299411372072839, 25.633829427487633 ], [ -100.299577481977337, 25.633655678098613 ], [ -100.299830162321101, 25.633828417290893 ], [ -100.299911622301281, 25.633902517421227 ], [ -100.300118971999765, 25.634120058419363 ], [ -100.300313721416927, 25.634320847894177 ], [ -100.30059556097666, 25.634532107818618 ], [ -100.300716021835598, 25.634611286982867 ], [ -100.300893482345273, 25.634720028491145 ], [ -100.302198601942152, 25.635530247967594 ], [ -100.302814250255082, 25.635959356865737 ], [ -100.302964881301634, 25.636060277536561 ], [ -100.30302244195083, 25.636101513805031 ], [ -100.303182570811188, 25.636211216842121 ], [ -100.303261650310915, 25.636295156707767 ], [ -100.303414059825201, 25.636452617659689 ], [ -100.30387047951163, 25.637018457622332 ], [ -100.303947079213671, 25.637119358191338 ], [ -100.304031451419291, 25.637200517012641 ], [ -100.30416981942912, 25.637323337794157 ], [ -100.304279229738086, 25.637411426404459 ], [ -100.304318920728548, 25.637445997730232 ], [ -100.304387230393559, 25.637528736643798 ], [ -100.30442271011772, 25.637690557979216 ], [ -100.304422820158905, 25.63782328769447 ], [ -100.304422050680529, 25.637998286690078 ], [ -100.304410089537143, 25.638123906160992 ], [ -100.304397160756395, 25.63825481800194 ], [ -100.304323169920039, 25.638450796498329 ], [ -100.304306851465256, 25.638487757193452 ], [ -100.304259570828805, 25.638609556609534 ], [ -100.30419231126838, 25.638792857318542 ], [ -100.304113969855592, 25.638874626568601 ], [ -100.303877959587965, 25.638738967178902 ], [ -100.303754390587571, 25.638868416976909 ], [ -100.303698719891315, 25.638931157401409 ], [ -100.303687800222363, 25.638939017125249 ], [ -100.303671289793314, 25.638945886246731 ], [ -100.303621921201213, 25.638963687046022 ], [ -100.303504889937273, 25.639009257094187 ], [ -100.303491960481182, 25.639016077516796 ], [ -100.303340959848768, 25.638826487224826 ], [ -100.30331239127861, 25.63879411761415 ], [ -100.303287430740738, 25.638819277012196 ], [ -100.30315243089332, 25.638700847501887 ], [ -100.303028631183437, 25.63859310722016 ], [ -100.302932509897474, 25.638509427250959 ], [ -100.302865280371975, 25.638456656374441 ], [ -100.302555821379968, 25.638616876406704 ], [ -100.302372051423859, 25.638666957941119 ], [ -100.302177650648702, 25.638716556905432 ], [ -100.301989691359594, 25.638762217313754 ], [ -100.301575940263746, 25.638861906351252 ], [ -100.30152374029025, 25.638845337925254 ], [ -100.301488221599371, 25.638833647211737 ], [ -100.301451190990477, 25.638755397333423 ], [ -100.301441630674333, 25.638752796611744 ], [ -100.301421361262754, 25.638751885990576 ], [ -100.301262080798693, 25.638746826914129 ], [ -100.301072921761786, 25.638737707871371 ], [ -100.300879740626954, 25.638731917906206 ], [ -100.300787401182106, 25.638757706626077 ], [ -100.30072271035958, 25.638690826269766 ], [ -100.300642692013895, 25.638594056436958 ], [ -100.300505771694446, 25.638440556466705 ], [ -100.300198400602611, 25.638620256526668 ], [ -100.300222761318835, 25.639052907605318 ], [ -100.300231860443759, 25.639307212709621 ], [ -100.300202356682234, 25.639317488528889 ], [ -100.300072939869821, 25.639345902647381 ], [ -100.300056175992921, 25.639353156896284 ], [ -100.300032705683364, 25.639348320360455 ], [ -100.300009237785588, 25.639333810816481 ], [ -100.29999180156895, 25.639317488438902 ], [ -100.299955593835932, 25.639306608161821 ], [ -100.299875126109939, 25.639290889241074 ], [ -100.299810082586802, 25.639263081472279 ], [ -100.299788179753406, 25.639238473029511 ], [ -100.299771865104816, 25.639172970268447 ], [ -100.299730177857313, 25.639055585967167 ], [ -100.299672400523363, 25.638940617507188 ] ] ] } },
{ "type": "Feature", "properties": { "cvegeo": "1903900014197", "municipality": "Monterrey", "residents": 2456, "residents_18_24": 297.0, "share_18_24": 0.121 }, "geometry": { "type": "Polygon", "coordinates": [ [ [ -100.297577362487644, 25.640437816394819 ], [ -100.297420651553907, 25.639993596350308 ], [ -100.297203490808769, 25.639442026328744 ], [ -100.297146492678465, 25.639308216355264 ], [ -100.297058251041975, 25.639109246930822 ], [ -100.29687669287739, 25.638682616873503 ], [ -100.296810291451536, 25.638538557119766 ], [ -100.296799081193171, 25.637937076943082 ], [ -100.296808341615076, 25.637864487302817 ], [ -100.296822591306224, 25.637787617366723 ], [ -100.296854881740714, 25.637705167200973 ], [ -100.296911199391289, 25.637588521345155 ], [ -100.297395337458639, 25.637798899910059 ], [ -100.297671604301541, 25.637904089226932 ], [ -100.297684521210584, 25.637877456813783 ], [ -100.297709962637725, 25.637887017190785 ], [ -100.297835821092292, 25.637929917184465 ], [ -100.298019720441346, 25.638001016546625 ], [ -100.298019711978966, 25.638088795864558 ], [ -100.298037142187169, 25.638126641476219 ], [ -100.298029107391187, 25.638166658612359 ], [ -100.298023218512242, 25.638302482250687 ], [ -100.29822438296695, 25.638203942822884 ], [ -100.298265958743386, 25.638155580358788 ], [ -100.298292619599891, 25.638063122400467 ], [ -100.298317271532227, 25.638012983245559 ], [ -100.298375797777425, 25.638053641936168 ], [ -100.298406163761044, 25.638120901557137 ], [ -100.298395812552855, 25.638184084059365 ], [ -100.298361703604201, 25.638259668343789 ], [ -100.29827193554307, 25.638357016952401 ], [ -100.298278014374318, 25.638429267301479 ], [ -100.298254233725288, 25.638488365000264 ], [ -100.298271845853165, 25.638604360589071 ], [ -100.298292986992365, 25.638603956662546 ], [ -100.298310103657442, 25.638578160354864 ], [ -100.298371161174174, 25.638583395985439 ], [ -100.298578434190333, 25.638724443793244 ], [ -100.298708522312936, 25.638639206293419 ], [ -100.298736684612322, 25.638676686466223 ], [ -100.298900679419006, 25.638592930926055 ], [ -100.298975469942505, 25.638580119892652 ], [ -100.299315191383812, 25.638660826249055 ], [ -100.299555486614707, 25.638815231537919 ], [ -100.299672400523363, 25.638940617507188 ], [ -100.299730177857313, 25.639055585967167 ], [ -100.299771865104816, 25.639172970268447 ], [ -100.299788179753406, 25.639238473029511 ], [ -100.299810082586802, 25.639263081472279 ], [ -100.299875126109939, 25.639290889241074 ], [ -100.299955593835932, 25.639306608161821 ], [ -100.29999180156895, 25.639317488438902 ], [ -100.300009237785588, 25.639333810816481 ], [ -100.300032705683364, 25.639348320360455 ], [ -100.300056175992921, 25.639353156896284 ], [ -100.300072939869821, 25.639345902647381 ], [ -100.300202356682234, 25.639317488528889 ], [ -100.300231860443759, 25.639307212709621 ], [ -100.300222761318835, 25.639052907605318 ], [ -100.300198400602611, 25.638620256526668 ], [ -100.300505771694446, 25.638440556466705 ], [ -100.300642692013895, 25.638594056436958 ], [ -100.30072271035958, 25.638690826269766 ], [ -100.300787401182106, 25.638757706626077 ], [ -100.300879740626954, 25.638731917906206 ], [ -100.301072921761786, 25.638737707871371 ], [ -100.301262080798693, 25.638746826914129 ], [ -100.301421361262754, 25.638751885990576 ], [ -100.301441630674333, 25.638752796611744 ], [ -100.301451190990477, 25.638755397333423 ], [ -100.301488221599371, 25.638833647211737 ], [ -100.30152374029025, 25.638845337925254 ], [ -100.301575940263746, 25.638861906351252 ], [ -100.301989691359594, 25.638762217313754 ], [ -100.302177650648702, 25.638716556905432 ], [ -100.302372051423859, 25.638666957941119 ], [ -100.302555821379968, 25.638616876406704 ], [ -100.302865280371975, 25.638456656374441 ], [ -100.302932509897474, 25.638509427250959 ], [ -100.303028631183437, 25.63859310722016 ], [ -100.30315243089332, 25.638700847501887 ], [ -100.303287430740738, 25.638819277012196 ], [ -100.30331239127861, 25.63879411761415 ], [ -100.303340959848768, 25.638826487224826 ], [ -100.303491960481182, 25.639016077516796 ], [ -100.303504889937273, 25.639009257094187 ], [ -100.303621921201213, 25.638963687046022 ], [ -100.303671289793314, 25.638945886246731 ], [ -100.303687800222363, 25.638939017125249 ], [ -100.303698719891315, 25.638931157401409 ], [ -100.303754390587571, 25.638868416976909 ], [ -100.303877959587965, 25.638738967178902 ], [ -100.304113969855592, 25.638874626568601 ], [ -100.30419540346881, 25.638886738094421 ], [ -100.304045497608769, 25.638992387206088 ], [ -100.3039512707645, 25.639040926884491 ], [ -100.303818496438694, 25.639126587931028 ], [ -100.303714275863797, 25.639205109754055 ], [ -100.303651457430234, 25.639253652195798 ], [ -100.303584356771893, 25.639300764501211 ], [ -100.303471571428148, 25.639394991905498 ], [ -100.303324520772989, 25.639494929149745 ], [ -100.303196445209068, 25.639572576164866 ], [ -100.303145048855285, 25.639591612265303 ], [ -100.302956595525842, 25.639643006646079 ], [ -100.302781467977127, 25.639719150830416 ], [ -100.302606340293181, 25.639772451093616 ], [ -100.302507353592603, 25.639820039011173 ], [ -100.302376007908876, 25.639875243752023 ], [ -100.302269407853274, 25.639945675184105 ], [ -100.302096182783018, 25.640071310762988 ], [ -100.301931791225883, 25.64034633603119 ], [ -100.301916165789549, 25.64043435754164 ], [ -100.301775348628865, 25.640395668814485 ], [ -100.301678789124693, 25.640525034879008 ], [ -100.301524790931836, 25.640622689812911 ], [ -100.301267200866036, 25.640328117218434 ], [ -100.300932341027661, 25.640511717628971 ], [ -100.300644591470771, 25.640732857285094 ], [ -100.300547491064947, 25.640810107340901 ], [ -100.30050239137185, 25.640840677418307 ], [ -100.30041503155914, 25.640856986056331 ], [ -100.300374081844353, 25.640847355694088 ], [ -100.300352400785101, 25.640840657167825 ], [ -100.300330480817962, 25.640831566843449 ], [ -100.299928460394, 25.640695986798896 ], [ -100.299724310765612, 25.640651196845099 ], [ -100.299765941539349, 25.640447766982234 ], [ -100.299440021383489, 25.640493356700592 ], [ -100.298901481973061, 25.640391395736582 ], [ -100.298793892310456, 25.640420275695686 ], [ -100.298778402354017, 25.640425596925439 ], [ -100.29875583250201, 25.640439876468061 ], [ -100.298446741432286, 25.640538815892654 ], [ -100.297577362487644, 25.640437816394819 ] ] ] } },
{ "type": "Feature", "properties": { "cvegeo": "190260001207A", "municipality": "Guadalupe", "residents": 2199, "residents_18_24": 253.0, "share_18_24": 0.115 }, "geometry": { "type": "Polygon", "coordinates": [ [ [ -100.269526698115698, 25.641163475325609 ], [ -100.269561688181369, 25.641295155231937 ], [ -100.26965332869554, 25.641394215875856 ], [ -100.269726837924665, 25.641487795368075 ], [ -100.269820717908004, 25.641621615883903 ], [ -100.269879466824108, 25.641746135622707 ], [ -100.269946527962531, 25.641840395527964 ], [ -100.270033887338158, 25.641950275832485 ], [ -100.270115577644404, 25.642005285975412 ], [ -100.270273747570627, 25.642111795928205 ], [ -100.270398699179154, 25.642186025370542 ], [ -100.270522697591332, 25.642261584943391 ], [ -100.270652368227289, 25.642328855894529 ], [ -100.270792268428238, 25.642376386329737 ], [ -100.270957807830229, 25.642406425456397 ], [ -100.271218837502815, 25.642486535161769 ], [ -100.271358167353029, 25.642535444862588 ], [ -100.271499658797453, 25.642578935613681 ], [ -100.271641147334833, 25.642622426203967 ], [ -100.27178877724549, 25.642643256123204 ], [ -100.271936398186511, 25.642664086712951 ], [ -100.272082066976964, 25.642694166131395 ], [ -100.272227747696675, 25.642724256429506 ], [ -100.272373298425961, 25.642754795987948 ], [ -100.272518547339757, 25.642786515845874 ], [ -100.272665997037336, 25.642808355266173 ], [ -100.272812267473071, 25.642835956101081 ], [ -100.272977940467626, 25.642867616396749 ], [ -100.273101267587663, 25.642891194908529 ], [ -100.27318529683005, 25.642913476347058 ], [ -100.273245776659962, 25.642940215688466 ], [ -100.27325027491635, 25.642942313860008 ], [ -100.27337406715813, 25.643000045803866 ], [ -100.273473727013979, 25.643100935876202 ], [ -100.273496996592598, 25.643234715441366 ], [ -100.273515486793983, 25.643369105905002 ], [ -100.273515353369945, 25.643370110392492 ], [ -100.273497657860474, 25.643503566263945 ], [ -100.273473196695591, 25.643637165987254 ], [ -100.273473190095089, 25.64363886849004 ], [ -100.273472627276391, 25.643789516174863 ], [ -100.273490326793635, 25.64392399591836 ], [ -100.27352029681802, 25.644056675666015 ], [ -100.273563487449351, 25.644162886163915 ], [ -100.273589698338952, 25.644296216041933 ], [ -100.273647806560206, 25.644420964731669 ], [ -100.273743468223813, 25.644524995611636 ], [ -100.273863068372563, 25.644638334725535 ], [ -100.273968566595983, 25.644734655621477 ], [ -100.274113627852728, 25.644970795862438 ], [ -100.274177917411208, 25.645093044699443 ], [ -100.274211457333891, 25.645225015698312 ], [ -100.274244236825652, 25.645357134397671 ], [ -100.274257087800606, 25.645492074397165 ], [ -100.274274006859358, 25.645626625172969 ], [ -100.274290926833331, 25.645761185013164 ], [ -100.274294546388603, 25.645810184545095 ], [ -100.27430092648342, 25.645896304306365 ], [ -100.27431048642238, 25.646031455071363 ], [ -100.274319317339405, 25.646166645037635 ], [ -100.274320727771681, 25.646302075157646 ], [ -100.274321946337651, 25.646437485029235 ], [ -100.274321656679589, 25.646572905648625 ], [ -100.27432163590386, 25.646573339908667 ], [ -100.274315127010681, 25.646708214655366 ], [ -100.274304626375255, 25.646843304365039 ], [ -100.274293931729204, 25.646916193249115 ], [ -100.274289046513587, 25.64694948839373 ], [ -100.274287447868531, 25.646960380287734 ], [ -100.274286959340742, 25.646963710255577 ], [ -100.274284927192923, 25.646977556283353 ], [ -100.274284912859827, 25.646977580617925 ], [ -100.274248368459482, 25.647037207374325 ], [ -100.274241293188396, 25.64704875248886 ], [ -100.274212367349207, 25.647095934790116 ], [ -100.274169774156846, 25.647146392193378 ], [ -100.274158929918613, 25.647159235934442 ], [ -100.274121577971954, 25.647203475384398 ], [ -100.274012366600175, 25.647295904546905 ], [ -100.273883256939925, 25.64736404473306 ], [ -100.273778096438761, 25.647441534942221 ], [ -100.273644836835572, 25.64754182518093 ], [ -100.273553776472227, 25.647581024750725 ], [ -100.273424886914214, 25.64764950619907 ], [ -100.273311116805743, 25.647737305314184 ], [ -100.273195666608871, 25.647823274589243 ], [ -100.273078087950509, 25.647906814996666 ], [ -100.272967177290496, 25.647997564917763 ], [ -100.272847657178829, 25.648078825351909 ], [ -100.272720666785091, 25.648150195093841 ], [ -100.272462027200518, 25.648285853611682 ], [ -100.272353468675547, 25.648362284374734 ], [ -100.272229868634852, 25.648454703894732 ], [ -100.27209600746724, 25.648520955697045 ], [ -100.27197012691758, 25.648593915241552 ], [ -100.271822626850224, 25.648615424525634 ], [ -100.271673207951679, 25.648616564433762 ], [ -100.271374397833569, 25.648617514365974 ], [ -100.271224977496061, 25.648616654654969 ], [ -100.271075607967717, 25.648613554897597 ], [ -100.270926917121557, 25.648600285101015 ], [ -100.270778977627003, 25.648581315190118 ], [ -100.270480288201796, 25.648589444204081 ], [ -100.270407487632482, 25.648604644570646 ], [ -100.270206168366855, 25.648686794812054 ], [ -100.270070597742802, 25.648743715150356 ], [ -100.269936567321892, 25.648799794125154 ], [ -100.269797227709788, 25.648849645044884 ], [ -100.26951836811898, 25.648946934459108 ], [ -100.269385398324999, 25.649008703721439 ], [ -100.269219917973317, 25.64909350420071 ], [ -100.269109579075746, 25.648954874425865 ], [ -100.268818767872688, 25.648213424619346 ], [ -100.268899209197883, 25.647609515118276 ], [ -100.268906008828253, 25.647558514219511 ], [ -100.268623428139193, 25.647547195124783 ], [ -100.268453688660585, 25.647561254873366 ], [ -100.268280147917395, 25.647628383596164 ], [ -100.268127069618487, 25.647687044564734 ], [ -100.268290608988252, 25.647490654292966 ], [ -100.268361918724565, 25.647384884861619 ], [ -100.26841165949628, 25.64727725386831 ], [ -100.26844860832999, 25.647042854029081 ], [ -100.268436837882774, 25.646819424429669 ], [ -100.268352728396039, 25.646633183947785 ], [ -100.268268088578353, 25.646527334896188 ], [ -100.268249668051624, 25.646497083840543 ], [ -100.268248438691387, 25.64644964509694 ], [ -100.26825009819369, 25.646374653947191 ], [ -100.268276498308978, 25.646310564454357 ], [ -100.268422128683, 25.64625467543053 ], [ -100.26905069799146, 25.64651193482679 ], [ -100.26904528848344, 25.6460534756051 ], [ -100.269055778097453, 25.645502444835245 ], [ -100.269062868112869, 25.645092785491034 ], [ -100.269062658518038, 25.644789875646158 ], [ -100.269069837799819, 25.644607386002665 ], [ -100.269074058982611, 25.644043565251909 ], [ -100.269065598700394, 25.643482646022736 ], [ -100.269071168677101, 25.643134675773744 ], [ -100.269081069443999, 25.642503085559824 ], [ -100.26909456800405, 25.641952855388464 ], [ -100.269009549411678, 25.641607195381077 ], [ -100.268932038896381, 25.641313046682185 ], [ -100.26892369932574, 25.641296056639909 ], [ -100.269349088878883, 25.641182486012465 ], [ -100.269526698115698, 25.641163475325609 ] ] ] } },
{ "type": "Feature", "properties": { "cvegeo": "1902600010853", "municipality": "Guadalupe", "residents": 4562, "residents_18_24": 552.0, "share_18_24": 0.121 }, "geometry": { "type": "Polygon", "coordinates": [ [ [ -100.268556228517951, 25.659814931671811 ], [ -100.26849439844753, 25.659815781694117 ], [ -100.268406798489522, 25.659813531454326 ], [ -100.26826488904004, 25.659771161618689 ], [ -100.268127129085002, 25.659718651676453 ], [ -100.26798674847106, 25.659672271873166 ], [ -100.267846058591275, 25.659626651395886 ], [ -100.26771134867829, 25.659568041826734 ], [ -100.267574239139577, 25.65951422145698 ], [ -100.267441168761096, 25.659452611806124 ], [ -100.267300029349983, 25.659408161460775 ], [ -100.267158728695193, 25.659364101978909 ], [ -100.267013659134619, 25.65933167134839 ], [ -100.266867299431311, 25.6593042815079 ], [ -100.266720199347887, 25.65928048173506 ], [ -100.266673978820265, 25.65926065139567 ], [ -100.266866859028553, 25.658900701247809 ], [ -100.266970229101204, 25.658695112135021 ], [ -100.267007289173876, 25.65856195219618 ], [ -100.266989039583805, 25.658539191871974 ], [ -100.266979409591386, 25.658504901944816 ], [ -100.266916179431945, 25.656564452394257 ], [ -100.266898969095507, 25.656172392346704 ], [ -100.26688946961508, 25.655812332596692 ], [ -100.266958488875844, 25.655353502591254 ], [ -100.266997459064356, 25.65529964250204 ], [ -100.267567799540956, 25.655083612759633 ], [ -100.267569299262803, 25.65578782233715 ], [ -100.268076968900303, 25.655496502235295 ], [ -100.268589398806313, 25.655209552900221 ], [ -100.269018669314278, 25.654972502293283 ], [ -100.269029368597984, 25.65386222291351 ], [ -100.269412668924517, 25.653583932729997 ], [ -100.269583748735556, 25.653504052672741 ], [ -100.270097718403946, 25.653257272587048 ], [ -100.270359238692336, 25.653126872699993 ], [ -100.270603928904606, 25.653008102959454 ], [ -100.270656888525707, 25.652936873001298 ], [ -100.27082905784188, 25.652833272820313 ], [ -100.270854807107042, 25.652843164580538 ], [ -100.270973257246212, 25.652925752961377 ], [ -100.271096827428906, 25.653001873573441 ], [ -100.271359548250118, 25.653130934111573 ], [ -100.271496007086668, 25.653184904968754 ], [ -100.271639148091708, 25.653254913959316 ], [ -100.271744127957632, 25.653323483740046 ], [ -100.271991968493253, 25.653474682671035 ], [ -100.27211782812185, 25.65354767357724 ], [ -100.272241316646543, 25.653623932948239 ], [ -100.272356406789626, 25.653710284140672 ], [ -100.27246666830078, 25.653801683858397 ], [ -100.272575696820709, 25.653894302731857 ], [ -100.272679716645214, 25.653991512831631 ], [ -100.272772236588224, 25.654097843942978 ], [ -100.272891577362373, 25.654205392953067 ], [ -100.272991716694406, 25.654305913881235 ], [ -100.273095086956317, 25.654403703450956 ], [ -100.273218746578564, 25.654516153928231 ], [ -100.273306576961886, 25.654625702557883 ], [ -100.273373606845098, 25.654746732540854 ], [ -100.273428236371188, 25.65487279381248 ], [ -100.273469237629897, 25.655141082786432 ], [ -100.273483116750654, 25.655275933259173 ], [ -100.273528627744199, 25.655543623694129 ], [ -100.273562037209572, 25.655675623149815 ], [ -100.273562015323719, 25.655677421618623 ], [ -100.273558687202808, 25.65594645306971 ], [ -100.273553776871893, 25.656081812299146 ], [ -100.273485696541002, 25.656345552852823 ], [ -100.273408636579788, 25.656461563542212 ], [ -100.273338496486744, 25.656581152774041 ], [ -100.273258006894991, 25.656695251954478 ], [ -100.273146946864529, 25.656785842000708 ], [ -100.273026026357769, 25.656865393329578 ], [ -100.272907546978814, 25.656947932767871 ], [ -100.27279379737746, 25.657035733004545 ], [ -100.272682965714793, 25.657126563758002 ], [ -100.272577857390985, 25.657222823094024 ], [ -100.272471896458413, 25.657318312020607 ], [ -100.272358096724133, 25.657406072374414 ], [ -100.2722308082773, 25.657477022617105 ], [ -100.272210807784163, 25.657611221839844 ], [ -100.272146206659357, 25.657733352658383 ], [ -100.272050826611277, 25.657821983315287 ], [ -100.271943266433482, 25.657925683258576 ], [ -100.271842096744237, 25.658025355715495 ], [ -100.271726968066474, 25.658111672441191 ], [ -100.271617266776389, 25.658203622259048 ], [ -100.271511086785523, 25.658298913074375 ], [ -100.271410778645944, 25.658399302152837 ], [ -100.271309607480632, 25.658498951548179 ], [ -100.271204065841943, 25.658594821470505 ], [ -100.271089456023901, 25.658681712100684 ], [ -100.270979868286787, 25.65877378241867 ], [ -100.270870728171502, 25.65886627298163 ], [ -100.270763343009165, 25.658960442565743 ], [ -100.270668918948999, 25.659065391740896 ], [ -100.270576177464235, 25.659171592845983 ], [ -100.27047346681266, 25.659269962204871 ], [ -100.270351326958902, 25.659348112968001 ], [ -100.27024529839963, 25.659435192897085 ], [ -100.270128496865084, 25.659527838625721 ], [ -100.269998177208436, 25.65959408248715 ], [ -100.269861651999662, 25.659657193428668 ], [ -100.2697439970907, 25.659740681819173 ], [ -100.269580997778533, 25.65976531030849 ], [ -100.269302838503535, 25.659807932407372 ], [ -100.269153527646878, 25.659813592042092 ], [ -100.269004128998077, 25.659815622330637 ], [ -100.268854928859099, 25.659823111530439 ], [ -100.26870559855827, 25.659818581510805 ], [ -100.268604598656879, 25.659816101319763 ], [ -100.268556228517951, 25.659814931671811 ] ] ] } },
{ "type": "Feature", "properties": { "cvegeo": "1902600011160", "municipality": "Guadalupe", "residents": 3568, "residents_18_24": 367.0, "share_18_24": 0.103 }, "geometry": { "type": "Polygon", "coordinates": [ [ [ -100.258715800669947, 25.661912511308977 ], [ -100.258829270734083, 25.661751360677975 ], [ -100.259022810610645, 25.66152190122056 ], [ -100.259145000661277, 25.661313790660472 ], [ -100.259571871326273, 25.660738421589759 ], [ -100.259689751180261, 25.660557220958584 ], [ -100.259815770837278, 25.660381670927737 ], [ -100.260042920815849, 25.660063901650897 ], [ -100.260437200992513, 25.659480731682311 ], [ -100.260851611091894, 25.65887893117684 ], [ -100.261185150643442, 25.658402531969816 ], [ -100.261309060618345, 25.658234751708189 ], [ -100.261606579952698, 25.657786851927163 ], [ -100.26166448957224, 25.657683212126148 ], [ -100.262063999929083, 25.657119312594403 ], [ -100.262539199449179, 25.656406842242809 ], [ -100.263779549646856, 25.654663213229288 ], [ -100.263959660051185, 25.654386593367168 ], [ -100.2650322092218, 25.652817963622439 ], [ -100.265271719760491, 25.652453312952581 ], [ -100.265311780084332, 25.652394993270814 ], [ -100.265801779792014, 25.651733593170615 ], [ -100.26588605902397, 25.651615874284332 ], [ -100.265385749422364, 25.651174934341586 ], [ -100.264965859630905, 25.650764283460024 ], [ -100.264724289729614, 25.650537913226604 ], [ -100.264709039270372, 25.650509053591129 ], [ -100.264741199496569, 25.650258133873631 ], [ -100.264759839894182, 25.650214243895544 ], [ -100.264958609951719, 25.649933274088657 ], [ -100.264985170310794, 25.649894243917252 ], [ -100.265134659504156, 25.649441584049772 ], [ -100.265149069092516, 25.648926753571374 ], [ -100.265135629664741, 25.648848884886792 ], [ -100.265042529309284, 25.648588014047679 ], [ -100.264979608659416, 25.648412675097493 ], [ -100.26524382890247, 25.648345453951364 ], [ -100.265352209954173, 25.648330784821212 ], [ -100.265472688767318, 25.648365844995531 ], [ -100.265613519794314, 25.648406813685774 ], [ -100.266205548896508, 25.648732674140323 ], [ -100.266770528651918, 25.649068164736153 ], [ -100.267293628389083, 25.649373014578813 ], [ -100.267619859092648, 25.649562613895863 ], [ -100.268212888441127, 25.649907304495859 ], [ -100.268162527862799, 25.64997228352653 ], [ -100.26811792785351, 25.650101534231521 ], [ -100.268102548969466, 25.650219114230708 ], [ -100.26810255510533, 25.650220681711591 ], [ -100.268103088194408, 25.650354553561183 ], [ -100.268103058631297, 25.650355044868469 ], [ -100.268086069104001, 25.650641503254935 ], [ -100.268086092846389, 25.6506425003824 ], [ -100.268089268830778, 25.650776903632494 ], [ -100.268100399185045, 25.650911954503275 ], [ -100.268123719510726, 25.651024564595978 ], [ -100.268190578440084, 25.651145683302087 ], [ -100.268291579077029, 25.651245483119954 ], [ -100.268403007135063, 25.651335713129587 ], [ -100.268517468084809, 25.651422754339137 ], [ -100.268652948829924, 25.651522814203393 ], [ -100.268736888291144, 25.651605023115945 ], [ -100.26886889804652, 25.651709044057117 ], [ -100.268948928010516, 25.651794392967098 ], [ -100.269061977693966, 25.651882934012253 ], [ -100.269320367599136, 25.652019014045869 ], [ -100.269552967769243, 25.65218904428496 ], [ -100.269680147383511, 25.652260113266639 ], [ -100.269724467447631, 25.652280994228942 ], [ -100.269774127249235, 25.652304382648584 ], [ -100.269870007916907, 25.652349532655823 ], [ -100.269945327542416, 25.652385013413795 ], [ -100.270221177015401, 25.652489183539668 ], [ -100.270476597944494, 25.652629783516481 ], [ -100.270598058393674, 25.65270865347545 ], [ -100.270717258277784, 25.652790305091418 ], [ -100.27082905784188, 25.652833272820313 ], [ -100.270656888525707, 25.652936873001298 ], [ -100.270603928904606, 25.653008102959454 ], [ -100.270359238692336, 25.653126872699993 ], [ -100.270097718403946, 25.653257272587048 ], [ -100.269583748735556, 25.653504052672741 ], [ -100.269412668924517, 25.653583932729997 ], [ -100.269029368597984, 25.65386222291351 ], [ -100.269018669314278, 25.654972502293283 ], [ -100.268589398806313, 25.655209552900221 ], [ -100.268076968900303, 25.655496502235295 ], [ -100.267569299262803, 25.65578782233715 ], [ -100.267567799540956, 25.655083612759633 ], [ -100.266997459064356, 25.65529964250204 ], [ -100.266958488875844, 25.655353502591254 ], [ -100.26688946961508, 25.655812332596692 ], [ -100.266898969095507, 25.656172392346704 ], [ -100.266916179431945, 25.656564452394257 ], [ -100.266979409591386, 25.658504901944816 ], [ -100.266989039583805, 25.658539191871974 ], [ -100.267007289173876, 25.65856195219618 ], [ -100.266970229101204, 25.658695112135021 ], [ -100.266866859028553, 25.658900701247809 ], [ -100.266673978820265, 25.65926065139567 ], [ -100.266585169504594, 25.659222511691322 ], [ -100.266453239068667, 25.659158931744539 ], [ -100.266319119399071, 25.659099221714424 ], [ -100.266177699641631, 25.659055511973694 ], [ -100.26603217989198, 25.65902476172462 ], [ -100.265883269494239, 25.659013361726792 ], [ -100.265735119798194, 25.658995881724984 ], [ -100.265586029911347, 25.658986761647618 ], [ -100.265436599354132, 25.658985471990668 ], [ -100.265291239916181, 25.658954051587095 ], [ -100.265147689762173, 25.658916501910344 ], [ -100.265001329563589, 25.658889211911209 ], [ -100.264866129871194, 25.658831531488794 ], [ -100.264595859872898, 25.658715951288507 ], [ -100.264453640086387, 25.65867444172002 ], [ -100.264304749960075, 25.658662911647216 ], [ -100.264155459931132, 25.658657272045893 ], [ -100.264006030001241, 25.658658211506882 ], [ -100.263856630345984, 25.658659281775964 ], [ -100.263707430498883, 25.658666821451995 ], [ -100.263560060488274, 25.658689241472313 ], [ -100.263418949683981, 25.658733821554669 ], [ -100.26328746046822, 25.6587981114527 ], [ -100.263148239766608, 25.658847351661077 ], [ -100.263008499763245, 25.658895301645416 ], [ -100.262873060634007, 25.658952501775659 ], [ -100.262738430345237, 25.659011251767787 ], [ -100.262607839809846, 25.659077071196876 ], [ -100.26248641063772, 25.659155991128827 ], [ -100.262375629854034, 25.65924690134073 ], [ -100.262272320579598, 25.659344731862642 ], [ -100.26220503031675, 25.659465641692968 ], [ -100.262130720592964, 25.65958315182413 ], [ -100.262057269969674, 25.659701071361017 ], [ -100.261993690460741, 25.659823620977679 ], [ -100.261933920839965, 25.659947751689671 ], [ -100.261874030823492, 25.660071821179748 ], [ -100.261815380157387, 25.660196381364564 ], [ -100.261761120353626, 25.660322561687849 ], [ -100.261709320856141, 25.66044961166844 ], [ -100.261666300510868, 25.660579281509175 ], [ -100.261603180778181, 25.66070204094018 ], [ -100.261564660331985, 25.660832881292809 ], [ -100.261523200866932, 25.660963010852551 ], [ -100.261488870778521, 25.661094821493709 ], [ -100.261460770919982, 25.66122782078515 ], [ -100.261444170320473, 25.661362411303003 ], [ -100.261431900227194, 25.66149738136858 ], [ -100.261446070340909, 25.661632191106992 ], [ -100.261455350583731, 25.661767360725303 ], [ -100.261479870586555, 25.661900960741978 ], [ -100.261498260944109, 25.662035350569187 ], [ -100.261519260802402, 25.662169420737467 ], [ -100.261541550526303, 25.66230336083656 ], [ -100.261568640625967, 25.66243653095156 ], [ -100.261602930895066, 25.662568350620656 ], [ -100.261645210759085, 25.66269824073688 ], [ -100.261706400404307, 25.662821790490629 ], [ -100.261768170722846, 25.662945110750513 ], [ -100.261811490626002, 25.663074711061547 ], [ -100.261878290563629, 25.663195850597425 ], [ -100.261949889884917, 25.663314730712255 ], [ -100.262039170493622, 25.663480380651663 ], [ -100.262047040116585, 25.663494980936981 ], [ -100.261663640756211, 25.663368781058161 ], [ -100.261594920107981, 25.663346580521964 ], [ -100.261397290561263, 25.663276610230525 ], [ -100.260588750582357, 25.663019960509473 ], [ -100.260218530679097, 25.662860820545145 ], [ -100.258715800669947, 25.661912511308977 ] ] ] } }
]
}
