id,name,activity,category,employees,lat,lon,dist_campus_m,distance_ring
10667859,BIO SOLUCIONES INTEGRALES,Servicios de fumigación agrícola,otro,31 a 50 personas,25.6608765,-100.30307121,1721.0,1-2 km
11493308,FUMIGACIONES AECO,Servicios de fumigación agrícola,otro,0 a 5 personas,25.63809778,-100.29522856,1587.0,1-2 km
9296933,CAC LA SILLA,Comercialización de energía eléctrica,otro,6 a 10 personas,25.63619594,-100.28257993,1827.0,1-2 km
12288115,CFE,Generación de electricidad a partir de combustibles fósiles,otro,6 a 10 personas,25.63619594,-100.28257993,1827.0,1-2 km
3040484,COMISION FEDERAL DE ELECTRICIDAD,Generación de electricidad a partir de combustibles fósiles,otro,0 a 5 personas,25.64266294,-100.28238558,1205.0,1-2 km
9097502,NATURGY,Suministro de gas natural por ductos al consumidor final,otro,6 a 10 personas,25.63619594,-100.28257993,1827.0,1-2 km
9479956,OFICINA COMERCIAL CONTRY DE SERVICIOS DE AGUA Y DRENAJE DE MONTERREY,"Captación, tratamiento y suministro de agua realizados por el sector público",otro,51 a 100 personas,25.63619594,-100.28257993,1827.0,1-2 km
12291913,OFICINA DE AGUA Y DRENAJE SUCURSAL PLAZA LA SILLA,"Captación, tratamiento y suministro de agua realizados por el sector público",otro,11 a 30 personas,25.63619594,-100.28257993,1827.0,1-2 km
8411084,SUBESTACION ELECTRICA LOMA LARGA,Distribución de energía eléctrica,otro,0 a 5 personas,25.65436073,-100.30960186,2042.0,> 2 km
9762283,4 SOLUCIONES EN CONSTRUCCION,Trabajos de pintura y otros cubrimientos de paredes,otro,6 a 10 personas,25.64878719,-100.27292289,1687.0,1-2 km
6860787,ARQUITECTURA E INGENIERIA DEL PONIENTE,"Edificación de inmuebles comerciales y de servicios, excepto la supervisión",otro,51 a 100 personas,25.65909572,-100.29952596,1320.0,1-2 km
7805646,BODEGA,Otros trabajos en exteriores,otro,0 a 5 personas,25.6585026,-100.28372225,979.0,500 m-1 km
9325583,CASAS OMNI,Edificación de vivienda unifamiliar,otro,31 a 50 personas,25.66254754,-100.30470892,1965.0,1-2 km
12309161,CO3 INGENIEROS,Instalaciones eléctricas en construcciones,otro,6 a 10 personas,25.6602498,-100.30431993,1782.0,1-2 km
6148136,COMPACTACIONES Y OBRAS DE MONTERREY,Construcción de obras de urbanización,otro,0 a 5 personas,25.65371994,-100.2974222,835.0,500 m-1 km
6147868,CONSTRUCCIONES GV DE MONTERREY,Edificación de vivienda unifamiliar,otro,11 a 30 personas,25.6616059,-100.27079688,2191.0,> 2 km
9392279,CONSTRUCCIONES MIRON FLORES,Construcción de obras de urbanización,otro,6 a 10 personas,25.6439886,-100.27319534,1830.0,1-2 km
9317653,CONSTRUCCIONES Y EDIFICACIONES TOLSUA,Construcción de obras de urbanización,otro,31 a 50 personas,25.66437088,-100.28361614,1558.0,1-2 km
6148325,CONSTRUCTORA 428,"Edificación de naves y plantas industriales, excepto la supervisión",otro,0 a 5 personas,25.63451455,-100.29995354,2150.0,> 2 km
6148398,CONSTRUCTORA MATA Y ASOCIADOS,"Edificación de inmuebles comerciales y de servicios, excepto la supervisión",otro,6 a 10 personas,25.65894192,-100.29868306,1245.0,1-2 km
9282266,CONSTRUCTORA MONTELIZ,Otras construcciones de ingeniería civil,otro,0 a 5 personas,25.65345924,-100.29991108,1068.0,1-2 km
12308676,CONSTRUCTORA MON-TEM,"Construcción de carreteras, puentes y similares",otro,0 a 5 personas,25.65995022,-100.301304,1518.0,1-2 km
6148328,CONSTRUCTORA Y COMERCIALIZADORA PIRAMIDE,Construcción de obras de urbanización,otro,31 a 50 personas,25.63326016,-100.2970072,2153.0,> 2 km
6694421,CONSTRUGALA,Edificación de vivienda unifamiliar,otro,11 a 30 personas,25.63821957,-100.2962753,1615.0,1-2 km
9460971,D4 ARQUITECTURA,Edificación de vivienda unifamiliar,otro,51 a 100 personas,25.64513673,-100.28822103,708.0,500 m-1 km
9319554,DESARROLLOS NG,"Edificación de inmuebles comerciales y de servicios, excepto la supervisión",otro,0 a 5 personas,25.66128149,-100.29958601,1493.0,1-2 km
12308829,DESPACHO DE ARQUITECTOS,"Construcción de carreteras, puentes y similares",otro,0 a 5 personas,25.63465052,-100.28138418,2032.0,> 2 km
9320138,DOESA,"Edificación de inmuebles comerciales y de servicios, excepto la supervisión",otro,6 a 10 personas,25.65411763,-100.305119,1594.0,1-2 km
6711868,EDIFICA ARLE,Edificación de vivienda unifamiliar,otro,51 a 100 personas,25.63593791,-100.2783497,2051.0,> 2 km
9317451,EDIFICACIONES G,"Edificación de inmuebles comerciales y de servicios, excepto la supervisión",otro,11 a 30 personas,25.66698705,-100.281887,1894.0,1-2 km
8648979,ELECTOEDIFICACIONES IEMSA,Supervisión de edificación de inmuebles comerciales y de servicios,otro,11 a 30 personas,25.66873411,-100.28279755,2041.0,> 2 km
3034683,ENSICOM,Instalaciones eléctricas en construcciones,otro,0 a 5 personas,25.65308315,-100.30434907,1500.0,1-2 km
2995435,GLOBAL SIS CONTROL ,Instalaciones eléctricas en construcciones,otro,11 a 30 personas,25.63643429,-100.29769572,1856.0,1-2 km
9470663,GONZALEZ GUERRERO INGENIERIA,"Edificación de naves y plantas industriales, excepto la supervisión",otro,11 a 30 personas,25.64948358,-100.2995819,1033.0,1-2 km
9320128,GRAKON OBRAS Y SERVICIOS,Edificación de vivienda unifamiliar,otro,0 a 5 personas,25.6540652,-100.30423895,1507.0,1-2 km
9320592,GREZCONSA,"Edificación de inmuebles comerciales y de servicios, excepto la supervisión",otro,0 a 5 personas,25.65976458,-100.28949701,930.0,500 m-1 km
6148225,GRUFI CONSTRUCTORA,Edificación de vivienda unifamiliar,otro,101 a 250 personas,25.63986757,-100.27801272,1723.0,1-2 km
6712062,GRUPO EDIFICA,Edificación de vivienda multifamiliar,otro,0 a 5 personas,25.63599298,-100.2777798,2077.0,> 2 km
6368231,GRUPO SACA,Instalaciones eléctricas en construcciones,otro,101 a 250 personas,25.6623561,-100.304702,1951.0,1-2 km
2929689,HERMETICA IMPERMEABILIZACION,Otros trabajos de acabados en edificaciones,otro,0 a 5 personas,25.66944781,-100.28916244,2007.0,> 2 km
10372154,HULTERRA DESARROLLOS,Edificación de vivienda unifamiliar,otro,0 a 5 personas,25.64085292,-100.28096153,1452.0,1-2 km
9289132,HYD TECH MAQUINARIA,Preparación de terrenos para la construcción,otro,0 a 5 personas,25.65450883,-100.27701467,1298.0,1-2 km
9321000,IDEAS Y PLANEACION EN CONSTRUCCION,"Edificación de inmuebles comerciales y de servicios, excepto la supervisión",otro,51 a 100 personas,25.65916389,-100.29613269,1090.0,1-2 km
9320337,IECSA INGENIERIA Y ECOTECNOLOGIA CONSTRUCTIVA,"Edificación de naves y plantas industriales, excepto la supervisión",otro,11 a 30 personas,25.64293362,-100.29331393,1016.0,1-2 km
3038587,IMPERMEABILIZANTES Y PRODUCTOS ESPECIALIZADOS,Colocación de pisos flexibles y de madera,otro,11 a 30 personas,25.66914674,-100.29002741,1974.0,1-2 km
11743719,INFRAESTRUCTURA Y CODUCCION AVANZADA,"Edificación de naves y plantas industriales, excepto la supervisión",otro,51 a 100 personas,25.65677515,-100.29333512,711.0,500 m-1 km
6148110,INMOBILIARIA CERRO DE LA SILLA,Edificación de vivienda unifamiliar,otro,51 a 100 personas,25.64779114,-100.27590344,1421.0,1-2 km
6148065,INMOBILIARIA GARZA PEQUENO,Edificación de vivienda unifamiliar,otro,11 a 30 personas,25.66347119,-100.27309376,2123.0,> 2 km
12301379,INMOBILIARIA LOZAVEN,"Edificación de inmuebles comerciales y de servicios, excepto la supervisión",otro,0 a 5 personas,25.64423291,-100.2980961,1174.0,1-2 km
6148166,"INMOBILIARIA Y CONSTRUCCIONES GENERA, S.A. DE C.V","Edificación de inmuebles comerciales y de servicios, excepto la supervisión",otro,11 a 30 personas,25.64956654,-100.27339854,1627.0,1-2 km
11366005,INSTALACIONES AVENTURA,Edificación de vivienda unifamiliar,otro,0 a 5 personas,25.66518421,-100.27534563,2089.0,> 2 km
2994194,INSTALACIONES HIDROSANITARIAS Y DE GAS SIN NOMBRE,Instalaciones hidrosanitarias y de gas,otro,0 a 5 personas,25.65888567,-100.28721,863.0,500 m-1 km
6217196,INSTALACIONES YOMAX,Instalaciones eléctricas en construcciones,otro,31 a 50 personas,25.66029136,-100.30652338,1972.0,1-2 km
9309817,LARSA PROYECTOS Y CONSTRUCCIONES,"Edificación de inmuebles comerciales y de servicios, excepto la supervisión",otro,0 a 5 personas,25.65123344,-100.30621907,1676.0,1-2 km
11831792,LC CONSTRUCCIONES,Edificación de vivienda unifamiliar,otro,0 a 5 personas,25.65989192,-100.28637609,995.0,500 m-1 km
12301335,MANTENIMIENTOS GERENCIALES,"Edificación de inmuebles comerciales y de servicios, excepto la supervisión",otro,11 a 30 personas,25.64925842,-100.27437341,1535.0,1-2 km
9147755,OFICINA CONSTRUCTORA OBRAS DEL NORTE,"Construcción de carreteras, puentes y similares",otro,11 a 30 personas,25.63464814,-100.2813754,2033.0,> 2 km
8779085,OTROS TRABAJOS DE ACABADOS EN EDIFICACIONES SIN NOMBRE,Otros trabajos de acabados en edificaciones,otro,0 a 5 personas,25.66401198,-100.29854804,1670.0,1-2 km
11619167,PORTONES MONTERREY,Otros trabajos en exteriores,otro,0 a 5 personas,25.64045859,-100.28357892,1354.0,1-2 km
12309118,PROYECTOS Y DESARROLLO CARRIEDO,Instalaciones eléctricas en construcciones,otro,11 a 30 personas,25.65786541,-100.30539761,1748.0,1-2 km
8411523,RCC EDIFICACIONES,Edificación de vivienda unifamiliar,otro,251 y más personas,25.6598352,-100.29782082,1255.0,1-2 km
11478861,RCH INSTALACIONES,Colocación de muros falsos y aislamiento,otro,31 a 50 personas,25.6600642,-100.30249503,1620.0,1-2 km
6217317,RISAGA,Instalaciones hidrosanitarias y de gas,otro,11 a 30 personas,25.66818264,-100.28942936,1866.0,1-2 km
12309120,SERVICIOS INTEGRALES ELECTROMECANICOS,Instalaciones eléctricas en construcciones,otro,31 a 50 personas,25.64798081,-100.27989963,1035.0,1-2 km
9320625,SERVICIOS Y CONSTRUCCIONES KALKER,"Edificación de inmuebles comerciales y de servicios, excepto la supervisión",otro,31 a 50 personas,25.66133825,-100.28244432,1312.0,1-2 km
9325505,SMART BUILDING,"Edificación de inmuebles comerciales y de servicios, excepto la supervisión",otro,101 a 250 personas,25.65604157,-100.31072486,2189.0,> 2 km
9306957,SOLUCION ARTE EN CONSTRUCCION,"Edificación de inmuebles comerciales y de servicios, excepto la supervisión",otro,0 a 5 personas,25.66618325,-100.29797169,1850.0,1-2 km
8649306,SOLUCIONES SHABRUN,Instalaciones hidrosanitarias y de gas,otro,0 a 5 personas,25.65208464,-100.27860479,1095.0,1-2 km
9288078,SOPORTE DE PROYECTO,"Edificación de inmuebles comerciales y de servicios, excepto la supervisión",otro,0 a 5 personas,25.66061043,-100.2992873,1418.0,1-2 km
9280042,THREE CONSULTORIA MEDIO AMBIENTAL,"Edificación de naves y plantas industriales, excepto la supervisión",otro,6 a 10 personas,25.64432836,-100.28580068,869.0,500 m-1 km
8648965,TOTAL NETWORKS,Instalaciones eléctricas en construcciones,otro,0 a 5 personas,25.63464802,-100.28137496,2033.0,> 2 km
12293285,URBANIZACION SA AGV,Edificación de vivienda unifamiliar,otro,0 a 5 personas,25.64926312,-100.27411695,1560.0,1-2 km
12292428,URBANIZACIONES Y MATERIALES DE CONSTRUCCION PARGOLERO,Edificación de vivienda unifamiliar,otro,11 a 30 personas,25.6668223,-100.28401425,1801.0,1-2 km
11721831,VICTORIX SI ARQUITECTOS,"Construcción de obras para el tratamiento, distribución y suministro de agua y drenaje",otro,6 a 10 personas,25.63812001,-100.28421245,1569.0,1-2 km
10245130,WIKINET,Instalaciones eléctricas en construcciones,otro,6 a 10 personas,25.65134646,-100.30329996,1383.0,1-2 km
6148194,ZUNIGA CONSTRUCCIONES,"Edificación de naves y plantas industriales, excepto la supervisión",otro,31 a 50 personas,25.65887221,-100.28395017,1000.0,500 m-1 km
10249712,AGUA DE MANANTIAL DEL EDEN,Purificación y embotellado de agua,otro,0 a 5 personas,25.66704847,-100.29251777,1766.0,1-2 km
11294790,ARTE EL CARAMELO,"Elaboración de dulces, chicles y productos de confitería que no sean de chocolate",otro,0 a 5 personas,25.65113993,-100.31068873,2124.0,> 2 km
10339555,BODEGA DE SALON DE EVENTOS LOS GAVIONES,"Confección de cortinas, blancos y similares",otro,0 a 5 personas,25.64841919,-100.27337705,1650.0,1-2 km
11320256,BODEGA RUGS NHOME,Fabricación de alfombras y tapetes,otro,0 a 5 personas,25.65699183,-100.30703726,1865.0,1-2 km
11586114,BORDADOS HASTBERIGE,"Confección, bordado y deshilado de productos textiles",otro,0 a 5 personas,25.65123186,-100.30621943,1676.0,1-2 km
3038870,BORDAREY,"Confección, bordado y deshilado de productos textiles",otro,6 a 10 personas,25.66612488,-100.29005728,1638.0,1-2 km
10341673,BUENA SEMILLA PANADERIA,Panificación tradicional,otro,6 a 10 personas,25.64013819,-100.27225503,2135.0,> 2 km
2982455,CAFE EL GRANDE,Elaboración de café tostado y molido,otro,51 a 100 personas,25.66026503,-100.28049361,1337.0,1-2 km
6704624,CAFIVER,Elaboración de café tostado y molido,otro,0 a 5 personas,25.64472807,-100.27475066,1654.0,1-2 km
10313120,CENTRO DE BORDADOS Y SERIGRAFIA,"Confección, bordado y deshilado de productos textiles",otro,6 a 10 personas,25.64454129,-100.28783421,781.0,500 m-1 km
8297869,CHAMARRAS Y BORDADOS,"Confección, bordado y deshilado de productos textiles",otro,6 a 10 personas,25.66395922,-100.29954906,1722.0,1-2 km
9778083,CHICHARRONERA SIN NOMBRE,Elaboración de botanas,otro,0 a 5 personas,25.66510582,-100.29400458,1589.0,1-2 km
6811090,CINTOS FREEDOM,Confección de otros accesorios y prendas de vestir no clasificados en otra parte,otro,0 a 5 personas,25.66670478,-100.29532461,1799.0,1-2 km
2994172,COMERCIALIZADORA PAUFEL,Confección en serie de uniformes,otro,11 a 30 personas,25.66525421,-100.27588509,2058.0,> 2 km
10877268,COMERSIALISADORA SES CRL CV,Confección de otros accesorios y prendas de vestir no clasificados en otra parte,otro,0 a 5 personas,25.65540481,-100.29248947,537.0,500 m-1 km
10155204,CONFECCIÓN DE PRODUCTOS DE TEXTILES RECUBIERTOS Y DE MATERIALES SUCEDÁNEOS SIN NOMBRE,Confección de productos de textiles recubiertos y de materiales sucedáneos,otro,6 a 10 personas,25.66249432,-100.30131356,1710.0,1-2 km
10253886,"CONFECCIÓN, BORDADO Y DESHILADO DE PRODUCTOS TEXTILES SIN NOMBRE","Confección, bordado y deshilado de productos textiles",otro,0 a 5 personas,25.63941052,-100.29298661,1378.0,1-2 km
8523889,DISFRACES,Confección en serie de disfraces y trajes típicos,otro,0 a 5 personas,25.64015969,-100.29687738,1452.0,1-2 km
11733221,DONDE SI REPOSTERIA CASERA,Panificación tradicional,otro,31 a 50 personas,25.66767031,-100.28321576,1916.0,1-2 km
3038856,DULCES MARELY,"Elaboración de dulces, chicles y productos de confitería que no sean de chocolate",otro,31 a 50 personas,25.66382009,-100.28573071,1432.0,1-2 km
6215827,EL PANALITO,Panificación tradicional,otro,11 a 30 personas,25.66899815,-100.28810753,1962.0,1-2 km
12333459,EMBOTELLADORA SIERRA MADRE,"Elaboración de concentrados, polvos, jarabes y esencias de sabor para bebidas",otro,6 a 10 personas,25.6634321,-100.30253829,1870.0,1-2 km
8648780,ES MUY ARGENTINO,Elaboración de helados y paletas,otro,0 a 5 personas,25.64301657,-100.27904096,1403.0,1-2 km
3040130,FB DISEÑOS Y FRABRICACIONES,Confección en serie de uniformes,otro,0 a 5 personas,25.65496419,-100.28903609,399.0,0-500 m
10262444,FIVE POINTS WESTERN SADADERY,"Fabricación de otros productos de cuero, piel y materiales sucedáneos",otro,0 a 5 personas,25.66129941,-100.30012886,1532.0,1-2 km
11566250,GUERRA ESTRUCTURAS,Confección de productos de textiles recubiertos y de materiales sucedáneos,otro,6 a 10 personas,25.66059128,-100.30523633,1879.0,1-2 km
2995353,HELADOS DON RULO,Elaboración de helados y paletas,otro,6 a 10 personas,25.64325122,-100.30021496,1405.0,1-2 km
6421022,HELADOS SULTANA WALMART CHAPULTEPEC,Elaboración de helados y paletas,otro,101 a 250 personas,25.66665504,-100.28030151,1931.0,1-2 km
3040283,HIGH BORD BORDADO,"Confección, bordado y deshilado de productos textiles",otro,0 a 5 personas,25.64878719,-100.27292289,1687.0,1-2 km
3040289,INTEGRA TEX,"Confección, bordado y deshilado de productos textiles",otro,0 a 5 personas,25.6489406,-100.27389519,1588.0,1-2 km
11020469,JC CARNES,"Corte y empacado de carne de ganado, aves y otros animales comestibles",otro,6 a 10 personas,25.6669768,-100.29110727,1740.0,1-2 km
8970453,LA MICHOACANA,Elaboración de helados y paletas,otro,0 a 5 personas,25.66703082,-100.28387948,1827.0,1-2 km
8970348,LA MICHUACANA,Elaboración de helados y paletas,otro,0 a 5 personas,25.6668223,-100.28401425,1801.0,1-2 km
9976937,LA PRINCESA DE MAMA,Confección de prendas de vestir sobre medida,otro,0 a 5 personas,25.64393846,-100.27502826,1671.0,1-2 km
3034493,LONAS SULTANA,Confección de productos de textiles recubiertos y de materiales sucedáneos,otro,6 a 10 personas,25.65636529,-100.30266338,1430.0,1-2 km
3038609,MOLINO DE NIXTAMAL,Elaboración de tortillas de maíz y molienda de nixtamal,otro,0 a 5 personas,25.66720845,-100.28977315,1758.0,1-2 km
2994168,MOLINO DE NIXTAMAL,Elaboración de tortillas de maíz y molienda de nixtamal,otro,0 a 5 personas,25.66505194,-100.27733202,1947.0,1-2 km
3038978,MONTOYA SPORT,Confección en serie de otra ropa exterior de materiales textiles,otro,0 a 5 personas,25.66776608,-100.28322407,1925.0,1-2 km
8970710,NEVIKO,Elaboración de helados y paletas,otro,0 a 5 personas,25.65102834,-100.28379611,573.0,500 m-1 km
10935315,OPERADORA TITOS,Conservación de guisos y otros alimentos preparados por procesos distintos a la congelación,otro,11 a 30 personas,25.66264256,-100.30366838,1892.0,1-2 km
8812846,OTIMO SI,Confección en serie de otra ropa exterior de materiales textiles,otro,0 a 5 personas,25.66578582,-100.28970908,1600.0,1-2 km
3038862,PALETERIA EL PACIFICO,Elaboración de helados y paletas,otro,0 a 5 personas,25.66595418,-100.2921116,1639.0,1-2 km
8970535,PALETERIA NEVERIA MICHOACANA,Elaboración de helados y paletas,otro,0 a 5 personas,25.64829095,-100.28494757,572.0,500 m-1 km
11191450,PAN RECIEN HORNEADO,Panificación tradicional,otro,0 a 5 personas,25.64738786,-100.27447478,1571.0,1-2 km
3040350,PANADERIA DEL REFUGIO DE MTY,Panificación tradicional,otro,0 a 5 personas,25.63953416,-100.28368267,1443.0,1-2 km
3034550,PANADERIA LUZ,Panificación tradicional,otro,0 a 5 personas,25.65845993,-100.30904232,2110.0,> 2 km
3039726,PANADERIA ZURI PAN,Panificación tradicional,otro,0 a 5 personas,25.64209855,-100.30518523,1882.0,1-2 km
3040030,PANIFICADORA MEXICO,Panificación tradicional,otro,6 a 10 personas,25.64342599,-100.29710429,1169.0,1-2 km
3039689,PASTELERIA MAGGY,Panificación tradicional,otro,6 a 10 personas,25.64794577,-100.30695377,1791.0,1-2 km
8411184,PASTELERIA MI LULU,Panificación tradicional,otro,0 a 5 personas,25.64286114,-100.30199138,1571.0,1-2 km
3034357,PASTELERIA PANYOLI,Panificación tradicional,otro,101 a 250 personas,25.65960496,-100.29992495,1387.0,1-2 km
9432379,PASTELERIA PANYOLI MATRIZ,Panificación tradicional,otro,101 a 250 personas,25.65928655,-100.30047646,1407.0,1-2 km
8297465,PASTELES KARLA,Panificación tradicional,otro,0 a 5 personas,25.6343327,-100.29191998,1913.0,1-2 km
7872491,PEPPES EMPANADAS ARGENTINAS,Panificación tradicional,otro,0 a 5 personas,25.65979079,-100.2951289,1090.0,1-2 km
3034498,REPOSTERIA DE MARAVILLA,Panificación tradicional,otro,11 a 30 personas,25.65676607,-100.30481043,1647.0,1-2 km
8297762,SASTRERIA ANGELO SARTORIA,Confección de prendas de vestir sobre medida,otro,0 a 5 personas,25.66227005,-100.30189343,1733.0,1-2 km
3038466,SASTRERIA RUBEN,Confección de prendas de vestir sobre medida,otro,0 a 5 personas,25.66662315,-100.27825027,2034.0,> 2 km
6365038,SIGMA ALIMENTOS NORESTE,"Preparación de embutidos y otras conservas de carne de ganado, aves y otros animales comestibles",otro,251 y más personas,25.65935894,-100.2840832,1038.0,1-2 km
8441445,SOLUCIONES TEXTILES,Acabado de productos textiles,otro,0 a 5 personas,25.66368527,-100.28651601,1398.0,1-2 km
10917900,SUBLATEX,Confección de prendas de vestir sobre medida,otro,0 a 5 personas,25.6661267,-100.28987696,1638.0,1-2 km
10306409,SWEET LITLLE THINGS,Panificación tradicional,otro,0 a 5 personas,25.64185588,-100.27934982,1470.0,1-2 km
10030118,TALLER DE COSTURA,Confección de prendas de vestir sobre medida,otro,0 a 5 personas,25.63439966,-100.28753895,1901.0,1-2 km
3038906,TEJABAN TORTILLAS DE HARINA,Elaboración de tortillas de harina de trigo de forma tradicional,otro,0 a 5 personas,25.66255548,-100.29633712,1417.0,1-2 km
11546529,TEJIDOS REGIOMONTANOS,Fabricación de ropa exterior de tejido de punto,otro,0 a 5 personas,25.65315918,-100.30754876,1820.0,1-2 km
11352847,TEXTILES Y PARTES MONTERREY,"Confección, bordado y deshilado de productos textiles",otro,0 a 5 personas,25.6640898,-100.29526856,1525.0,1-2 km
2994241,TISSU ALTA COSTURA,Confección de prendas de vestir sobre medida,otro,0 a 5 personas,25.65250152,-100.28192808,769.0,500 m-1 km
8648682,TORTILLAS DE HARINA,Elaboración de tortillas de harina de trigo de forma tradicional,otro,0 a 5 personas,25.66022101,-100.27268858,1950.0,1-2 km
3039626,TORTILLAS DE HARINA DON CHUY,Elaboración de tortillas de harina de trigo de forma tradicional,otro,6 a 10 personas,25.63901031,-100.29281087,1417.0,1-2 km
3045084,TORTILLERIA ALTA VISTA,Elaboración de tortillas de maíz y molienda de nixtamal,otro,6 a 10 personas,25.63500061,-100.29044832,1826.0,1-2 km
3040025,TORTILLERIA ALTAMIRA,Elaboración de tortillas de maíz y molienda de nixtamal,otro,0 a 5 personas,25.63964385,-100.30429805,1977.0,1-2 km
3034320,TORTILLERIA AYUTLA,Elaboración de tortillas de maíz y molienda de nixtamal,otro,6 a 10 personas,25.66097354,-100.30262493,1692.0,1-2 km
3039624,TORTILLERIA BALCONES,Elaboración de tortillas de maíz y molienda de nixtamal,otro,6 a 10 personas,25.63913109,-100.29500566,1472.0,1-2 km
10818956,TORTILLERIA CHIHUAHUA,Elaboración de tortillas de maíz y molienda de nixtamal,otro,6 a 10 personas,25.65570806,-100.3083035,1945.0,1-2 km
3034677,TORTILLERIA EL METATE,Elaboración de tortillas de maíz y molienda de nixtamal,otro,0 a 5 personas,25.6524436,-100.30504149,1562.0,1-2 km
3034601,TORTILLERIA ESPERANZA,Elaboración de tortillas de maíz y molienda de nixtamal,otro,0 a 5 personas,25.65536304,-100.30825863,1931.0,1-2 km
3039684,TORTILLERIA FELA,Elaboración de tortillas de maíz y molienda de nixtamal,otro,0 a 5 personas,25.64889135,-100.30744348,1820.0,1-2 km
3045037,TORTILLERIA GOMEZ,Elaboración de tortillas de maíz y molienda de nixtamal,otro,0 a 5 personas,25.63441689,-100.28738704,1900.0,1-2 km
8297820,TORTILLERIA LA CABAÑA,Elaboración de tortillas de maíz y molienda de nixtamal,otro,6 a 10 personas,25.66100999,-100.30225327,1666.0,1-2 km
10683623,TORTILLERIA LA ESPAÑOLA,Elaboración de tortillas de maíz y molienda de nixtamal,otro,0 a 5 personas,25.66039593,-100.2801465,1371.0,1-2 km
6217359,TORTILLERIA LA ESPERANZA,Elaboración de tortillas de maíz y molienda de nixtamal,otro,0 a 5 personas,25.64315063,-100.30182694,1539.0,1-2 km
3038917,TORTILLERIA LA FE,Elaboración de tortillas de maíz y molienda de nixtamal,otro,6 a 10 personas,25.66161708,-100.2936441,1210.0,1-2 km
2982935,TORTILLERIA LA KATI,Elaboración de tortillas de maíz y molienda de nixtamal,otro,0 a 5 personas,25.6565464,-100.27084773,1955.0,1-2 km
6217225,TORTILLERIA LA LUZ,Elaboración de tortillas de maíz y molienda de nixtamal,otro,11 a 30 personas,25.65416058,-100.29988143,1085.0,1-2 km
8778653,TORTILLERIA LA UNICA,Elaboración de tortillas de maíz y molienda de nixtamal,otro,0 a 5 personas,25.63519589,-100.29628397,1926.0,1-2 km
8970993,TORTILLERIA LA VALERIA,Elaboración de tortillas de maíz y molienda de nixtamal,otro,0 a 5 personas,25.6605134,-100.27232225,1998.0,1-2 km
7787205,TORTILLERIA LOMA ALTA,Elaboración de tortillas de maíz y molienda de nixtamal,otro,0 a 5 personas,25.65976447,-100.2892504,930.0,500 m-1 km
3038615,TORTILLERIA MARTINEZ,Elaboración de tortillas de maíz y molienda de nixtamal,otro,0 a 5 personas,25.66724782,-100.28930222,1762.0,1-2 km
9014315,TORTILLERIA MAURY,Elaboración de tortillas de maíz y molienda de nixtamal,otro,0 a 5 personas,25.66412768,-100.29464747,1506.0,1-2 km
3040156,TORTILLERIA MEDINA,Elaboración de tortillas de maíz y molienda de nixtamal,otro,0 a 5 personas,25.65289712,-100.28353467,621.0,500 m-1 km
3042948,TORTILLERIA MEDINA S,Elaboración de tortillas de maíz y molienda de nixtamal,otro,0 a 5 personas,25.65470548,-100.26935982,2052.0,> 2 km
3040018,TORTILLERIA NAZAS,Elaboración de tortillas de maíz y molienda de nixtamal,otro,0 a 5 personas,25.64059434,-100.30533486,1991.0,1-2 km
8844361,TORTILLERIA PROGRESO,Elaboración de tortillas de maíz y molienda de nixtamal,otro,0 a 5 personas,25.6692631,-100.28143912,2144.0,> 2 km
11357140,TORTILLERIA SIN NOMBRE,Elaboración de tortillas de maíz y molienda de nixtamal,otro,0 a 5 personas,25.65717284,-100.29381275,774.0,500 m-1 km
3034335,TOSTADITAS DE GOYIS,Elaboración de botanas,otro,11 a 30 personas,25.65991571,-100.30116737,1505.0,1-2 km
6366178,TOSTADORA DE CAFE LA FUENTE,Elaboración de café tostado y molido,otro,11 a 30 personas,25.65891866,-100.28394927,1004.0,1-2 km
3034053,TREVI BORDADOS EXCLUSIVOS,"Confección, bordado y deshilado de productos textiles",otro,11 a 30 personas,25.65843444,-100.30847247,2056.0,> 2 km
12269316,TREVI BORDADOS EXCLUSIVOS,"Confección, bordado y deshilado de productos textiles",otro,6 a 10 personas,25.6583234,-100.30828876,2035.0,> 2 km
6364291,TRIGO LIMPIO,Panificación tradicional,otro,6 a 10 personas,25.63953249,-100.28464722,1406.0,1-2 km
3034305,VELOX AMERICA,Confección en serie de uniformes,otro,11 a 30 personas,25.66129424,-100.30378174,1805.0,1-2 km
10552280,VENTA DE COSTALES,Preparación e hilado de fibras duras naturales,otro,0 a 5 personas,25.64411818,-100.30308939,1585.0,1-2 km
9350697,VENTA DE TORTILLAS,Elaboración de tortillas de harina de trigo de forma tradicional,otro,0 a 5 personas,25.64370385,-100.30191713,1510.0,1-2 km
3039009,VENTA DE UNIFORMES VICTORIA,Confección en serie de uniformes,otro,0 a 5 personas,25.66173442,-100.2804064,1467.0,1-2 km
8297091,AFG GLOBAL SOLUTION,Impresión de formas continuas y otros impresos,fotocopiado_impresion,51 a 100 personas,25.65967571,-100.30432506,1748.0,1-2 km
6875395,AFG PRINT MKT,Impresión de formas continuas y otros impresos,fotocopiado_impresion,0 a 5 personas,25.65976478,-100.30430545,1751.0,1-2 km
6881129,AGROFORMULADORA DELTA,Fabricación de fertilizantes,otro,31 a 50 personas,25.66721242,-100.2870965,1775.0,1-2 km
11730179,AH AL,"Fabricación de cosméticos, perfumes y otras preparaciones de tocador",otro,11 a 30 personas,25.65728517,-100.29394766,792.0,500 m-1 km
3034231,ARTE Y DECORACION,Fabricación de artículos y utensilios de madera para el hogar,otro,0 a 5 personas,25.66447366,-100.29933089,1756.0,1-2 km
6751740,ARTY,Impresión de formas continuas y otros impresos,fotocopiado_impresion,11 a 30 personas,25.66893268,-100.28228671,2079.0,> 2 km
10544509,BODEGA,Fabricación de envases de cartón,otro,0 a 5 personas,25.66466384,-100.27471293,2091.0,> 2 km
8649477,BODEGA AUXILIAR DE CARTON SOLUCIONES DEPEL,Fabricación de envases de cartón,otro,0 a 5 personas,25.66520366,-100.27549556,2080.0,> 2 km
8976399,BODEGA DE PEGAMENTO PEGA KING,Fabricación de adhesivos,otro,0 a 5 personas,25.66434766,-100.27641549,1947.0,1-2 km
8812568,CARPINTERIA,Fabricación de productos de madera para la construcción,otro,0 a 5 personas,25.63630395,-100.30270453,2138.0,> 2 km
8297875,CARPINTERIA,Fabricación de productos de madera para la construcción,otro,0 a 5 personas,25.66288361,-100.30076334,1704.0,1-2 km
3034701,CARPINTERIA,Fabricación de productos para embalaje y envases de madera,otro,6 a 10 personas,25.65157477,-100.30590015,1644.0,1-2 km
8734614,CARPINTERIA,Fabricación de productos de madera para la construcción,otro,0 a 5 personas,25.64241123,-100.303188,1698.0,1-2 km
9450939,CARPINTERIA,Fabricación de productos de madera para la construcción,otro,0 a 5 personas,25.63734746,-100.30412865,2143.0,> 2 km
11688018,CARPINTERIA ANGELES MARTINEZ,Fabricación de productos de madera para la construcción,otro,0 a 5 personas,25.63895989,-100.30397035,2004.0,> 2 km
7872488,CARPINTERIA CUAHUTEMOC,Fabricación de productos de madera para la construcción,otro,0 a 5 personas,25.659078,-100.27375293,1794.0,1-2 km
10556342,CARPINTERIA ESPACIO CR,Fabricación de productos de madera para la construcción,otro,0 a 5 personas,25.65240566,-100.30566757,1624.0,1-2 km
11474569,CARPINTERIA INSUMOS BASICOS DE OFICINA,Fabricación de productos de madera de uso industrial,otro,11 a 30 personas,25.65792503,-100.30785089,1977.0,1-2 km
2990920,CARPINTERIA LOS AR,Fabricación de productos de madera para la construcción,otro,0 a 5 personas,25.65399444,-100.30659961,1738.0,1-2 km
8734612,CARPINTERIA MONTALVO,Fabricación de productos de madera para la construcción,otro,0 a 5 personas,25.64978449,-100.31111648,2174.0,> 2 km
10783504,CARPINTERIA OFICE LINE,Fabricación de productos de madera para la construcción,otro,0 a 5 personas,25.65931229,-100.30441112,1734.0,1-2 km
8297567,CARPINTERIA SIN NOMBRE,Fabricación de productos de madera para la construcción,otro,0 a 5 personas,25.63865892,-100.30457372,2071.0,> 2 km
11134450,CARPINTERIA SIN NOMBRE,Fabricación de productos de madera para la construcción,otro,0 a 5 personas,25.65832605,-100.30830327,2036.0,> 2 km
3034552,COCINAS DOMUS MARMOL Y GRANITO,Fabricación de productos a base de piedras de cantera,otro,0 a 5 personas,25.65771345,-100.30956229,2130.0,> 2 km
11518791,COLOR STYLE PRINTING,Impresión de formas continuas y otros impresos,fotocopiado_impresion,0 a 5 personas,25.64103275,-100.30483803,1922.0,1-2 km
3038974,COMERCIAL MUPRO CLOST Y COCINA,Fabricación de productos de madera para la construcción,otro,6 a 10 personas,25.66702078,-100.28379956,1829.0,1-2 km
10877544,CORPO PROMOCIONALES,Impresión de formas continuas y otros impresos,fotocopiado_impresion,0 a 5 personas,25.66685299,-100.27761704,2091.0,> 2 km
10887322,CORTE LASER,Fabricación de artículos y utensilios de madera para el hogar,otro,0 a 5 personas,25.65841389,-100.30775442,1989.0,1-2 km
3038636,CORTES MOSAICOS DON JUAN,Fabricación de azulejos y losetas no refractarias,otro,0 a 5 personas,25.66934507,-100.29125825,2003.0,> 2 km
3034232,CREATIVE,Impresión de formas continuas y otros impresos,fotocopiado_impresion,0 a 5 personas,25.6640867,-100.29952234,1732.0,1-2 km
8440961,CREATIVO PLAYERAS,Impresión de formas continuas y otros impresos,fotocopiado_impresion,6 a 10 personas,25.66696034,-100.29137761,1740.0,1-2 km
10285279,DESING PLASTIC MOLDS,Fabricación de resinas de plásticos reciclados,otro,6 a 10 personas,25.66329477,-100.30267323,1869.0,1-2 km
9337704,DIGITAL FRONTMEDIA,Impresión de formas continuas y otros impresos,fotocopiado_impresion,0 a 5 personas,25.65822995,-100.3066671,1881.0,1-2 km
8970869,DISEÑO Y FABRICACION Y VENTA DE PRODUCTOS DE EMPAQUE Y PAPEL CRAFF,Fabricación de bolsas y películas de plástico flexible,otro,31 a 50 personas,25.66426419,-100.27378793,2127.0,> 2 km
10523674,DISEÑOS INFANTILES CARMEN PATRICIA,Fabricación de productos de madera para la construcción,otro,11 a 30 personas,25.66368039,-100.28642573,1400.0,1-2 km
3034570,DISTRIBUIDORA CASAM,"Fabricación de jabones, limpiadores y dentífricos",otro,11 a 30 personas,25.65738147,-100.30821556,1990.0,1-2 km
9468780,EMPAQUES HIPERIONSA,Fabricación de envases y contenedores de plástico para embalaje con y sin reforzamiento,otro,0 a 5 personas,25.66428468,-100.29333415,1483.0,1-2 km
8297129,ENDZONE,Impresión de formas continuas y otros impresos,fotocopiado_impresion,0 a 5 personas,25.6581525,-100.30780575,1983.0,1-2 km
8411466,ETIQUETAS Y TECNOLOGIA,Fabricación de bolsas de papel y productos celulósicos recubiertos y tratados,otro,11 a 30 personas,25.65619056,-100.30170515,1334.0,1-2 km
8649478,FABRICACION DE CARTONES Y EMPAQUES LUMEL,Fabricación de envases de cartón,otro,11 a 30 personas,25.66444111,-100.27561601,2010.0,> 2 km
11175584,FABRICACIÓN DE OTROS PRODUCTOS DE HULE SIN NOMBRE,Fabricación de otros productos de hule,otro,0 a 5 personas,25.66503246,-100.276307,2012.0,> 2 km
3034587,FABRIL TASI COMERCIALIZACION DE EMPAQUES,Fabricación de otros productos de hule,otro,0 a 5 personas,25.65538075,-100.30680035,1790.0,1-2 km
2994480,FIBRARTE,Fabricación de otros productos de plástico de uso industrial sin reforzamiento,otro,0 a 5 personas,25.65182898,-100.28320644,633.0,500 m-1 km
6366417,FUERZA GRAFICA DEL NORTE,Impresión de formas continuas y otros impresos,fotocopiado_impresion,101 a 250 personas,25.6614904,-100.3055335,1960.0,1-2 km
7915242,GALERIAS MEXICO,Fabricación de productos de madera para la construcción,otro,0 a 5 personas,25.64046962,-100.28439258,1319.0,1-2 km
9173639,GRAFICA DEL NORTE,Impresión de formas continuas y otros impresos,fotocopiado_impresion,101 a 250 personas,25.66474657,-100.29841175,1732.0,1-2 km
6225369,GRAFICA DEL NORTE,Impresión de formas continuas y otros impresos,fotocopiado_impresion,101 a 250 personas,25.66480149,-100.2988162,1759.0,1-2 km
6368431,GRAFICA NUMERAL,Impresión de formas continuas y otros impresos,fotocopiado_impresion,11 a 30 personas,25.66491107,-100.296659,1665.0,1-2 km
3034239,GRAFICOS ROSSAN,Impresión de formas continuas y otros impresos,fotocopiado_impresion,0 a 5 personas,25.66311081,-100.29934327,1634.0,1-2 km
2995715,GRANITO Y MARMOL ZAFIRO,Fabricación de productos a base de piedras de cantera,otro,0 a 5 personas,25.63450572,-100.29851834,2085.0,> 2 km
3042221,GRUPO AEMA DE MEXICO,Fabricación de otros productos de plástico de uso industrial sin reforzamiento,otro,51 a 100 personas,25.63369845,-100.29664555,2095.0,> 2 km
10353120,IMPRENTA,Impresión de formas continuas y otros impresos,fotocopiado_impresion,0 a 5 personas,25.65970143,-100.30850287,2117.0,> 2 km
3034605,IMPRENTA CENTRO,Impresión de formas continuas y otros impresos,fotocopiado_impresion,0 a 5 personas,25.65525521,-100.30839706,1942.0,1-2 km
9889499,IMPRENTA GRAFICA INDUSTRIAL,Impresión de formas continuas y otros impresos,fotocopiado_impresion,0 a 5 personas,25.65518786,-100.30613318,1720.0,1-2 km
3038613,IMPRENTA LEAL,Impresión de formas continuas y otros impresos,fotocopiado_impresion,0 a 5 personas,25.66726279,-100.28909176,1764.0,1-2 km
3039652,IMPRENTA ZAMBRANO,Impresión de formas continuas y otros impresos,fotocopiado_impresion,0 a 5 personas,25.64480099,-100.30206499,1458.0,1-2 km
2994058,IMPRESIONES SAGA,Impresión de formas continuas y otros impresos,fotocopiado_impresion,11 a 30 personas,25.66603203,-100.29109975,1635.0,1-2 km
3038570,IMPRESOS GERSA,Impresión de formas continuas y otros impresos,fotocopiado_impresion,0 a 5 personas,25.6689522,-100.28717729,1966.0,1-2 km
3039398,IMPULSORA INTERVISION,"Fabricación de cosméticos, perfumes y otras preparaciones de tocador",otro,101 a 250 personas,25.65514454,-100.27636628,1381.0,1-2 km
2994305,INDUSTRIAS SCORPIO DEL NORTE,Fabricación de resinas de plásticos reciclados,otro,0 a 5 personas,25.65551025,-100.27779143,1259.0,1-2 km
9084258,INNCOM,Fabricación de otros productos de hule,otro,6 a 10 personas,25.66379693,-100.30280808,1918.0,1-2 km
10853044,INNOVACION COMERCIAL,Fabricación de envases y contenedores de plástico para embalaje con y sin reforzamiento,otro,11 a 30 personas,25.66361118,-100.30260689,1889.0,1-2 km
3038958,INTERNACIONAL DE PLASTICOS,Fabricación de resinas sintéticas,otro,6 a 10 personas,25.66016953,-100.28541201,1058.0,1-2 km
6860112,JKL SOLUCIONES INTEGRALES,"Fabricación de cosméticos, perfumes y otras preparaciones de tocador",otro,6 a 10 personas,25.66825129,-100.28140063,2042.0,> 2 km
11250786,JOESY IMPRENTA,Impresión de formas continuas y otros impresos,fotocopiado_impresion,0 a 5 personas,25.66018187,-100.28507144,1073.0,1-2 km
11281035,JR IMPRESOS Y SUMINISTROS,Impresión de formas continuas y otros impresos,fotocopiado_impresion,11 a 30 personas,25.6581647,-100.30701484,1910.0,1-2 km
2994626,KINOEMPAQUES,Impresión de formas continuas y otros impresos,fotocopiado_impresion,6 a 10 personas,25.64148087,-100.30490703,1898.0,1-2 km
8297407,KRAFTBOX,Fabricación de envases de cartón,otro,11 a 30 personas,25.6607991,-100.30519164,1888.0,1-2 km
9052715,LIDAG,"Fabricación de pesticidas y otros agroquímicos, excepto fertilizantes",otro,11 a 30 personas,25.64999712,-100.28247338,721.0,500 m-1 km
11684318,LITOGRAFICA DIGITAL,Impresión de formas continuas y otros impresos,fotocopiado_impresion,0 a 5 personas,25.65596368,-100.30480183,1616.0,1-2 km
10012502,LOFT,Fabricación de productos de madera para la construcción,otro,0 a 5 personas,25.65455757,-100.30700115,1789.0,1-2 km
10175617,LONA EXPRESS,Impresión de formas continuas y otros impresos,fotocopiado_impresion,6 a 10 personas,25.66698718,-100.29093646,1739.0,1-2 km
9621627,LP PROCESOS GRAFICOS DE MTY. S.A DE C.V,Impresión de formas continuas y otros impresos,fotocopiado_impresion,0 a 5 personas,25.66051729,-100.30514853,1868.0,1-2 km
3038456,MADERERA REGIOMONTANA,Fabricación de productos para embalaje y envases de madera,otro,11 a 30 personas,25.66729846,-100.28004188,2006.0,> 2 km
10073650,MASARTE CARPINTERIA,Fabricación de productos de madera para la construcción,otro,0 a 5 personas,25.64841919,-100.27337705,1650.0,1-2 km
8297865,MULTIEMPAK,Fabricación de envases y contenedores de plástico para embalaje con y sin reforzamiento,otro,0 a 5 personas,25.66372554,-100.30247471,1889.0,1-2 km
6421239,NATUS INDUSTRIAL SA DE CV,Fabricación de productos de plástico para el hogar con y sin reforzamiento,otro,0 a 5 personas,25.66017087,-100.30742696,2044.0,> 2 km
3038941,NEW YANKEE,Fabricación de productos de madera para la construcción,otro,0 a 5 personas,25.66276066,-100.28508478,1339.0,1-2 km
8441022,NEW YANKEE,Fabricación de productos de madera para la construcción,otro,6 a 10 personas,25.66699874,-100.29074655,1739.0,1-2 km
9280348,OFICINAS,Fabricación de otros productos químicos,otro,0 a 5 personas,25.65834553,-100.29552611,980.0,500 m-1 km
8976405,PACK FACTORY,Impresión de formas continuas y otros impresos,fotocopiado_impresion,11 a 30 personas,25.66364003,-100.30201829,1851.0,1-2 km
8734682,PETRA AND TILA,Fabricación de artículos y utensilios de madera para el hogar,otro,0 a 5 personas,25.66011757,-100.30841627,2129.0,> 2 km
3034600,PIÑATAS VERENICE,Fabricación de otros productos de cartón y papel,otro,0 a 5 personas,25.6551281,-100.30830446,1930.0,1-2 km
6269379,PINTURAS BEREL,Fabricación de pinturas y recubrimientos,otro,0 a 5 personas,25.65483511,-100.27872737,1145.0,1-2 km
8441267,PLASTICOS Y TERMOFORMADOS MG,Fabricación de envases y contenedores de plástico para embalaje con y sin reforzamiento,otro,11 a 30 personas,25.66491556,-100.27474543,2108.0,> 2 km
8411522,PLAYERA IMPRESA.COM,Impresión de formas continuas y otros impresos,fotocopiado_impresion,6 a 10 personas,25.66294331,-100.29896516,1596.0,1-2 km
10437875,PLAYERAS CHAPULTEPEC,Impresión de formas continuas y otros impresos,fotocopiado_impresion,0 a 5 personas,25.6665315,-100.27801097,2039.0,> 2 km
6368309,PLUMAS Y CERÁMICA DE MONTERREY,Impresión de formas continuas y otros impresos,fotocopiado_impresion,51 a 100 personas,25.66019051,-100.30433352,1779.0,1-2 km
11083035,POWER PAIN SOLUTION,Fabricación de pinturas y recubrimientos,otro,11 a 30 personas,25.66809138,-100.28543192,1900.0,1-2 km
2990952,PRODUCTOS FLEXOGRAFICOS,Impresión de formas continuas y otros impresos,fotocopiado_impresion,11 a 30 personas,25.65871803,-100.30565084,1812.0,1-2 km
8844557,PRODUQUIM,"Fabricación de jabones, limpiadores y dentífricos",otro,0 a 5 personas,25.6371151,-100.30389291,2146.0,> 2 km
3040006,QUARZZO,Fabricación de productos a base de piedras de cantera,otro,0 a 5 personas,25.634126,-100.29940457,2162.0,> 2 km
6365789,QUÍMICA GONCAL,"Fabricación de jabones, limpiadores y dentífricos",otro,251 y más personas,25.65720251,-100.28055294,1105.0,1-2 km
9036786,REGIO KONKRETA,Fabricación de otros productos de cemento y concreto,otro,0 a 5 personas,25.6618422,-100.30087974,1628.0,1-2 km
9672732,ROMGER,Impresión de formas continuas y otros impresos,fotocopiado_impresion,0 a 5 personas,25.65997601,-100.28951782,954.0,500 m-1 km
3034510,SELLOS Y PARTES INDUSTRIALES,Fabricación de otros productos de hule,otro,11 a 30 personas,25.65568245,-100.30419259,1548.0,1-2 km
2994047,SOLO MAQUILAS,Impresión de formas continuas y otros impresos,fotocopiado_impresion,6 a 10 personas,25.66720425,-100.28785107,1765.0,1-2 km
3034445,SOLO PUERTA CARPINTERIA,Fabricación de productos de madera para la construcción,otro,0 a 5 personas,25.65845232,-100.30460078,1705.0,1-2 km
8970925,SOLUCIONES DEPPEL,Fabricación de envases de cartón,otro,11 a 30 personas,25.66334878,-100.27497306,1971.0,1-2 km
9820682,SOLUCIONES QUIMICAS,"Fabricación de jabones, limpiadores y dentífricos",otro,6 a 10 personas,25.6322073,-100.29265894,2157.0,> 2 km
3034383,SPRINT GRAFIC,Impresión de formas continuas y otros impresos,fotocopiado_impresion,0 a 5 personas,25.65845224,-100.3031876,1580.0,1-2 km
8642234,TALLER CARPINTERIA SIN NOMBRE,Fabricación de productos de madera para la construcción,otro,0 a 5 personas,25.6669016,-100.29481176,1804.0,1-2 km
10918859,TALLER DE CARPINTERIA,Fabricación de productos de madera para la construcción,otro,0 a 5 personas,25.65801143,-100.30664554,1869.0,1-2 km
8805600,TALLER DE MANTENIMIENTO DE LAPIDAS,Fabricación de otros productos de cemento y concreto,otro,0 a 5 personas,25.65737488,-100.27698505,1419.0,1-2 km
9424374,TECNIPOL,Fabricación de pigmentos y colorantes sintéticos,otro,0 a 5 personas,25.65567056,-100.27687598,1352.0,1-2 km
9429226,TECNOLOGIA EN INGREDIENTES ALIMENTICIOS,Fabricación de otros productos químicos básicos orgánicos,otro,31 a 50 personas,25.65873521,-100.30485484,1742.0,1-2 km
3038628,TITANIUCS PUBLICIDAD,Impresión de formas continuas y otros impresos,fotocopiado_impresion,0 a 5 personas,25.6673217,-100.28459667,1837.0,1-2 km
12272762,VENDITE SOLUCION INTEGRAL,"Fabricación de jabones, limpiadores y dentífricos",otro,0 a 5 personas,25.66170566,-100.29206011,1174.0,1-2 km
10348489,VENTA DE TARIMAS,Fabricación de productos para embalaje y envases de madera,otro,0 a 5 personas,25.65272843,-100.28333511,635.0,500 m-1 km
3039699,WOODS GUZMA MAQUILADORA,Fabricación de artículos y utensilios de madera para el hogar,otro,0 a 5 personas,25.64785563,-100.30592838,1693.0,1-2 km
3038603,ACABADOS BARCAS,Recubrimientos y terminados metálicos,otro,0 a 5 personas,25.66722625,-100.29116471,1768.0,1-2 km
6217203,ACABADOS RESIDENCIALES BAUTISTA,"Fabricación de muebles, excepto cocinas integrales, muebles modulares de baño y muebles de oficina y estantería",otro,0 a 5 personas,25.66558333,-100.29865157,1824.0,1-2 km
6366481,ACEROFORMA,Fabricación de otros productos metálicos,otro,11 a 30 personas,25.64281084,-100.28298523,1157.0,1-2 km
8843976,ACEROS Y REFACIONES,Maquinado de piezas metálicas para maquinaria y equipo en general,otro,0 a 5 personas,25.65514284,-100.27700004,1320.0,1-2 km
6368308,AD INTERNO S DE RL DE CV,"Fabricación de muebles, excepto cocinas integrales, muebles modulares de baño y muebles de oficina y estantería",otro,6 a 10 personas,25.66019024,-100.30322857,1688.0,1-2 km
3043000,ALUMINIO Y ACABADOS,Fabricación de productos de herrería,otro,0 a 5 personas,25.65545935,-100.27012638,1994.0,1-2 km
12330441,ALUMINIOS FUERZA MONTERREY,Industria básica del aluminio,otro,11 a 30 personas,25.66023941,-100.30551045,1882.0,1-2 km
3034457,ALUMINIOS VALDEZ,Fabricación de productos de herrería,otro,0 a 5 personas,25.6569399,-100.30570875,1738.0,1-2 km
8724093,ANDAMIOS Y EQUIPOS AMARILLOS,Fabricación de estructuras metálicas,otro,0 a 5 personas,25.66180961,-100.28262401,1347.0,1-2 km
9451026,ARQUITECTURA Y DISEÑO DE INTERIORES,"Fabricación de muebles, excepto cocinas integrales, muebles modulares de baño y muebles de oficina y estantería",otro,11 a 30 personas,25.66017987,-100.30323083,1687.0,1-2 km
8970814,BAZAR SIN NOMBRE,Fabricación de productos de herrería,otro,0 a 5 personas,25.66688678,-100.29255003,1749.0,1-2 km
2990945,BEDAGA DE VELAS Y CIRIOS DECORATIVOS,Fabricación de velas y veladoras,otro,0 a 5 personas,25.65834261,-100.30839366,2045.0,> 2 km
8297870,BERAKAH,"Fabricación de muebles, excepto cocinas integrales, muebles modulares de baño y muebles de oficina y estantería",otro,11 a 30 personas,25.66568739,-100.29896042,1850.0,1-2 km
8649476,BODEGA AUXILIAR ELEVATEC,Fabricación de maquinaria y equipo para levantar y trasladar,otro,0 a 5 personas,25.66448903,-100.27639309,1961.0,1-2 km
9014265,CALU CANCELERIA DE ALUMINIO,Fabricación de productos de herrería,otro,0 a 5 personas,25.66711534,-100.28898353,1748.0,1-2 km
8297411,CARPINTERIA,Otras industrias manufactureras,otro,0 a 5 personas,25.659892,-100.3061836,1920.0,1-2 km
2994023,CARPINTERIA,"Fabricación de muebles, excepto cocinas integrales, muebles modulares de baño y muebles de oficina y estantería",otro,0 a 5 personas,25.6649487,-100.28611612,1544.0,1-2 km
8805542,CARPINTERIA,"Fabricación de muebles, excepto cocinas integrales, muebles modulares de baño y muebles de oficina y estantería",otro,0 a 5 personas,25.66002737,-100.27582414,1673.0,1-2 km
11340697,CARPINTERIA,Fabricación de cocinas integrales y muebles modulares de baño,otro,0 a 5 personas,25.65893052,-100.30593268,1848.0,1-2 km
3038943,CARPINTERIA,"Fabricación de muebles, excepto cocinas integrales, muebles modulares de baño y muebles de oficina y estantería",otro,0 a 5 personas,25.66280342,-100.28434567,1369.0,1-2 km
11067838,CARPINTERIA,"Fabricación de muebles, excepto cocinas integrales, muebles modulares de baño y muebles de oficina y estantería",otro,0 a 5 personas,25.66201213,-100.30346108,1830.0,1-2 km
8523892,CARPINTERIA,"Fabricación de muebles, excepto cocinas integrales, muebles modulares de baño y muebles de oficina y estantería",otro,0 a 5 personas,25.63560712,-100.30173132,2142.0,> 2 km
8970820,CARPINTERIA KALO COSINAS -CLOSET-VESTIDORES,Fabricación de cocinas integrales y muebles modulares de baño,otro,6 a 10 personas,25.66605946,-100.28143764,1819.0,1-2 km
3034443,CARPINTERIA NUEVO REPUEBLO,"Fabricación de muebles, excepto cocinas integrales, muebles modulares de baño y muebles de oficina y estantería",otro,0 a 5 personas,25.65823619,-100.30464963,1698.0,1-2 km
8779098,CARPINTERIA REYNA,"Fabricación de muebles, excepto cocinas integrales, muebles modulares de baño y muebles de oficina y estantería",otro,6 a 10 personas,25.65488269,-100.30390544,1495.0,1-2 km
11533710,CEPEDA H,Fabricación de productos de herrería,otro,11 a 30 personas,25.66696221,-100.28948683,1730.0,1-2 km
3034620,CEPEDA WORK TEAM,Fabricación de productos de herrería,otro,0 a 5 personas,25.65444195,-100.30947297,2030.0,> 2 km
3039383,CERRAJERIA Y PUERTAS Y VENTANAS DE ALUMINO,Fabricación de productos de herrería,otro,0 a 5 personas,25.65933882,-100.27421868,1768.0,1-2 km
3042111,CK COCINAS,Fabricación de cocinas integrales y muebles modulares de baño,otro,0 a 5 personas,25.63296928,-100.29354116,2089.0,> 2 km
10297188,COBA GLASS,Fabricación de productos de herrería,otro,6 a 10 personas,25.65977113,-100.30622011,1917.0,1-2 km
8779036,CORTINAS METALICAS MAC,Fabricación de productos de herrería,otro,6 a 10 personas,25.66029268,-100.29935756,1398.0,1-2 km
8297088,CORTINAS METALICAS MAC,Fabricación de productos de herrería,otro,0 a 5 personas,25.66041245,-100.29914885,1393.0,1-2 km
2994129,CREACIONES STRATO,Fabricación de anuncios y señalamientos,otro,0 a 5 personas,25.6644444,-100.27732216,1896.0,1-2 km
9322423,CWSYSTEMS,Fabricación de productos de herrería,otro,6 a 10 personas,25.6685327,-100.28289886,2017.0,> 2 km
3034676,DADOS INDUSTRIALES DAYCOR SA DE CV,Maquinado de piezas metálicas para maquinaria y equipo en general,otro,0 a 5 personas,25.65257085,-100.30501309,1560.0,1-2 km
11231943,DADOS INDUSTRIALES PARA EMPAQUE DE CARTON,Fabricación de maquinaria y equipo para la industria de la impresión,otro,0 a 5 personas,25.66418251,-100.29756118,1635.0,1-2 km
6215871,DAYCOR,Maquinado de piezas metálicas para maquinaria y equipo en general,otro,101 a 250 personas,25.65226154,-100.30508209,1565.0,1-2 km
3038558,DISEÑO Y FABRICACION DE HERRAMIENTAS INDUSTRIALES,Maquinado de piezas metálicas para maquinaria y equipo en general,otro,0 a 5 personas,25.66705359,-100.28984513,1741.0,1-2 km
3039349,DISPLAY WALLDESIGN,Fabricación de anuncios y señalamientos,otro,6 a 10 personas,25.66561903,-100.27790224,1962.0,1-2 km
6447128,DUCTOS MONTERREY,Fabricación de equipo de aire acondicionado y calefacción,otro,0 a 5 personas,25.64119807,-100.29166515,1155.0,1-2 km
2990960,DUCTOS PARA AIRES ACONDICIONADOS,Fabricación de equipo de aire acondicionado y calefacción,otro,6 a 10 personas,25.6581717,-100.30281218,1532.0,1-2 km
2990913,EBANO MUEBLES Y ALTA CARPINTERIA,Fabricación de cocinas integrales y muebles modulares de baño,otro,11 a 30 personas,25.65860062,-100.30937052,2147.0,> 2 km
11588572,EL SOFA MIMA,"Fabricación de muebles, excepto cocinas integrales, muebles modulares de baño y muebles de oficina y estantería",otro,31 a 50 personas,25.6527454,-100.3060148,1662.0,1-2 km
8778992,ENMARCA TUS RECUERDOS,Otras industrias manufactureras,otro,0 a 5 personas,25.66338595,-100.29770452,1566.0,1-2 km
8441256,ENSAMBLE VERASTEGUI,Fabricación de productos de herrería,otro,6 a 10 personas,25.66501645,-100.27733806,1944.0,1-2 km
3040146,EQUIPOS PARA MANEJO DE MATERIALES,Fabricación de maquinaria y equipo para levantar y trasladar,otro,6 a 10 personas,25.65729902,-100.28414337,848.0,500 m-1 km
8441266,FABRICACION DE COSINAS KUCHEN,Fabricación de cocinas integrales y muebles modulares de baño,otro,6 a 10 personas,25.66449578,-100.27601625,1987.0,1-2 km
11371571,FABRICACION DE ESCOBAS,"Fabricación de escobas, cepillos y similares",otro,0 a 5 personas,25.64153453,-100.2850565,1184.0,1-2 km
12331948,FABRICACION DE MUEBLES EXCLUSIVOS DE FORJA,Fabricación de herrajes y cerraduras,otro,0 a 5 personas,25.66374977,-100.29860572,1649.0,1-2 km
10182985,FABRICACIÓN DE PRODUCTOS DE HERRERÍA SIN NOMBRE,Fabricación de productos de herrería,otro,0 a 5 personas,25.65435967,-100.27233859,1751.0,1-2 km
6365730,FABRICACIONES ELGO,"Fabricación de tornillos, tuercas, remaches y similares",otro,11 a 30 personas,25.66371485,-100.28706368,1391.0,1-2 km
3038885,FORJA MARVEL,Fabricación de productos de herrería,otro,6 a 10 personas,25.66402416,-100.29452438,1491.0,1-2 km
8441085,FORJA MARVEL,Fabricación de productos de herrería,otro,0 a 5 personas,25.66418606,-100.29345194,1476.0,1-2 km
6217204,GLM FABRICANTES,Fabricación de otros productos metálicos,otro,31 a 50 personas,25.66487502,-100.30034841,1851.0,1-2 km
11577537,GRENIC CARPINTERIA,Fabricación de cocinas integrales y muebles modulares de baño,otro,0 a 5 personas,25.65682833,-100.31028519,2169.0,> 2 km
10776649,GRUPO METG,"Fabricación de muebles, excepto cocinas integrales, muebles modulares de baño y muebles de oficina y estantería",otro,11 a 30 personas,25.65869155,-100.30657113,1893.0,1-2 km
10819668,HERRERIA,Fabricación de productos de herrería,otro,0 a 5 personas,25.64593607,-100.30481772,1651.0,1-2 km
8587897,HERRERIA AURUM,Fabricación de productos de herrería,otro,6 a 10 personas,25.66857147,-100.28321816,2011.0,> 2 km
3039345,HERRERIA ENSAMBLES VERASTEGUI,Fabricación de productos de herrería,otro,0 a 5 personas,25.6648735,-100.27780646,1902.0,1-2 km
2993969,HERRERIA LA COLMENA,Fabricación de productos de herrería,otro,0 a 5 personas,25.66092835,-100.3018149,1627.0,1-2 km
11619714,HERRERIA MALDONADO,Fabricación de productos de herrería,otro,0 a 5 personas,25.65677296,-100.30936335,2079.0,> 2 km
3042203,HERRERIA PALACIOS,Fabricación de productos de herrería,otro,0 a 5 personas,25.63751963,-100.29550045,1656.0,1-2 km
8734624,HERRERIA RESIDENCIAL,Fabricación de productos de herrería,otro,0 a 5 personas,25.65967848,-100.30038961,1428.0,1-2 km
11775518,HERRERRIA CAMARILLO,Fabricación de estructuras metálicas,otro,6 a 10 personas,25.65609527,-100.29042674,530.0,500 m-1 km
10301223,INDUSTRIAS LUMAR,Fabricación de productos de herrería,otro,6 a 10 personas,25.65904796,-100.30251796,1557.0,1-2 km
3038863,INGENIERIA TROQUELES Y HERRAMIENTAS,Fabricación de productos metálicos forjados y troquelados,otro,11 a 30 personas,25.66598107,-100.29162059,1635.0,1-2 km
8441034,INGENIERIA TROQUELES Y HERRAMIENTAS,Fabricación de maquinaria y equipo para la industria metalmecánica,otro,0 a 5 personas,25.66612767,-100.29115895,1646.0,1-2 km
9284411,INTEGRACION MUEBLERA DEL NORESTE,Fabricación de muebles de oficina y estantería,otro,101 a 250 personas,25.66839248,-100.2792304,2152.0,> 2 km
6742472,INTEGRACION Y MAQUILAS DE CONTROL,Fabricación de otros productos eléctricos,otro,11 a 30 personas,25.65971865,-100.28393369,1080.0,1-2 km
11019449,KARPENTICA HOME Y OFFICE,Fabricación de cocinas integrales y muebles modulares de baño,otro,6 a 10 personas,25.65669759,-100.31013808,2151.0,> 2 km
3038562,LABORATORIO DENTAL,"Fabricación de equipo no electrónico para uso médico, dental y para laboratorio",otro,0 a 5 personas,25.66842609,-100.29089805,1898.0,1-2 km
8499100,LAMINADOS DE MADERA DEL NORTE,Fabricación de muebles de oficina y estantería,otro,6 a 10 personas,25.65686559,-100.31049327,2190.0,> 2 km
3038889,LAMINAS EGA,Fabricación de estructuras metálicas,otro,0 a 5 personas,25.66363426,-100.29370987,1424.0,1-2 km
9919567,MAQ Z Z,Maquinado de piezas metálicas para maquinaria y equipo en general,otro,0 a 5 personas,25.66280063,-100.28428575,1371.0,1-2 km
8778989,MAQUINADOS ESCOBEDO,Maquinado de piezas metálicas para maquinaria y equipo en general,otro,6 a 10 personas,25.6536238,-100.30168748,1246.0,1-2 km
11426735,MAQUINADOS FINOS,Maquinado de piezas metálicas para maquinaria y equipo en general,otro,0 a 5 personas,25.65943031,-100.30872885,2124.0,> 2 km
3038538,MAQUINADOS GILER,Maquinado de piezas metálicas para maquinaria y equipo en general,otro,0 a 5 personas,25.66675341,-100.29463345,1783.0,1-2 km
12300193,MAQUINADOS MORENO,Fabricación de maquinaria y equipo para envasar y empacar,otro,31 a 50 personas,25.65555236,-100.30432804,1556.0,1-2 km
6502282,MAQUINADOS MOSA,Maquinado de piezas metálicas para maquinaria y equipo en general,otro,6 a 10 personas,25.66295946,-100.28593483,1334.0,1-2 km
3034419,MAQUINADOS RAM,Maquinado de piezas metálicas para maquinaria y equipo en general,otro,0 a 5 personas,25.65814191,-100.30214075,1472.0,1-2 km
8805658,METAL MECANICA DEL NORTE,Fabricación de estructuras metálicas,otro,11 a 30 personas,25.65910051,-100.27863153,1386.0,1-2 km
12300204,METROLOGIA ELECTRONICA DE MEXICO,Fabricación de aparatos e instrumentos para pesar,otro,6 a 10 personas,25.64811818,-100.28357457,697.0,500 m-1 km
11236116,METROMALLA,"Fabricación de alambre, productos de alambre y resortes",otro,11 a 30 personas,25.66235398,-100.29930021,1565.0,1-2 km
11394982,MEYSEL,"Fabricación de muebles, excepto cocinas integrales, muebles modulares de baño y muebles de oficina y estantería",otro,11 a 30 personas,25.66555219,-100.29574414,1694.0,1-2 km
3034699,MUEBLES DECORATIVOS LOGAR,"Fabricación de muebles, excepto cocinas integrales, muebles modulares de baño y muebles de oficina y estantería",otro,0 a 5 personas,25.65230886,-100.30597627,1655.0,1-2 km
9688017,MUEBLES LOPEZ,"Fabricación de muebles, excepto cocinas integrales, muebles modulares de baño y muebles de oficina y estantería",otro,0 a 5 personas,25.65552065,-100.30805966,1916.0,1-2 km
9958095,MUEBLES LOSAR,"Fabricación de muebles, excepto cocinas integrales, muebles modulares de baño y muebles de oficina y estantería",otro,6 a 10 personas,25.65635453,-100.30508651,1657.0,1-2 km
9926333,MUEBLES MARIN MARTINEZ,"Fabricación de muebles, excepto cocinas integrales, muebles modulares de baño y muebles de oficina y estantería",otro,0 a 5 personas,25.65516843,-100.30602157,1708.0,1-2 km
3034700,MUEBLES RLD,"Fabricación de muebles, excepto cocinas integrales, muebles modulares de baño y muebles de oficina y estantería",otro,0 a 5 personas,25.65235415,-100.30596595,1654.0,1-2 km
3038900,MUEBLES TELY,"Fabricación de muebles, excepto cocinas integrales, muebles modulares de baño y muebles de oficina y estantería",otro,6 a 10 personas,25.66231599,-100.2951994,1342.0,1-2 km
6320912,MUEBLES TREVIÑO,Fabricación de muebles de oficina y estantería,otro,51 a 100 personas,25.66885918,-100.28206375,2080.0,> 2 km
8735024,MULTISERVICIOS INDUSTRIALES ACEROS,Moldeo por fundición de piezas de hierro y acero,otro,0 a 5 personas,25.66414856,-100.29406669,1490.0,1-2 km
12300253,OEE PRODUCTIVITY AUTOMATION,Fabricación de computadoras y equipo periférico,otro,0 a 5 personas,25.66184156,-100.28643045,1201.0,1-2 km
6365790,OFIMODUL,Fabricación de muebles de oficina y estantería,otro,11 a 30 personas,25.6688199,-100.28678992,1956.0,1-2 km
12300160,OSCON,Fabricación de maquinaria y equipo para levantar y trasladar,otro,31 a 50 personas,25.65684773,-100.28415711,809.0,500 m-1 km
6213206,PLASILELECC,Fabricación de equipo y aparatos de distribución de energía eléctrica,otro,0 a 5 personas,25.66575442,-100.29585712,1719.0,1-2 km
2994099,PROVEEDEORA DE ARTICULOS DE LIMPIEZA SUPERIOR,"Fabricación de escobas, cepillos y similares",otro,0 a 5 personas,25.66572377,-100.27818661,1955.0,1-2 km
3042927,PUERTAS Y VENTANAS GUTIERREZ,Fabricación de productos de herrería,otro,0 a 5 personas,25.65664386,-100.26936524,2101.0,> 2 km
6368417,RECONOCIMIENTOS CREATIVOS,Metalistería de metales no preciosos,otro,31 a 50 personas,25.65579254,-100.29455549,704.0,500 m-1 km
3039625,RIZAM & DIOR,Fabricación de anuncios y señalamientos,otro,0 a 5 personas,25.6392049,-100.29667767,1535.0,1-2 km
8805852,RP ALUMINIOS MAS,Fabricación de productos de herrería,otro,0 a 5 personas,25.65642187,-100.27105058,1932.0,1-2 km
9149321,SALAS EN TELAS,"Fabricación de muebles, excepto cocinas integrales, muebles modulares de baño y muebles de oficina y estantería",otro,11 a 30 personas,25.65782283,-100.30675322,1871.0,1-2 km
6799182,SERVICIOS COHEGO,Maquinado de piezas metálicas para maquinaria y equipo en general,otro,11 a 30 personas,25.65761469,-100.30679614,1866.0,1-2 km
8411245,SERVICIOS FINOX,"Fabricación de muebles, excepto cocinas integrales, muebles modulares de baño y muebles de oficina y estantería",otro,11 a 30 personas,25.65503965,-100.30934759,2030.0,> 2 km
12331645,SERVICIOS TECNICOS CARMONA,Moldeo por fundición de piezas metálicas no ferrosas,otro,6 a 10 personas,25.65783611,-100.30288505,1521.0,1-2 km
8297867,SIERRA FIXTURES,"Fabricación de muebles, excepto cocinas integrales, muebles modulares de baño y muebles de oficina y estantería",otro,0 a 5 personas,25.66512984,-100.30091879,1908.0,1-2 km
6269169,SISTEMAS HORMIGA,Fabricación de maquinaria y equipo para levantar y trasladar,otro,101 a 250 personas,25.66277469,-100.30227997,1800.0,1-2 km
9422885,SOLER Y PALAU,Fabricación de equipo de aire acondicionado y calefacción,otro,6 a 10 personas,25.64037478,-100.28566402,1285.0,1-2 km
3034386,SOLO ES BODEGA,"Fabricación de muebles, excepto cocinas integrales, muebles modulares de baño y muebles de oficina y estantería",otro,0 a 5 personas,25.65886703,-100.30167248,1476.0,1-2 km
10769889,TALLER DE ALUMINIO,Fabricación de estructuras metálicas,otro,0 a 5 personas,25.65799889,-100.30657621,1862.0,1-2 km
9891348,TALLER DE CARPINTERIA,Fabricación de cocinas integrales y muebles modulares de baño,otro,0 a 5 personas,25.65153162,-100.30565955,1620.0,1-2 km
8441384,TALLER DE CARPINTERIA Y PINTURA ONOFRE,"Fabricación de muebles, excepto cocinas integrales, muebles modulares de baño y muebles de oficina y estantería",otro,0 a 5 personas,25.6683551,-100.2907245,1889.0,1-2 km
2994126,TALLER DE ELEVADORES Y MONTACARGAS,Fabricación de maquinaria y equipo para levantar y trasladar,otro,6 a 10 personas,25.66534964,-100.27716892,1983.0,1-2 km
3034327,TALLER DE FORJA DE LA CRUZ,Fabricación de productos de herrería,otro,0 a 5 personas,25.66080742,-100.30173494,1612.0,1-2 km
6366419,TALLER DE HARRAJES DE VENTANA,Fabricación de herrajes y cerraduras,otro,11 a 30 personas,25.65805271,-100.30782555,1980.0,1-2 km
8411238,TALLER DE HERERIA,Fabricación de productos de herrería,otro,0 a 5 personas,25.63805271,-100.29684465,1657.0,1-2 km
11763994,TALLER DE HERRERIA,Fabricación de estructuras metálicas,otro,0 a 5 personas,25.65949442,-100.29803275,1242.0,1-2 km
2994110,TALLER DE HERRERIA,Fabricación de productos de herrería,otro,0 a 5 personas,25.65989068,-100.27520424,1716.0,1-2 km
10508757,TALLER DE HERRERIA,Fabricación de productos de herrería,otro,0 a 5 personas,25.65781654,-100.30776097,1965.0,1-2 km
10127944,TALLER DE HERRERIA,Fabricación de productos de herrería,otro,0 a 5 personas,25.64627516,-100.30451018,1609.0,1-2 km
11224229,TALLER DE HERRERIA,Fabricación de productos de herrería,otro,0 a 5 personas,25.65986943,-100.27516628,1718.0,1-2 km
3039713,TALLER DE HERRERIA ALTAMIRA,Fabricación de productos de herrería,otro,0 a 5 personas,25.64223438,-100.30351131,1735.0,1-2 km
3038566,TALLER DE HERRERIA JUAN MONRREAL,Fabricación de productos de herrería,otro,0 a 5 personas,25.67016451,-100.28849335,2089.0,> 2 km
3045085,TALLER DE HERRERIA PALACIOS,Fabricación de productos de herrería,otro,0 a 5 personas,25.63595817,-100.28944257,1717.0,1-2 km
8441438,TALLER DE HERRERIA SIN NOMBRE,Fabricación de maquinaria y equipo pecuario,otro,6 a 10 personas,25.66801114,-100.28469895,1909.0,1-2 km
8411058,TALLER DE HERRERIA Y CARPINTERIA BRAVO,Fabricación de productos de herrería,otro,0 a 5 personas,25.63678004,-100.28863702,1628.0,1-2 km
10596262,TALLER DE SOLDADURA,Fabricación de productos de herrería,otro,0 a 5 personas,25.65665495,-100.27082627,1961.0,1-2 km
8411350,TALLER DE SOLDADURA,Fabricación de productos de herrería,otro,11 a 30 personas,25.66425032,-100.30100046,1836.0,1-2 km
9682099,TALLER DE SOLDADURA,Fabricación de productos de herrería,otro,0 a 5 personas,25.65934889,-100.30827034,2079.0,> 2 km
2931637,TALLER DE SOLDADURA,Fabricación de carrocerías y remolques,otro,0 a 5 personas,25.66902912,-100.29094973,1966.0,1-2 km
3034549,TALLER DE SOLDADURA,Fabricación de productos de herrería,otro,0 a 5 personas,25.65847862,-100.30914226,2120.0,> 2 km
2994117,TALLER DE SOLDADURA DESCONOCIDO,Fabricación de productos de herrería,otro,0 a 5 personas,25.65807997,-100.27260911,1849.0,1-2 km
8441500,TALLER DE SOLDADURA SIN NOMBRE,Fabricación de productos de herrería,otro,0 a 5 personas,25.667284,-100.29486364,1846.0,1-2 km
3034395,TALLER DE SOLDADURA Y LONAS RIKPER,Fabricación de productos de herrería,otro,6 a 10 personas,25.66119677,-100.30500006,1897.0,1-2 km
3038565,TALLER DE SOLDADURA Y TORNO,Fabricación de productos de herrería,otro,0 a 5 personas,25.6706718,-100.28757633,2152.0,> 2 km
8441390,TALLER DE SOLDAURA,Fabricación de productos de herrería,otro,0 a 5 personas,25.66932539,-100.29071354,1997.0,1-2 km
8648924,TALLER DE TORNO,Maquinado de piezas metálicas para maquinaria y equipo en general,otro,0 a 5 personas,25.66722435,-100.27808453,2099.0,> 2 km
8441204,TALLER DE TORNO,Maquinado de piezas metálicas para maquinaria y equipo en general,otro,6 a 10 personas,25.66393658,-100.27295189,2167.0,> 2 km
2994384,TALLER DE TORNO,Maquinado de piezas metálicas para maquinaria y equipo en general,otro,0 a 5 personas,25.65124058,-100.30621743,1676.0,1-2 km
3038575,TALLER DE TORNO FRESA Y CNC,Maquinado de piezas metálicas para maquinaria y equipo en general,otro,11 a 30 personas,25.66894128,-100.29126943,1959.0,1-2 km
6217226,TALLER DE TORNO MAQUINADOS GARCIA,Maquinado de piezas metálicas para maquinaria y equipo en general,otro,0 a 5 personas,25.65468047,-100.30051667,1163.0,1-2 km
3038549,TALLER DE TORNO Y FRESA UNIVERSAL,Maquinado de piezas metálicas para maquinaria y equipo en general,otro,0 a 5 personas,25.66690992,-100.29218857,1746.0,1-2 km
11610002,TALLER DE TROQUELADO,Fabricación de productos metálicos forjados y troquelados,otro,0 a 5 personas,25.65742148,-100.30988447,2150.0,> 2 km
11152032,TALLER DISEÑO Y FABRICACION DE MOBILIARIO,Fabricación de cocinas integrales y muebles modulares de baño,otro,0 a 5 personas,25.65905661,-100.30763575,2007.0,> 2 km
11729604,TALLER HERERIA,Fabricación de productos de herrería,otro,0 a 5 personas,25.65806603,-100.30568358,1783.0,1-2 km
11620310,TALLER SIN NOMBRE,"Fabricación de escobas, cepillos y similares",otro,0 a 5 personas,25.66752887,-100.29474284,1869.0,1-2 km
10558264,TALLER TORNO,Maquinado de piezas metálicas para maquinaria y equipo en general,otro,0 a 5 personas,25.6619712,-100.29377352,1251.0,1-2 km
3039340,TECNOLOGIA PRODUCTIDAD INDUSTRIAL,Fabricación de maquinaria y equipo para levantar y trasladar,otro,11 a 30 personas,25.6644116,-100.2761868,1968.0,1-2 km
10233198,TIENDAS CUPRUM,Fabricación de productos de herrería,otro,6 a 10 personas,25.65794478,-100.30582644,1791.0,1-2 km
9884541,TRECA,Fabricación de maquinaria y equipo para la industria metalmecánica,otro,11 a 30 personas,25.66825633,-100.28146478,2040.0,> 2 km
3034048,VELAS Y CIRIOS,Fabricación de velas y veladoras,otro,6 a 10 personas,25.65906748,-100.30863889,2099.0,> 2 km
3034054,VELAS Y VELADORAS ONESIMO ALVARADO GARZA,Fabricación de velas y veladoras,otro,6 a 10 personas,25.65859599,-100.30863569,2078.0,> 2 km
11755243,VIVA PERSIANAS,Fabricación de persianas y cortineros,otro,11 a 30 personas,25.65943263,-100.30591368,1872.0,1-2 km
2993986,ZTANZA.COMPRA VENTA Y FABRICACION DE FORJA,Fabricación de productos de herrería,otro,0 a 5 personas,25.65932258,-100.29247956,930.0,500 m-1 km
9430202,ZU&IGA CONSTRUCCIONES,Fabricación de productos de herrería,otro,11 a 30 personas,25.65960076,-100.28393598,1069.0,1-2 km
7812954,ABARROTES CHAN,Comercio al por mayor de abarrotes,otro,0 a 5 personas,25.65654475,-100.27543562,1521.0,1-2 km
11326273,ABAZTEC,Comercio al por mayor de artículos de joyería y relojes,otro,0 a 5 personas,25.6662357,-100.27566256,2155.0,> 2 km
10610006,ABRASIVOS ESPECIALIZADOS Y CONVECIOALES,Comercio al por mayor de maquinaria y equipo para la industria manufacturera,otro,6 a 10 personas,25.66409344,-100.29520883,1523.0,1-2 km
6366188,ACEROS Y DERIVADOS MONTERREY,Comercio al por mayor de materiales metálicos para la construcción y la manufactura,otro,0 a 5 personas,25.6686288,-100.28038178,2123.0,> 2 km
9718840,ADINOAM,Comercio al por mayor de artículos de perfumería y cosméticos,otro,6 a 10 personas,25.66442517,-100.2836378,1563.0,1-2 km
12303640,ADVANZ,Comercio al por mayor de otras materias primas para otras industrias,otro,0 a 5 personas,25.63724971,-100.28784152,1582.0,1-2 km
8649303,AG LEMAR,Comercio al por mayor de maquinaria y equipo para otros servicios y para actividades comerciales,otro,0 a 5 personas,25.6545511,-100.28918876,352.0,0-500 m
2994303,AHORRO Y CALIDAD DE ENERGIA ELECTRICA,Comercio al por mayor de equipo y material eléctrico,otro,31 a 50 personas,25.65531334,-100.27687728,1338.0,1-2 km
8524575,AIG TRAICIN,Comercio al por mayor de artículos y accesorios para diseño y pintura artística,otro,0 a 5 personas,25.66670497,-100.27834366,2036.0,> 2 km
11638391,ALBERCAS MARLO EQUIPOS PRODUCTOS PARA EL AGUA,Comercio al por mayor de productos químicos para la industria farmacéutica y para otro uso industrial,otro,0 a 5 personas,25.65950687,-100.29761403,1214.0,1-2 km
8805686,ALFAPARF,Comercio al por mayor de artículos de perfumería y cosméticos,otro,6 a 10 personas,25.6653389,-100.28439511,1632.0,1-2 km
3038423,ALLIALOYS,Comercio al por mayor de otra maquinaria y equipo de uso general,otro,0 a 5 personas,25.66616924,-100.27515263,2183.0,> 2 km
11764245,ALSE FIRE SYSTEMS,Comercio al por mayor de otra maquinaria y equipo de uso general,otro,0 a 5 personas,25.6442004,-100.29775995,1152.0,1-2 km
9404772,ALUCOMEX BODEGA MONTERREY,Comercio al por mayor de materiales metálicos para la construcción y la manufactura,otro,6 a 10 personas,25.65880383,-100.3057289,1823.0,1-2 km
8411196,AMEREX,Comercio al por mayor de otra maquinaria y equipo de uso general,otro,0 a 5 personas,25.66063236,-100.30226574,1640.0,1-2 km
3038981,AMG PINTURAS,Comercio al por mayor de pintura,otro,0 a 5 personas,25.66491634,-100.28383374,1607.0,1-2 km
11074729,ANILLOS Y MATERIALES,"Comercio al por mayor de cemento, tabique y grava",otro,0 a 5 personas,25.65728677,-100.30279253,1484.0,1-2 km
11429397,ANILLOS Y. MATERIALES,"Comercio al por mayor de cemento, tabique y grava",otro,0 a 5 personas,25.65729029,-100.3028118,1486.0,1-2 km
12307900,ANK SOLUTIONS,"Comercio al por mayor de mobiliario, equipo, y accesorios de cómputo",otro,6 a 10 personas,25.65467643,-100.27596873,1404.0,1-2 km
11350768,APY SISTEMS,"Comercio al por mayor de maquinaria y equipo agropecuario, forestal y para la pesca",otro,11 a 30 personas,25.66292453,-100.28518465,1352.0,1-2 km
3039397,AQUA JAKER,"Comercio al por mayor de maquinaria y equipo agropecuario, forestal y para la pesca",otro,31 a 50 personas,25.66215367,-100.27319275,2025.0,> 2 km
3039609,ARDISA DESING,Comercio al por mayor de madera para la construcción y la industria,otro,0 a 5 personas,25.638374,-100.28733101,1465.0,1-2 km
8649089,ASESORES EN ALTA TECNOLOGIA,Comercio al por mayor de equipo y material eléctrico,otro,6 a 10 personas,25.66787378,-100.28233329,1968.0,1-2 km
9337693,ATLAS REFRIPARTES,Comercio al por mayor de maquinaria y equipo para otros servicios y para actividades comerciales,otro,0 a 5 personas,25.65927963,-100.30047799,1407.0,1-2 km
9961695,ATLETICS,Comercio al por mayor de artículos y aparatos deportivos,otro,0 a 5 personas,25.65911061,-100.29606955,1081.0,1-2 km
6859597,AVANCE INTELIGENTE,Comercio al por mayor de maquinaria y equipo para otros servicios y para actividades comerciales,otro,51 a 100 personas,25.66130075,-100.29968795,1502.0,1-2 km
12298151,AVANCE Y TECNOLOGIA EN PLASTICOS,"Comercio al por mayor de cemento, tabique y grava",otro,6 a 10 personas,25.6669391,-100.28314953,1841.0,1-2 km
8649243,BASICOS ALIMENTICIOS Y MAQUINARIA,Comercio al por mayor de otros alimentos,otro,0 a 5 personas,25.6483655,-100.28842552,354.0,0-500 m
12311099,BATTERY MASTER GARZA SADA,"Comercio al por mayor de partes y refacciones nuevas para automóviles, camionetas y camiones",otro,11 a 30 personas,25.64113264,-100.28565896,1205.0,1-2 km
12284285,BC SELECTIONS,Comercio al por mayor de vinos y licores,otro,0 a 5 personas,25.66151686,-100.27437534,1888.0,1-2 km
11740814,BESERMED,"Comercio al por mayor de mobiliario, equipo e instrumental médico y de laboratorio",otro,11 a 30 personas,25.66399949,-100.29158536,1417.0,1-2 km
9461409,BIOSA MOTION TECNOLOGIES,Comercio al por mayor de otra maquinaria y equipo de uso general,otro,0 a 5 personas,25.65249892,-100.27653107,1306.0,1-2 km
9425867,BMH EQUIPOS,Comercio al por mayor de otra maquinaria y equipo de uso general,otro,0 a 5 personas,25.65566806,-100.30632872,1752.0,1-2 km
6257791,BOCOFLUSA,Comercio al por mayor de otra maquinaria y equipo de uso general,otro,6 a 10 personas,25.63758156,-100.29216087,1560.0,1-2 km
9307318,BODEGA,"Comercio al por mayor de mobiliario, equipo e instrumental médico y de laboratorio",otro,31 a 50 personas,25.66010978,-100.278878,1439.0,1-2 km
11812991,BODEGA,"Comercio al por mayor de envases en general, papel y cartón para la industria",otro,0 a 5 personas,25.65603267,-100.30581098,1714.0,1-2 km
10781574,BODEGA ALMACEN DIFRISA,"Comercio al por mayor de mobiliario, equipo, y accesorios de cómputo",otro,0 a 5 personas,25.64874003,-100.27298109,1682.0,1-2 km
11743038,BODEGA AUXILIAR,Comercio al por mayor de productos químicos para la industria farmacéutica y para otro uso industrial,otro,0 a 5 personas,25.66534354,-100.27655433,2022.0,> 2 km
9838266,BODEGA CONTRABARRA,Comercio al por mayor de vinos y licores,otro,0 a 5 personas,25.65764092,-100.30589301,1784.0,1-2 km
8778958,BODEGA DE PRODUCTOS INTERNACIONALES,Comercio al por mayor de embutidos,otro,51 a 100 personas,25.66109831,-100.28286218,1267.0,1-2 km
10070730,BODEGA DE TELAS DEVATEX,"Comercio al por mayor de fibras, hilos y telas",otro,0 a 5 personas,25.65591694,-100.30917151,2035.0,> 2 km
8844467,BODEGA MADERA,Comercio al por mayor de madera para la construcción y la industria,otro,11 a 30 personas,25.66511452,-100.27471954,2126.0,> 2 km
2990926,BODEGA MATERIALES PARA CONSTRUCCION GUTIERREZ,"Comercio al por mayor de otros materiales para la construcción, excepto de madera y metálicos",otro,0 a 5 personas,25.65476316,-100.30557633,1654.0,1-2 km
11322318,BORDADOS DEL NORTE,"Comercio al por mayor de ropa, bisutería y accesorios de vestir",otro,0 a 5 personas,25.63937026,-100.27680222,1846.0,1-2 km
10045892,BUNKHA,Comercio al por mayor de desechos metálicos,otro,0 a 5 personas,25.66420143,-100.29838936,1679.0,1-2 km
6366475,CANON,Comercio al por mayor de mobiliario y equipo de oficina,otro,11 a 30 personas,25.6592186,-100.30657478,1920.0,1-2 km
11730925,CARPINTERIA MUFISA,Comercio al por mayor de madera para la construcción y la industria,otro,11 a 30 personas,25.65966159,-100.30612097,1902.0,1-2 km
6365783,CARTON Y PAPEL DEL HUAJUCO,"Comercio al por mayor de envases en general, papel y cartón para la industria",otro,51 a 100 personas,25.66336554,-100.27308725,2116.0,> 2 km
3038556,CASA ALBERT DE MEXICO,Comercio al por mayor de otra maquinaria y equipo de uso general,otro,11 a 30 personas,25.66701095,-100.29054588,1739.0,1-2 km
3034433,CAVAZOS REFACCIONES,"Comercio al por mayor de partes y refacciones nuevas para automóviles, camionetas y camiones",otro,0 a 5 personas,25.6576034,-100.30397837,1607.0,1-2 km
8635036,CEFIRE,"Comercio al por mayor de otros materiales para la construcción, excepto de madera y metálicos",otro,6 a 10 personas,25.66386942,-100.30043409,1767.0,1-2 km
6420684,CENTRAL DE CARNES,Comercio al por mayor de carnes rojas,otro,6 a 10 personas,25.66330173,-100.30084148,1745.0,1-2 km
6879611,CG UNIVERSAL WOOD,Comercio al por mayor de madera para la construcción y la industria,otro,0 a 5 personas,25.65547198,-100.30202801,1335.0,1-2 km
10681687,CINTOS Y ACCESORIOS LYL,"Comercio al por mayor de ropa, bisutería y accesorios de vestir",otro,51 a 100 personas,25.66670478,-100.29532461,1799.0,1-2 km
10231028,COBER MEDIC,Comercio al por mayor de productos farmacéuticos,otro,0 a 5 personas,25.65791701,-100.30567646,1776.0,1-2 km
11750724,COLD JET THE FORCE NATURE,Comercio al por mayor de productos químicos para la industria farmacéutica y para otro uso industrial,otro,0 a 5 personas,25.6589139,-100.30351287,1634.0,1-2 km
10699038,COMERCIALIZADORA ACTIVA,"Comercio al por mayor de mobiliario, equipo e instrumental médico y de laboratorio",otro,0 a 5 personas,25.64889529,-100.27389396,1589.0,1-2 km
12305768,COMERCIALIZADORA DE LUBRICANTES ESPECIALIZADOS DEL NORESTE,Comercio al por mayor de combustibles de uso industrial,otro,11 a 30 personas,25.6583973,-100.27835917,1361.0,1-2 km
2994103,COMERCIALIZADORA DE METALES CHAPULTEPEC,Comercio al por mayor de desechos metálicos,otro,0 a 5 personas,25.66609681,-100.27578377,2136.0,> 2 km
9607956,COMERCIALIZADORA DIMAR,Comercio al por mayor de equipo y material eléctrico,otro,0 a 5 personas,25.65040053,-100.28439061,524.0,500 m-1 km
12303641,COMERCIALIZADORA E IMPORTADORA DE PRODUCTOS Y SERVICIOS INDUSTRIALES,Comercio al por mayor de otras materias primas para otras industrias,otro,0 a 5 personas,25.63405619,-100.28166461,2082.0,> 2 km
9951430,COMERCIO AL POR MAYOR DE DULCES Y MATERIAS PRIMAS PARA REPOSTERÍA SIN NOMBRE,Comercio al por mayor de dulces y materias primas para repostería,otro,6 a 10 personas,25.65033578,-100.284378,527.0,500 m-1 km
10230590,COMERCIO AL POR MAYOR DE PRODUCTOS FARMACÉUTICOS SIN NOMBRE,Comercio al por mayor de productos farmacéuticos,otro,6 a 10 personas,25.65937789,-100.30586413,1865.0,1-2 km
12309549,COMERZIADORA SIN SAJO,Comercio al por mayor de otra maquinaria y equipo de uso general,otro,0 a 5 personas,25.64501924,-100.28814604,722.0,500 m-1 km
8368910,COMPAÑIA PROMOTORA DE EXPORTACION,"Comercio al por mayor de mobiliario, equipo e instrumental médico y de laboratorio",otro,11 a 30 personas,25.65520977,-100.27704153,1319.0,1-2 km
8411137,COMPONENTES TECNOLOGICOS,Comercio al por mayor de mobiliario y equipo de oficina,otro,11 a 30 personas,25.65873926,-100.30258602,1545.0,1-2 km
6446464,COMPRA DE METALES EL TIN TAN,Comercio al por mayor de desechos metálicos,otro,0 a 5 personas,25.64308969,-100.29975457,1382.0,1-2 km
3039716,COMPRA DE RECICLABLES,Comercio al por mayor de desechos de papel y de cartón,otro,0 a 5 personas,25.64417486,-100.30330904,1600.0,1-2 km
11759814,COMPRA VENTA DE CHATARRA EL RANCHITO,Comercio al por mayor de desechos metálicos,otro,0 a 5 personas,25.65710658,-100.27155475,1907.0,1-2 km
8411191,COMPRA VENTA DE METALES,Comercio al por mayor de desechos metálicos,otro,0 a 5 personas,25.6543785,-100.30450358,1540.0,1-2 km
3039667,COMPRA VENTA DE METALES EL COCO NO,Comercio al por mayor de desechos metálicos,otro,0 a 5 personas,25.64286114,-100.30199138,1571.0,1-2 km
8411069,COMPRAVETCO,Comercio al por mayor de desechos metálicos,otro,0 a 5 personas,25.63274606,-100.29627435,2183.0,> 2 km
3038590,COMPRESORES Y EQUIPO,Comercio al por mayor de otra maquinaria y equipo de uso general,otro,6 a 10 personas,25.66756425,-100.29415233,1857.0,1-2 km
12309588,CONSTRUCCIONES VALVULAS Y BOMBAS,Comercio al por mayor de otra maquinaria y equipo de uso general,otro,6 a 10 personas,25.64691931,-100.29469138,720.0,500 m-1 km
3038989,CONTROL E INSTRUMENTACION INDUSTRIAL,Comercio al por mayor de otra maquinaria y equipo de uso general,otro,6 a 10 personas,25.66687683,-100.28217996,1871.0,1-2 km
6755931,COOL & PARTS REFRIGERACION Y AIRE,Comercio al por mayor de electrodomésticos menores y aparatos de línea blanca,otro,6 a 10 personas,25.63426002,-100.29874038,2119.0,> 2 km
3039017,DE WIT DE MEXICO,Comercio al por mayor de otra maquinaria y equipo de uso general,otro,6 a 10 personas,25.66133825,-100.28244432,1312.0,1-2 km
3034293,DELAGAR SISTEMAS CONTRA INCENDIO,Comercio al por mayor de otra maquinaria y equipo de uso general,otro,0 a 5 personas,25.66169457,-100.30177385,1680.0,1-2 km
3038559,DELTA RADIOCOMUNICACIÓN,"Comercio al por mayor de equipo de telecomunicaciones, fotografía y cinematografía",otro,51 a 100 personas,25.66621108,-100.2901,1648.0,1-2 km
9696604,DEPOSITO DENTAL,"Comercio al por mayor de mobiliario, equipo e instrumental médico y de laboratorio",otro,0 a 5 personas,25.64459569,-100.2878427,775.0,500 m-1 km
9467670,DIAGNOSTICO Y CIRUGIA,"Comercio al por mayor de mobiliario, equipo e instrumental médico y de laboratorio",otro,11 a 30 personas,25.65847134,-100.29479666,949.0,500 m-1 km
6499880,DIFRISA SERVICIOS,"Comercio al por mayor de mobiliario, equipo, y accesorios de cómputo",otro,6 a 10 personas,25.64873594,-100.27298613,1682.0,1-2 km
12307866,DIFRUSA SERVICIOS RENTA DE EQUIPO,"Comercio al por mayor de mobiliario, equipo, y accesorios de cómputo",otro,0 a 5 personas,25.64876156,-100.27295451,1684.0,1-2 km
11644456,DISEÑOS DE CARTON,"Comercio al por mayor de envases en general, papel y cartón para la industria",otro,0 a 5 personas,25.63812001,-100.28421245,1569.0,1-2 km
11138066,DISMAKIRUGIC,"Comercio al por mayor de mobiliario, equipo e instrumental médico y de laboratorio",otro,0 a 5 personas,25.64148579,-100.27863848,1549.0,1-2 km
2931145,DISTRIBUIDORA DE FILTROS BOMBAS Y BEBEDEROS PARA AGUA,Comercio al por mayor de otra maquinaria y equipo de uso general,otro,6 a 10 personas,25.66335065,-100.28321004,1471.0,1-2 km
11265849,DISTRIBUIDORA DE MARISCOS WALTER,Comercio al por mayor de pescados y mariscos,otro,6 a 10 personas,25.64070861,-100.27978535,1537.0,1-2 km
9525674,DISTRIBUIDORA DE MEDICINAS GALVAN,"Comercio al por mayor de mobiliario, equipo e instrumental médico y de laboratorio",otro,0 a 5 personas,25.64714177,-100.2827529,826.0,500 m-1 km
3038509,DISTRIBUIDORA DEPORTIVA EL PROFE,Comercio al por mayor de artículos y aparatos deportivos,otro,6 a 10 personas,25.66711296,-100.28901329,1748.0,1-2 km
6366240,DISTRIBUIDORA PROESA,Comercio al por mayor de artículos de papelería,otro,11 a 30 personas,25.66538622,-100.29925456,1837.0,1-2 km
9515461,DIVERSIFIED CHEMICAL TECHNOLOGIES DE MEXICO,"Comercio al por mayor de fertilizantes, plaguicidas y semillas para siembra",otro,0 a 5 personas,25.64168425,-100.27854591,1540.0,1-2 km
2993917,DOSEME INTERNACIONAL,Comercio al por mayor de otras materias primas para otras industrias,otro,51 a 100 personas,25.66203489,-100.30304039,1800.0,1-2 km
12297504,ECORROSIVE,Comercio al por mayor de electrodomésticos menores y aparatos de línea blanca,otro,6 a 10 personas,25.63411958,-100.28170552,2074.0,> 2 km
6235167,EL MAS POLLO SUCURSAL 03 32 FLORIDA,Comercio al por mayor de carne de aves,otro,0 a 5 personas,25.6597678,-100.28916907,931.0,500 m-1 km
6235164,EL MAS POLLO SUCURSAL 03 40 HILARIO MARTINEZ,Comercio al por mayor de carne de aves,otro,0 a 5 personas,25.6541707,-100.30483083,1567.0,1-2 km
9468475,EL MAS POLLO SUCURSAL JOSE ALVARADO,Comercio al por mayor de carne de aves,otro,0 a 5 personas,25.65965936,-100.27446546,1765.0,1-2 km
6235525,EL MAS POLLO SUCURSAL RODRIGO GOMEZ,Comercio al por mayor de carne de aves,otro,0 a 5 personas,25.64276715,-100.30217573,1592.0,1-2 km
3038914,ELECTRICA REYNERA,Comercio al por mayor de equipo y material eléctrico,otro,0 a 5 personas,25.66065457,-100.28804713,1039.0,1-2 km
6368428,ELECTROPUENTE,Comercio al por mayor de equipo y material eléctrico,otro,11 a 30 personas,25.63509115,-100.28189346,1967.0,1-2 km
8297765,EMPACATODO,"Comercio al por mayor de envases en general, papel y cartón para la industria",otro,0 a 5 personas,25.66083535,-100.30131505,1582.0,1-2 km
8635034,EMPAQUE IDEAL,"Comercio al por mayor de envases en general, papel y cartón para la industria",otro,6 a 10 personas,25.66040744,-100.29824361,1331.0,1-2 km
10488531,ENERGIA RENOVABLE,Comercio al por mayor de otra maquinaria y equipo de uso general,otro,0 a 5 personas,25.64990258,-100.28201875,768.0,500 m-1 km
8587614,ENERGY CLEEAN,Comercio al por mayor de otra maquinaria y equipo de uso general,otro,0 a 5 personas,25.66577089,-100.29554671,1709.0,1-2 km
3038583,EQUIPOS PARA LAVAR,Comercio al por mayor de maquinaria y equipo para otros servicios y para actividades comerciales,otro,11 a 30 personas,25.66702154,-100.29643239,1871.0,1-2 km
11604337,ESMER,"Comercio al por mayor de partes y refacciones nuevas para automóviles, camionetas y camiones",otro,0 a 5 personas,25.66453554,-100.29565519,1586.0,1-2 km
6217339,ESTANTERIA DUQUE,Comercio al por mayor de maquinaria y equipo para otros servicios y para actividades comerciales,otro,0 a 5 personas,25.65830465,-100.27284161,1838.0,1-2 km
6215845,EUROMAX CALZADO INDUSTRIAL,Comercio al por mayor de otra maquinaria y equipo de uso general,otro,0 a 5 personas,25.66713655,-100.28871893,1752.0,1-2 km
12298869,EXACHEM,Comercio al por mayor de productos químicos para la industria farmacéutica y para otro uso industrial,otro,0 a 5 personas,25.6437419,-100.29213432,892.0,500 m-1 km
2993841,EZ CONFORT AIRES ACONDICIONADOS,Comercio al por mayor de electrodomésticos menores y aparatos de línea blanca,otro,6 a 10 personas,25.66785682,-100.28241583,1963.0,1-2 km
8775367,FARMAONE,Comercio al por mayor de productos farmacéuticos,otro,11 a 30 personas,25.65880361,-100.30768246,2000.0,1-2 km
6371719,FLUIDOS TECNICOS,Comercio al por mayor de maquinaria y equipo para la industria manufacturera,otro,0 a 5 personas,25.65150218,-100.29970374,1023.0,1-2 km
9693763,FOMENTO BIOTECNOLOGICO AMBIENTAL,"Comercio al por mayor de fertilizantes, plaguicidas y semillas para siembra",otro,6 a 10 personas,25.66941856,-100.28631006,2029.0,> 2 km
6371132,FORESTAL SIERRA AZUL,Comercio al por mayor de madera para la construcción y la industria,otro,6 a 10 personas,25.65825189,-100.307486,1957.0,1-2 km
6364852,FRISER,Comercio al por mayor de maquinaria y equipo para otros servicios y para actividades comerciales,otro,51 a 100 personas,25.66095776,-100.28396548,1199.0,1-2 km
9749210,GAALMEDIC,"Comercio al por mayor de mobiliario, equipo e instrumental médico y de laboratorio",otro,0 a 5 personas,25.64188952,-100.27927822,1472.0,1-2 km
3034417,GASES Y EQUIPOS INDUSTRIALES,Comercio al por mayor de productos químicos para la industria farmacéutica y para otro uso industrial,otro,0 a 5 personas,25.65725428,-100.30190939,1404.0,1-2 km
8805694,GC TRATAMIENTO,Comercio al por mayor de productos químicos para la industria farmacéutica y para otro uso industrial,otro,31 a 50 personas,25.66266075,-100.28508932,1328.0,1-2 km
12294124,GOGA FARMACEUTICA,Comercio al por mayor de productos farmacéuticos,otro,6 a 10 personas,25.64410737,-100.29730349,1127.0,1-2 km
11348786,GRUPO BAMSA,Comercio al por mayor de maquinaria y equipo para la industria manufacturera,otro,0 a 5 personas,25.66577321,-100.29549684,1708.0,1-2 km
8805660,GRUPO GONIG,Comercio al por mayor de maquinaria y equipo para la industria manufacturera,otro,0 a 5 personas,25.66016973,-100.27786519,1520.0,1-2 km
8524620,GRUPO IPASA,Comercio al por mayor de electrodomésticos menores y aparatos de línea blanca,otro,6 a 10 personas,25.66907054,-100.28152027,2121.0,> 2 km
11722078,GYROS EDITORIAL,Comercio al por mayor de libros,otro,0 a 5 personas,25.64928526,-100.29770349,855.0,500 m-1 km
8587602,HARVEST AQUAMAR COMPRA VENTA DE MANIQUIS,Comercio al por mayor de maquinaria y equipo para otros servicios y para actividades comerciales,otro,0 a 5 personas,25.64923897,-100.27384583,1587.0,1-2 km
7988686,IMPERCAUCHO,Comercio al por mayor de pintura,otro,0 a 5 personas,25.66704809,-100.28993551,1741.0,1-2 km
9307316,INSTRUMENTOS Y EQUIPOS FALCON,"Comercio al por mayor de mobiliario, equipo e instrumental médico y de laboratorio",otro,0 a 5 personas,25.65996938,-100.27873353,1440.0,1-2 km
6365737,INSTRUMENTOS Y EQUIPOS FALCON,"Comercio al por mayor de mobiliario, equipo e instrumental médico y de laboratorio",otro,11 a 30 personas,25.66129209,-100.28182504,1342.0,1-2 km
3040179,INSUMOS INDUSTRIALES DE COBRE Y LATON,Comercio al por mayor de materiales metálicos para la construcción y la manufactura,otro,6 a 10 personas,25.65802274,-100.28396407,922.0,500 m-1 km
3042231,IRASA,Comercio al por mayor de maquinaria y equipo para la industria manufacturera,otro,31 a 50 personas,25.63442687,-100.29773181,2060.0,> 2 km
12294308,ITCHYBITSY,Comercio al por mayor de artículos de perfumería y cosméticos,otro,0 a 5 personas,25.65888562,-100.29722775,1137.0,1-2 km
10403670,JURETO COMERCIALIZADORA,Comercio al por mayor de artículos de papelería,otro,0 a 5 personas,25.66108595,-100.28033337,1416.0,1-2 km
12335304,KANTANI,Comercio al por mayor de frutas y verduras frescas,otro,11 a 30 personas,25.64245112,-100.279171,1436.0,1-2 km
9051295,KARCHER MEXICO NUEVO LEON,Comercio al por mayor de maquinaria y equipo para otros servicios y para actividades comerciales,otro,0 a 5 personas,25.6653389,-100.28439511,1632.0,1-2 km
10856749,KAYKA INDUSTRIAL,Comercio al por mayor de maquinaria y equipo para la industria manufacturera,otro,6 a 10 personas,25.66634993,-100.28147556,1847.0,1-2 km
12298872,KEMCARE DE MEXICO,Comercio al por mayor de productos químicos para la industria farmacéutica y para otro uso industrial,otro,6 a 10 personas,25.65469586,-100.27593942,1408.0,1-2 km
8411566,K-MAR GEL REDUCTIVO,Comercio al por mayor de productos farmacéuticos,otro,0 a 5 personas,25.66338595,-100.29770452,1566.0,1-2 km
2994930,KOMFORTO,Comercio al por mayor de maquinaria y equipo para otros servicios y para actividades comerciales,otro,0 a 5 personas,25.63922374,-100.27268776,2162.0,> 2 km
2933754,KORCUT,Comercio al por mayor de otra maquinaria y equipo de uso general,otro,11 a 30 personas,25.66643938,-100.28220594,1825.0,1-2 km
9426173,KRAMO ALIMENTOS,"Comercio al por mayor de semillas y granos alimenticios, especias y chiles secos",otro,6 a 10 personas,25.66573127,-100.29619776,1729.0,1-2 km
8649027,LA INDUSTRIAL,Comercio al por mayor de maquinaria y equipo para otros servicios y para actividades comerciales,otro,11 a 30 personas,25.66693905,-100.2831491,1841.0,1-2 km
2994057,LACTOPRODUCTOS LA LOMA,Comercio al por mayor de leche y otros productos lácteos,otro,11 a 30 personas,25.6670622,-100.28970382,1742.0,1-2 km
8649471,LINCOLN SERVICE,Comercio al por mayor de otra maquinaria y equipo de uso general,otro,11 a 30 personas,25.66610632,-100.29141877,1647.0,1-2 km
6368396,LJV SPORT,Comercio al por mayor de madera para la construcción y la industria,otro,6 a 10 personas,25.66560896,-100.27512663,2138.0,> 2 km
12298983,LOGISTICA Y EMPAQUE FACIL,"Comercio al por mayor de envases en general, papel y cartón para la industria",otro,6 a 10 personas,25.64567999,-100.28620237,717.0,500 m-1 km
2994339,MADERAS ENCHAPADOS DE MONTERREY,Comercio al por mayor de madera para la construcción y la industria,otro,11 a 30 personas,25.6570644,-100.3015746,1364.0,1-2 km
3038554,MADERAS MATA,Comercio al por mayor de madera para la construcción y la industria,otro,0 a 5 personas,25.66696645,-100.29127728,1740.0,1-2 km
8411078,MADERAS Y MAQUILAS,Comercio al por mayor de madera para la construcción y la industria,otro,6 a 10 personas,25.65710411,-100.30400106,1586.0,1-2 km
9432389,MADERAS Y MAQUILAS NUEVO REPUEBLO,Comercio al por mayor de madera para la construcción y la industria,otro,11 a 30 personas,25.65674872,-100.30407318,1577.0,1-2 km
11784205,MADERAS Y TABLEROS MONTERREY,Comercio al por mayor de madera para la construcción y la industria,otro,11 a 30 personas,25.65868132,-100.27853081,1365.0,1-2 km
3038860,MADERERA Y FERRETERA EL SALTO,Comercio al por mayor de madera para la construcción y la industria,otro,6 a 10 personas,25.66555723,-100.29708579,1748.0,1-2 km
11794454,MADERERA Y FERRETERA EL SALTO,Comercio al por mayor de madera para la construcción y la industria,otro,0 a 5 personas,25.66575844,-100.2969182,1761.0,1-2 km
2994171,MAQUINARIA PARA PUBLICIDAD ART CREATION,Comercio al por mayor de maquinaria y equipo para la industria manufacturera,otro,0 a 5 personas,25.66600185,-100.27503584,2177.0,> 2 km
9405219,MARUKA MEXICO,Comercio al por mayor de maquinaria y equipo para la industria manufacturera,otro,0 a 5 personas,25.66252514,-100.28289208,1403.0,1-2 km
8844414,MATERIAL ELECTRICO Y FERRETERIA EL FARO ELECTRICA,Comercio al por mayor de equipo y material eléctrico,otro,0 a 5 personas,25.65978826,-100.28866922,936.0,500 m-1 km
8970865,MATERIAL PARA CONSTRUCCION MALTRE,"Comercio al por mayor de cemento, tabique y grava",otro,0 a 5 personas,25.66618157,-100.27643387,2102.0,> 2 km
9517392,MATERIALES EL PARIENTE,"Comercio al por mayor de cemento, tabique y grava",otro,0 a 5 personas,25.63905622,-100.30428063,2020.0,> 2 km
9821227,MATERIALES GUTIERREZ,"Comercio al por mayor de cemento, tabique y grava",otro,6 a 10 personas,25.6547544,-100.30557821,1654.0,1-2 km
3039994,MATERIALES SALAZAR,"Comercio al por mayor de cemento, tabique y grava",otro,0 a 5 personas,25.6389511,-100.30629427,2180.0,> 2 km
6365921,MATERIALES Y PERFILES LOS ALPES,Comercio al por mayor de materiales metálicos para la construcción y la manufactura,otro,11 a 30 personas,25.65736579,-100.30764842,1936.0,1-2 km
3038424,MAYEKAWA MYCOM,Comercio al por mayor de maquinaria y equipo para otros servicios y para actividades comerciales,otro,6 a 10 personas,25.66619405,-100.275343,2172.0,> 2 km
8649192,MAZZO PLAK RECONOCIMIENTOS,Comercio al por mayor de materiales metálicos para la construcción y la manufactura,otro,0 a 5 personas,25.65076592,-100.27720944,1234.0,1-2 km
10387470,MEDEQ ASESORA Y COMERSIALISADORA,"Comercio al por mayor de mobiliario, equipo e instrumental médico y de laboratorio",otro,31 a 50 personas,25.65837512,-100.29774795,1134.0,1-2 km
10061105,MEDICALL SUPLIES MEXICO,Comercio al por mayor de productos farmacéuticos,otro,6 a 10 personas,25.64434409,-100.27463565,1684.0,1-2 km
12299068,MERCADO DE MADERAS DEL NORTE,Comercio al por mayor de madera para la construcción y la industria,otro,11 a 30 personas,25.66204824,-100.30310942,1806.0,1-2 km
8411195,MERCANTIL DE EQUIPOS CONTRA INCENDIOS,Comercio al por mayor de otra maquinaria y equipo de uso general,otro,6 a 10 personas,25.66063236,-100.30226574,1640.0,1-2 km
10496382,MESLER COMERCIAL,"Comercio al por mayor de cemento, tabique y grava",otro,0 a 5 personas,25.65915073,-100.30457299,1739.0,1-2 km
8774671,METAL WORLD,Comercio al por mayor de maquinaria y equipo para la industria manufacturera,otro,0 a 5 personas,25.66607492,-100.29714233,1803.0,1-2 km
3039950,METALEX,Comercio al por mayor de desechos metálicos,otro,0 a 5 personas,25.64223725,-100.30312959,1704.0,1-2 km
3034439,MISTER ELECTRIC,Comercio al por mayor de equipo y material eléctrico,otro,0 a 5 personas,25.6576661,-100.30431876,1641.0,1-2 km
12303482,MONTERREY INDUSTRIAL SERVICE SUPPLIES,Comercio al por mayor de otras materias primas para otras industrias,otro,0 a 5 personas,25.64485715,-100.29899725,1198.0,1-2 km
8812464,MONTERREY INTERNACIONAL AGROPECUARIO,"Comercio al por mayor de maquinaria y equipo agropecuario, forestal y para la pesca",otro,6 a 10 personas,25.66388247,-100.29900393,1683.0,1-2 km
12303483,MOVAX,Comercio al por mayor de otras materias primas para otras industrias,otro,6 a 10 personas,25.63399032,-100.29698032,2076.0,> 2 km
3034426,MULTISERVICIOS Y ARTICULOS DE SEGURIDAD INDUSTRIAL,Comercio al por mayor de otra maquinaria y equipo de uso general,otro,31 a 50 personas,25.65749965,-100.30341074,1551.0,1-2 km
10591129,NEDEVA,Comercio al por mayor de otra maquinaria y equipo de uso general,otro,11 a 30 personas,25.66721524,-100.28653966,1783.0,1-2 km
11736709,NOROC,Comercio al por mayor de maquinaria y equipo para otros servicios y para actividades comerciales,otro,0 a 5 personas,25.64932779,-100.27800651,1175.0,1-2 km
12307320,NOVOBAAK,"Comercio al por mayor de mobiliario, equipo e instrumental médico y de laboratorio",otro,6 a 10 personas,25.6578025,-100.29386211,835.0,500 m-1 km
11071444,OMERSA DEL NORESTE,Comercio al por mayor de productos químicos para la industria farmacéutica y para otro uso industrial,otro,6 a 10 personas,25.64204823,-100.27553356,1744.0,1-2 km
6373711,ORGANIZACION COMERCIAL KEY,Comercio al por mayor de abarrotes,otro,0 a 5 personas,25.66150612,-100.28412312,1246.0,1-2 km
11057363,ORTO LUX,Comercio al por mayor de productos químicos para la industria farmacéutica y para otro uso industrial,otro,6 a 10 personas,25.65666753,-100.29875814,1097.0,1-2 km
2994304,PADITRONIC,"Comercio al por mayor de mobiliario, equipo, y accesorios de cómputo",otro,0 a 5 personas,25.65506165,-100.27727644,1291.0,1-2 km
10188238,PAPELERA Y SILICONES,Comercio al por mayor de artículos de papelería,otro,11 a 30 personas,25.657238,-100.30301497,1502.0,1-2 km
3039324,PEGA KING,Comercio al por mayor de productos químicos para la industria farmacéutica y para otro uso industrial,otro,0 a 5 personas,25.66533847,-100.27574455,2074.0,> 2 km
11204340,PERFILES Y PLAFONES,Comercio al por mayor de materiales metálicos para la construcción y la manufactura,otro,0 a 5 personas,25.65741523,-100.29444029,832.0,500 m-1 km
12284163,PETMARKT CO,Comercio al por mayor de otros alimentos,otro,51 a 100 personas,25.63421329,-100.28176601,2062.0,> 2 km
9406297,PINTURAS Y RECUBRIMIENTOS,Comercio al por mayor de pintura,otro,6 a 10 personas,25.63336174,-100.28079965,2187.0,> 2 km
9391036,PLAYERAS MARK MONTERREY,"Comercio al por mayor de ropa, bisutería y accesorios de vestir",otro,0 a 5 personas,25.66714509,-100.29098869,1757.0,1-2 km
6722468,PLOMERIA ELECTRICA DE REYNOSA,Comercio al por mayor de equipo y material eléctrico,otro,0 a 5 personas,25.6616932,-100.30176659,1680.0,1-2 km
9095172,PM-PRODUCTOS MULTIPLES,Comercio al por mayor de materiales metálicos para la construcción y la manufactura,otro,0 a 5 personas,25.65677985,-100.30498155,1663.0,1-2 km
6365943,PORTENNTUM DE MEXICO,"Comercio al por mayor de equipo de telecomunicaciones, fotografía y cinematografía",otro,101 a 250 personas,25.66939558,-100.28425585,2069.0,> 2 km
6386748,PRODUCTOS JAKO MONTERREY,Comercio al por mayor de otras materias primas para otras industrias,otro,6 a 10 personas,25.65913011,-100.29737977,1167.0,1-2 km
6311664,PRODUCTOS METALICOS STEELE,Comercio al por mayor de mobiliario y equipo de oficina,otro,11 a 30 personas,25.66446078,-100.29705603,1638.0,1-2 km
9307315,PROHERMAN TOOLS,Comercio al por mayor de otra maquinaria y equipo de uso general,otro,6 a 10 personas,25.66017831,-100.27825298,1491.0,1-2 km
9421355,PROHERMAN TOOLS,Comercio al por mayor de maquinaria y equipo para la industria manufacturera,otro,6 a 10 personas,25.64841198,-100.27440545,1549.0,1-2 km
11527501,PROQUISA,Comercio al por mayor de maquinaria y equipo para otros servicios y para actividades comerciales,otro,0 a 5 personas,25.66414165,-100.2835247,1538.0,1-2 km
11783529,PROTECCION TECNOLOGICA CONTRA INCENDIOS,Comercio al por mayor de otra maquinaria y equipo de uso general,otro,11 a 30 personas,25.66037645,-100.28256602,1216.0,1-2 km
3040181,PROVEEDORA DE PLAFONES Y ACABADOS,"Comercio al por mayor de otros materiales para la construcción, excepto de madera y metálicos",otro,11 a 30 personas,25.65825847,-100.28395785,943.0,500 m-1 km
9857127,PROYECTA,Comercio al por mayor de electrodomésticos menores y aparatos de línea blanca,otro,11 a 30 personas,25.65624476,-100.30700922,1836.0,1-2 km
11626468,PSEO,Comercio al por mayor de electrodomésticos menores y aparatos de línea blanca,otro,0 a 5 personas,25.64633358,-100.29432,742.0,500 m-1 km
6213237,PT COUPLING DE MEXICO,Comercio al por mayor de equipo y material eléctrico,otro,0 a 5 personas,25.65648847,-100.3077667,1916.0,1-2 km
8297018,PUERTAS DE SEGURIDAD MONTERREY,Comercio al por mayor de otra maquinaria y equipo de uso general,otro,0 a 5 personas,25.63549847,-100.28511107,1822.0,1-2 km
12305775,PURPLE TEC,Comercio al por mayor de combustibles de uso industrial,otro,0 a 5 personas,25.66662138,-100.29641134,1829.0,1-2 km
11628639,QLINSA,Comercio al por mayor de otra maquinaria y equipo de uso general,otro,11 a 30 personas,25.66685472,-100.29305078,1755.0,1-2 km
6785694,QUALTIA ALIMENTOS OPERACIONES HEM REVOLUCION,Comercio al por mayor de embutidos,otro,51 a 100 personas,25.64111979,-100.27380977,1944.0,1-2 km
6217419,QUIMICA DEL NORTE,"Comercio al por mayor de fertilizantes, plaguicidas y semillas para siembra",otro,0 a 5 personas,25.63619594,-100.28257993,1827.0,1-2 km
3034566,R. A. MATERIALES,"Comercio al por mayor de cemento, tabique y grava",otro,0 a 5 personas,25.65724411,-100.30742715,1911.0,1-2 km
3045038,RADCELCOM,"Comercio al por mayor de equipo de telecomunicaciones, fotografía y cinematografía",otro,0 a 5 personas,25.63456636,-100.28722166,1886.0,1-2 km
10493916,RAELSA SUPPLIES,Comercio al por mayor de otra maquinaria y equipo de uso general,otro,0 a 5 personas,25.65503142,-100.30444745,1552.0,1-2 km
11598745,RAMSA RESICLADORA,Comercio al por mayor de otros materiales de desecho,otro,0 a 5 personas,25.63266473,-100.28555973,2120.0,> 2 km
6269432,REACTIVOS Y QUIMICOS,"Comercio al por mayor de mobiliario, equipo e instrumental médico y de laboratorio",otro,101 a 250 personas,25.66177941,-100.28211817,1371.0,1-2 km
8734676,RECICLADOS 3R,Comercio al por mayor de desechos metálicos,otro,0 a 5 personas,25.65957452,-100.3025047,1589.0,1-2 km
8297639,RECICLADOS K11,Comercio al por mayor de desechos metálicos,otro,0 a 5 personas,25.64138145,-100.30324662,1772.0,1-2 km
8844307,RECICLAJE,Comercio al por mayor de desechos metálicos,otro,0 a 5 personas,25.65668925,-100.30889533,2031.0,> 2 km
12297414,RECURSOS DIDACTICOS,Comercio al por mayor de artículos de papelería,otro,0 a 5 personas,25.63716331,-100.28799673,1590.0,1-2 km
6856882,REFRIGERACION LAS BRISAS,Comercio al por mayor de electrodomésticos menores y aparatos de línea blanca,otro,31 a 50 personas,25.65833708,-100.30320571,1576.0,1-2 km
3034446,REGIO SISTEMAS DE MARCADO,"Comercio al por mayor de envases en general, papel y cartón para la industria",otro,11 a 30 personas,25.65854072,-100.30430649,1683.0,1-2 km
10253491,REYMAR MOTOPARTES,Comercio al por mayor de juguetes y bicicletas,otro,11 a 30 personas,25.66280389,-100.28435566,1369.0,1-2 km
9320139,REYNET,"Comercio al por mayor de equipo de telecomunicaciones, fotografía y cinematografía",otro,31 a 50 personas,25.64093029,-100.2817907,1397.0,1-2 km
3040138,RG TRITURADOS,"Comercio al por mayor de cemento, tabique y grava",otro,6 a 10 personas,25.65981031,-100.28736695,959.0,500 m-1 km
12307513,RIBORI,Comercio al por mayor de maquinaria y equipo para otros servicios y para actividades comerciales,otro,0 a 5 personas,25.65762654,-100.28308961,945.0,500 m-1 km
2990967,RIEGOS UNIVERSALES Y CONSTRUCCION,"Comercio al por mayor de maquinaria y equipo agropecuario, forestal y para la pesca",otro,0 a 5 personas,25.65725428,-100.30190939,1404.0,1-2 km
6217217,RITETEK,Comercio al por mayor de productos químicos para la industria farmacéutica y para otro uso industrial,otro,11 a 30 personas,25.65527407,-100.30093675,1225.0,1-2 km
9727280,ROKLAB,Comercio al por mayor de materiales metálicos para la construcción y la manufactura,otro,0 a 5 personas,25.66543405,-100.27824019,1926.0,1-2 km
12303541,SECURITY OR SAFETY INTERNATIONAL,Comercio al por mayor de otras materias primas para otras industrias,otro,0 a 5 personas,25.6665769,-100.28214504,1842.0,1-2 km
11794780,SEITEK,Comercio al por mayor de otra maquinaria y equipo de uso general,otro,0 a 5 personas,25.65866804,-100.29955713,1292.0,1-2 km
9279545,SELLO TECHO,"Comercio al por mayor de cemento, tabique y grava",otro,6 a 10 personas,25.66050233,-100.29794883,1320.0,1-2 km
6366277,SEMEX,Comercio al por mayor de maquinaria y equipo para otros servicios y para actividades comerciales,otro,251 y más personas,25.66680679,-100.28041038,1940.0,1-2 km
8779033,SERVIARTLUX,"Comercio al por mayor de partes y refacciones nuevas para automóviles, camionetas y camiones",otro,51 a 100 personas,25.6630735,-100.29863009,1588.0,1-2 km
12309339,SIERRAS Y MAQUINARIA KCT,Comercio al por mayor de otra maquinaria y equipo de uso general,otro,0 a 5 personas,25.66637622,-100.28233922,1813.0,1-2 km
6792500,SIGMA ALIMENTOS COMERCIAL MONTERREY,Comercio al por mayor de embutidos,otro,51 a 100 personas,25.65617991,-100.29051389,541.0,500 m-1 km
9238939,SIGMA ALIMENTOS COMERCIAL MONTERREY,Comercio al por mayor de embutidos,otro,251 y más personas,25.65933014,-100.28408398,1035.0,1-2 km
2994271,SISELTI,Comercio al por mayor de otra maquinaria y equipo de uso general,otro,11 a 30 personas,25.6486491,-100.27388727,1595.0,1-2 km
2995393,SOLDADURA Y EQUIPOS AUTOMATICOS,Comercio al por mayor de otra maquinaria y equipo de uso general,otro,11 a 30 personas,25.63603114,-100.29796517,1908.0,1-2 km
8297815,SOLO PRODUCTOS MEDICOS DESECHABLES SPMD,Comercio al por mayor de productos farmacéuticos,otro,11 a 30 personas,25.66324883,-100.30056297,1722.0,1-2 km
12334859,SUKARNE,Comercio al por mayor de carnes rojas,otro,0 a 5 personas,25.66708806,-100.28932376,1745.0,1-2 km
6368419,SUMITEX,Comercio al por mayor de maquinaria y equipo para la industria manufacturera,otro,6 a 10 personas,25.6581356,-100.28890299,751.0,500 m-1 km
12306767,SUPLEMENTOS INDUSTRIALES CAVIDA,Comercio al por mayor de maquinaria y equipo para la industria manufacturera,otro,0 a 5 personas,25.64621254,-100.26934033,2101.0,> 2 km
10728664,SUPLEMENTOS INDUSTRIALES CAVIDA,Comercio al por mayor de otra maquinaria y equipo de uso general,otro,6 a 10 personas,25.66977985,-100.28317374,2140.0,> 2 km
6700653,TABLEROS Y MADERAS FOREST,Comercio al por mayor de madera para la construcción y la industria,otro,0 a 5 personas,25.65719912,-100.30176488,1388.0,1-2 km
9221000,TALAVERA VENEGAS,"Comercio al por mayor de cemento, tabique y grava",otro,0 a 5 personas,25.63806255,-100.29531911,1594.0,1-2 km
8297186,TALLER DE DESARME DE METALES,Comercio al por mayor de desechos metálicos,otro,0 a 5 personas,25.65495243,-100.30638976,1738.0,1-2 km
8642236,TBS MATERIALES,"Comercio al por mayor de cemento, tabique y grava",otro,0 a 5 personas,25.66905097,-100.28970251,1963.0,1-2 km
12298931,TECH-CO ADHESIVOS,"Comercio al por mayor de envases en general, papel y cartón para la industria",otro,0 a 5 personas,25.65767294,-100.28397331,891.0,500 m-1 km
6885901,TECNOSINERGIA CDMX MATRIZ,"Comercio al por mayor de equipo de telecomunicaciones, fotografía y cinematografía",otro,11 a 30 personas,25.63674465,-100.29701067,1795.0,1-2 km
6357115,TELEDINAMICA MEXICO,"Comercio al por mayor de mobiliario, equipo, y accesorios de cómputo",otro,101 a 250 personas,25.65822571,-100.27831282,1354.0,1-2 km
3038430,TEMPZONE,Comercio al por mayor de equipo y material eléctrico,otro,6 a 10 personas,25.66642368,-100.27715148,2079.0,> 2 km
2994529,THE KINDER SHOP,Comercio al por mayor de juguetes y bicicletas,otro,0 a 5 personas,25.64391044,-100.27455294,1714.0,1-2 km
3034060,TIENDA FESTER 2 DE ABRIL,Comercio al por mayor de pintura,otro,11 a 30 personas,25.65810138,-100.3066727,1876.0,1-2 km
10060988,TIENDAS KING,Comercio al por mayor de artículos y aparatos deportivos,otro,0 a 5 personas,25.66708806,-100.28932376,1745.0,1-2 km
2994098,TORRETAS Y ALARMAS INDUSTRIALES,Comercio al por mayor de otra maquinaria y equipo de uso general,otro,6 a 10 personas,25.66608643,-100.27812573,1992.0,1-2 km
10871027,TRACTO PARTES,"Comercio al por mayor de partes y refacciones nuevas para automóviles, camionetas y camiones",otro,0 a 5 personas,25.65723935,-100.30253279,1459.0,1-2 km
6368386,TRC,"Comercio al por mayor de partes y refacciones nuevas para automóviles, camionetas y camiones",otro,31 a 50 personas,25.66357783,-100.2845757,1441.0,1-2 km
3039022,TREN MOTRIZ,"Comercio al por mayor de partes y refacciones nuevas para automóviles, camionetas y camiones",otro,6 a 10 personas,25.66066945,-100.28268439,1237.0,1-2 km
9901763,TRICO,"Comercio al por mayor de cemento, tabique y grava",otro,6 a 10 personas,25.66429816,-100.30126013,1856.0,1-2 km
12309712,TRUCK COMMERCE,Comercio al por mayor de otra maquinaria y equipo de uso general,otro,0 a 5 personas,25.65686487,-100.29600717,891.0,500 m-1 km
10730404,TUBELITE DE MEXICO,Comercio al por mayor de artículos y accesorios para diseño y pintura artística,otro,11 a 30 personas,25.66489931,-100.27488923,2097.0,> 2 km
6269401,TUBELITE DE MEXICO,Comercio al por mayor de artículos y accesorios para diseño y pintura artística,otro,11 a 30 personas,25.66452793,-100.27625159,1973.0,1-2 km
6368380,VEGXPRESS,Comercio al por mayor de frutas y verduras frescas,otro,51 a 100 personas,25.66766639,-100.2937998,1859.0,1-2 km
3034372,VENTA METALES,Comercio al por mayor de desechos metálicos,otro,0 a 5 personas,25.65980856,-100.30245407,1600.0,1-2 km
6371709,YANITOR PROVEEDORA DEL ASEO,Comercio al por mayor de abarrotes,otro,6 a 10 personas,25.66417425,-100.27644297,1931.0,1-2 km
9279071,ZAE ZAPATERIA,Comercio al por mayor de calzado,otro,0 a 5 personas,25.64347844,-100.27568475,1641.0,1-2 km
2995199,ZAPATERIA SHANTAL,Comercio al por mayor de calzado,otro,0 a 5 personas,25.63619594,-100.28257993,1827.0,1-2 km
12299207,ZENSO TECHNOLOGY,Comercio al por mayor de equipo y material eléctrico,otro,0 a 5 personas,25.6665756,-100.28214482,1841.0,1-2 km
12295491,,Comercio al por menor de pintura,otro,0 a 5 personas,25.66704445,-100.28999524,1740.0,1-2 km
6371468,0560 SUBURBIA LA SILLA,Comercio al por menor en tiendas departamentales,otro,51 a 100 personas,25.63631461,-100.2826574,1812.0,1-2 km
8601982,3025 COMM NUEVO SUR MONTERREY,Comercio al por menor de teléfonos y otros aparatos de comunicación,otro,6 a 10 personas,25.65249892,-100.27653107,1306.0,1-2 km
6366862,6303 WALDOS CHAPULTEPEC,Comercio al por menor en minisupers,minisuper_conveniencia,11 a 30 personas,25.66698043,-100.2818331,1895.0,1-2 km
6234993,7 ELEVEN SUC 0001 TECNOLOGICO,Comercio al por menor en minisupers,minisuper_conveniencia,11 a 30 personas,25.65040448,-100.29201578,275.0,0-500 m
6235018,7 ELEVEN SUC 0017 PALESTINA,Comercio al por menor en minisupers,minisuper_conveniencia,11 a 30 personas,25.65102018,-100.29887893,941.0,500 m-1 km
6235093,7 ELEVEN SUC 0027 FLORIDA,Comercio al por menor en minisupers,minisuper_conveniencia,11 a 30 personas,25.65993622,-100.29650787,1181.0,1-2 km
6235032,7 ELEVEN SUC 0047 AZUETA,Comercio al por menor en minisupers,minisuper_conveniencia,11 a 30 personas,25.66008672,-100.2872563,992.0,500 m-1 km
6235060,7 ELEVEN SUC 0059 LEON GUZMAN,Comercio al por menor en minisupers,minisuper_conveniencia,11 a 30 personas,25.66126489,-100.29903451,1455.0,1-2 km
6235802,7 ELEVEN SUC 0194 ESTRELLA,Comercio al por menor en minisupers,minisuper_conveniencia,11 a 30 personas,25.64085572,-100.28148903,1421.0,1-2 km
6235804,7 ELEVEN SUC 0196 BACHILLERES,Comercio al por menor en minisupers,minisuper_conveniencia,11 a 30 personas,25.6484717,-100.29300531,479.0,0-500 m
6235816,7 ELEVEN SUC 0219 CARACAS,Comercio al por menor en minisupers,minisuper_conveniencia,11 a 30 personas,25.64920122,-100.28822813,276.0,0-500 m
6234701,7 ELEVEN SUC 0285 RIO SALADO,Comercio al por menor en minisupers,minisuper_conveniencia,11 a 30 personas,25.64824122,-100.29616225,755.0,500 m-1 km
12322262,7 ELEVEN SUC 02991 LEON GUZMAN II,Comercio al por menor en minisupers,minisuper_conveniencia,11 a 30 personas,25.66205614,-100.29855744,1493.0,1-2 km
6236157,7 ELEVEN SUC 0311 REVOLUCION,Comercio al por menor en minisupers,minisuper_conveniencia,11 a 30 personas,25.66284949,-100.28355314,1406.0,1-2 km
6236204,7 ELEVEN SUC 0369 BARRIO ANTIGUO,Comercio al por menor en minisupers,minisuper_conveniencia,11 a 30 personas,25.66643925,-100.30355855,2187.0,> 2 km
6236156,7 ELEVEN SUC 0450 MORONES PRIETO,Comercio al por menor en minisupers,minisuper_conveniencia,11 a 30 personas,25.66989238,-100.28982841,2057.0,> 2 km
6236040,7 ELEVEN SUC 0543 PLAZA ALTAVISTA,Comercio al por menor en minisupers,minisuper_conveniencia,11 a 30 personas,25.64773412,-100.28477388,625.0,500 m-1 km
6236037,7 ELEVEN SUC 0546 GENARO GARZA,Comercio al por menor en minisupers,minisuper_conveniencia,11 a 30 personas,25.66348665,-100.29743669,1562.0,1-2 km
6236032,7 ELEVEN SUC 0548 PARICUTIN,Comercio al por menor en minisupers,minisuper_conveniencia,11 a 30 personas,25.65666086,-100.29936474,1149.0,1-2 km
6235909,7 ELEVEN SUC 0848 HILARIO MTZ,Comercio al por menor en minisupers,minisuper_conveniencia,11 a 30 personas,25.65566154,-100.30537238,1660.0,1-2 km
6236033,7 ELEVEN SUC 1082 AGRONOMOS,Comercio al por menor en minisupers,minisuper_conveniencia,11 a 30 personas,25.64627834,-100.29232803,636.0,500 m-1 km
6236023,7 ELEVEN SUC 1096 PAMPAS,Comercio al por menor en minisupers,minisuper_conveniencia,11 a 30 personas,25.66010163,-100.27532005,1719.0,1-2 km
6234778,7 ELEVEN SUC 1631 LAS MUSAS,Comercio al por menor en minisupers,minisuper_conveniencia,11 a 30 personas,25.64338466,-100.27720228,1521.0,1-2 km
6236523,7 ELEVEN SUC 1711 LAGUNA DEL CARMEN,Comercio al por menor en minisupers,minisuper_conveniencia,11 a 30 personas,25.65085068,-100.306307,1686.0,1-2 km
6235251,7 ELEVEN SUC 1780 JUNCO DE LA VEGA,Comercio al por menor en minisupers,minisuper_conveniencia,11 a 30 personas,25.65629139,-100.29338397,669.0,500 m-1 km
2994471,7 ELEVEN SUC 1892 CANNES Y RICARDO COVARRUBIAS,Comercio al por menor en minisupers,minisuper_conveniencia,11 a 30 personas,25.65266557,-100.27824613,1137.0,1-2 km
6717236,7 ELEVEN SUC 2119 HELECHOS Y ALAMOS,Comercio al por menor en minisupers,minisuper_conveniencia,11 a 30 personas,25.65668563,-100.28985888,589.0,500 m-1 km
6791256,7 ELEVEN SUC 2297 PLAZA SEBASTIÁN,Comercio al por menor en minisupers,minisuper_conveniencia,11 a 30 personas,25.64860241,-100.2908717,340.0,0-500 m
9411111,7 ELEVEN SUC 2310 RICARDO COVARRUBIAS Y NIZA,Comercio al por menor en minisupers,minisuper_conveniencia,11 a 30 personas,25.65262813,-100.28269459,696.0,500 m-1 km
2994519,ABANICOS DE TECHO IMPORTADOS,Comercio al por menor de lámparas ornamentales y candiles,otro,0 a 5 personas,25.648818,-100.27495882,1486.0,1-2 km
3042215,ABARROTES,"Comercio al por menor en tiendas de abarrotes, ultramarinos y misceláneas",abarrotes,0 a 5 personas,25.63401365,-100.2941851,1990.0,1-2 km
3034806,ABARROTES,"Comercio al por menor en tiendas de abarrotes, ultramarinos y misceláneas",abarrotes,0 a 5 personas,25.65527786,-100.31042491,2141.0,> 2 km
3034808,ABARROTES,"Comercio al por menor en tiendas de abarrotes, ultramarinos y misceláneas",abarrotes,0 a 5 personas,25.65454657,-100.31065507,2149.0,> 2 km
3045112,ABARROTES,"Comercio al por menor en tiendas de abarrotes, ultramarinos y misceláneas",abarrotes,0 a 5 personas,25.63307803,-100.28807089,2042.0,> 2 km
9708011,ABARROTES,"Comercio al por menor en tiendas de abarrotes, ultramarinos y misceláneas",abarrotes,0 a 5 personas,25.65634141,-100.30202485,1370.0,1-2 km
3045140,ABARROTES,"Comercio al por menor en tiendas de abarrotes, ultramarinos y misceláneas",abarrotes,0 a 5 personas,25.63227487,-100.28747301,2136.0,> 2 km
11214252,ABARROTES,"Comercio al por menor en tiendas de abarrotes, ultramarinos y misceláneas",abarrotes,0 a 5 personas,25.63398377,-100.2905916,1940.0,1-2 km
2995678,ABARROTES 3ESCOBAS,"Comercio al por menor en tiendas de abarrotes, ultramarinos y misceláneas",abarrotes,0 a 5 personas,25.635148,-100.2884358,1810.0,1-2 km
8760189,ABARROTES ABY,"Comercio al por menor en tiendas de abarrotes, ultramarinos y misceláneas",abarrotes,0 a 5 personas,25.63979391,-100.30676362,2159.0,> 2 km
2995361,ABARROTES ADRIAN,"Comercio al por menor en tiendas de abarrotes, ultramarinos y misceláneas",abarrotes,0 a 5 personas,25.63889459,-100.29892622,1681.0,1-2 km
2994578,ABARROTES AGUILAR,"Comercio al por menor en tiendas de abarrotes, ultramarinos y misceláneas",abarrotes,0 a 5 personas,25.6456947,-100.30911951,2066.0,> 2 km
3045095,ABARROTES BARRAGAN,"Comercio al por menor en tiendas de abarrotes, ultramarinos y misceláneas",abarrotes,0 a 5 personas,25.63482186,-100.28826819,1848.0,1-2 km
9496652,ABARROTES BK,"Comercio al por menor en tiendas de abarrotes, ultramarinos y misceláneas",abarrotes,0 a 5 personas,25.66814412,-100.2788648,2145.0,> 2 km
2995218,ABARROTES BOCANEGRA,"Comercio al por menor en tiendas de abarrotes, ultramarinos y misceláneas",abarrotes,0 a 5 personas,25.64224273,-100.29932174,1416.0,1-2 km
10070309,ABARROTES BRISA,"Comercio al por menor en tiendas de abarrotes, ultramarinos y misceláneas",abarrotes,0 a 5 personas,25.63202528,-100.29177316,2166.0,> 2 km
9772427,ABARROTES CAMI,"Comercio al por menor en tiendas de abarrotes, ultramarinos y misceláneas",abarrotes,0 a 5 personas,25.65482551,-100.27187396,1807.0,1-2 km
9812135,ABARROTES CASTILLO,"Comercio al por menor en tiendas de abarrotes, ultramarinos y misceláneas",abarrotes,0 a 5 personas,25.64488434,-100.30753841,1948.0,1-2 km
9862523,ABARROTES CASTILLO,"Comercio al por menor en tiendas de abarrotes, ultramarinos y misceláneas",abarrotes,0 a 5 personas,25.6334923,-100.29069096,1995.0,1-2 km
10258942,ABARROTES CASTRO,"Comercio al por menor en tiendas de abarrotes, ultramarinos y misceláneas",abarrotes,0 a 5 personas,25.64073987,-100.29998549,1584.0,1-2 km
3042213,ABARROTES CASTRO,"Comercio al por menor en tiendas de abarrotes, ultramarinos y misceláneas",abarrotes,0 a 5 personas,25.6330751,-100.29263087,2062.0,> 2 km
10437702,ABARROTES CESAR,"Comercio al por menor en tiendas de abarrotes, ultramarinos y misceláneas",abarrotes,0 a 5 personas,25.63759847,-100.29781172,1746.0,1-2 km
11001698,ABARROTES CHARLES,"Comercio al por menor en tiendas de abarrotes, ultramarinos y misceláneas",abarrotes,0 a 5 personas,25.64078444,-100.30012585,1590.0,1-2 km
2991040,ABARROTES CHENO,"Comercio al por menor en tiendas de abarrotes, ultramarinos y misceláneas",abarrotes,0 a 5 personas,25.65349212,-100.31098798,2166.0,> 2 km
11471741,ABARROTES CHITO,"Comercio al por menor en tiendas de abarrotes, ultramarinos y misceláneas",abarrotes,0 a 5 personas,25.65025334,-100.31141481,2200.0,> 2 km
8778710,ABARROTES CHUY,"Comercio al por menor en tiendas de abarrotes, ultramarinos y misceláneas",abarrotes,0 a 5 personas,25.63397111,-100.29294693,1969.0,1-2 km
3034613,ABARROTES CRUZ,"Comercio al por menor en tiendas de abarrotes, ultramarinos y misceláneas",abarrotes,0 a 5 personas,25.65306584,-100.30997293,2060.0,> 2 km
2995198,ABARROTES DANIEL,"Comercio al por menor en tiendas de abarrotes, ultramarinos y misceláneas",abarrotes,0 a 5 personas,25.6402755,-100.29755446,1477.0,1-2 km
3034645,ABARROTES DANIELA,"Comercio al por menor en tiendas de abarrotes, ultramarinos y misceláneas",abarrotes,0 a 5 personas,25.65065092,-100.31098574,2155.0,> 2 km
3045120,ABARROTES DE LEON,"Comercio al por menor en tiendas de abarrotes, ultramarinos y misceláneas",abarrotes,0 a 5 personas,25.63308273,-100.289588,2037.0,> 2 km
3042222,ABARROTES DON BETO,"Comercio al por menor en tiendas de abarrotes, ultramarinos y misceláneas",abarrotes,0 a 5 personas,25.63355609,-100.29643325,2102.0,> 2 km
3034643,ABARROTES DON FELIPE,"Comercio al por menor en tiendas de abarrotes, ultramarinos y misceláneas",abarrotes,0 a 5 personas,25.65125331,-100.31079671,2135.0,> 2 km
10431362,ABARROTES DON GIL,"Comercio al por menor en tiendas de abarrotes, ultramarinos y misceláneas",abarrotes,0 a 5 personas,25.6488639,-100.31049537,2123.0,> 2 km
3034636,ABARROTES DON GOYO,"Comercio al por menor en tiendas de abarrotes, ultramarinos y misceláneas",abarrotes,0 a 5 personas,25.65182609,-100.31081953,2138.0,> 2 km
3034807,ABARROTES DON LUIS,"Comercio al por menor en tiendas de abarrotes, ultramarinos y misceláneas",abarrotes,0 a 5 personas,25.65495917,-100.31077913,2169.0,> 2 km
11234806,ABARROTES DON POLO,"Comercio al por menor en tiendas de abarrotes, ultramarinos y misceláneas",abarrotes,0 a 5 personas,25.63965315,-100.30430781,1977.0,1-2 km
2995382,ABARROTES DON POLO,"Comercio al por menor en tiendas de abarrotes, ultramarinos y misceláneas",abarrotes,0 a 5 personas,25.64074134,-100.30408146,1882.0,1-2 km
3040029,ABARROTES DON TACHO,"Comercio al por menor en tiendas de abarrotes, ultramarinos y misceláneas",abarrotes,0 a 5 personas,25.63496243,-100.30066799,2143.0,> 2 km
10407558,ABARROTES DON TINO,"Comercio al por menor en tiendas de abarrotes, ultramarinos y misceláneas",abarrotes,0 a 5 personas,25.65644967,-100.27624306,1443.0,1-2 km
3042910,ABARROTES DON VALE,"Comercio al por menor en tiendas de abarrotes, ultramarinos y misceláneas",abarrotes,0 a 5 personas,25.65698209,-100.2700221,2049.0,> 2 km
2995727,ABARROTES DON VICENTE,"Comercio al por menor en tiendas de abarrotes, ultramarinos y misceláneas",abarrotes,0 a 5 personas,25.63285598,-100.28697129,2078.0,> 2 km
2995360,ABARROTES DOÑA ALEJA,"Comercio al por menor en tiendas de abarrotes, ultramarinos y misceláneas",abarrotes,0 a 5 personas,25.63874633,-100.29879021,1687.0,1-2 km
3039753,ABARROTES DOÑA CANDE,"Comercio al por menor en tiendas de abarrotes, ultramarinos y misceláneas",abarrotes,0 a 5 personas,25.64644353,-100.30883801,2015.0,> 2 km
11190836,ABARROTES EL AMIGO,"Comercio al por menor en tiendas de abarrotes, ultramarinos y misceláneas",abarrotes,0 a 5 personas,25.64059434,-100.30533486,1991.0,1-2 km
11780756,ABARROTES EL CAPRICHO,"Comercio al por menor en tiendas de abarrotes, ultramarinos y misceláneas",abarrotes,0 a 5 personas,25.65819699,-100.2727302,1843.0,1-2 km
3038880,ABARROTES EL MEXICANO,"Comercio al por menor en tiendas de abarrotes, ultramarinos y misceláneas",abarrotes,0 a 5 personas,25.66481687,-100.29568321,1615.0,1-2 km
2995197,ABARROTES EN PEQUEÑO,"Comercio al por menor en tiendas de abarrotes, ultramarinos y misceláneas",abarrotes,0 a 5 personas,25.64047371,-100.29858953,1519.0,1-2 km
3039334,ABARROTES ESPARZA,"Comercio al por menor en tiendas de abarrotes, ultramarinos y misceláneas",abarrotes,0 a 5 personas,25.66541302,-100.27715818,1990.0,1-2 km
8297473,ABARROTES ESTANQUILLO DOÑA JULIA,"Comercio al por menor en tiendas de abarrotes, ultramarinos y misceláneas",abarrotes,0 a 5 personas,25.63524862,-100.28915302,1796.0,1-2 km
3038599,ABARROTES ESTRADA,"Comercio al por menor en tiendas de abarrotes, ultramarinos y misceláneas",abarrotes,0 a 5 personas,25.66727478,-100.29313597,1802.0,1-2 km
11235281,ABARROTES ESTRELLA,"Comercio al por menor en tiendas de abarrotes, ultramarinos y misceláneas",abarrotes,0 a 5 personas,25.6355842,-100.28938574,1759.0,1-2 km
11637192,ABARROTES FELIX,"Comercio al por menor en tiendas de abarrotes, ultramarinos y misceláneas",abarrotes,0 a 5 personas,25.64977552,-100.30981913,2045.0,> 2 km
3040045,ABARROTES FLORES,"Comercio al por menor en tiendas de abarrotes, ultramarinos y misceláneas",abarrotes,0 a 5 personas,25.63617992,-100.30178423,2093.0,> 2 km
3045139,ABARROTES FRANCO,"Comercio al por menor en tiendas de abarrotes, ultramarinos y misceláneas",abarrotes,0 a 5 personas,25.63198815,-100.28752913,2168.0,> 2 km
3040148,ABARROTES FRESNOS,"Comercio al por menor en tiendas de abarrotes, ultramarinos y misceláneas",abarrotes,0 a 5 personas,25.6539,-100.28269097,737.0,500 m-1 km
9969452,ABARROTES GABY,"Comercio al por menor en tiendas de abarrotes, ultramarinos y misceláneas",abarrotes,0 a 5 personas,25.65583139,-100.30992699,2106.0,> 2 km
3034047,ABARROTES GALINDO,"Comercio al por menor en tiendas de abarrotes, ultramarinos y misceláneas",abarrotes,0 a 5 personas,25.65946579,-100.30944885,2191.0,> 2 km
8279692,ABARROTES GARCIA,"Comercio al por menor en tiendas de abarrotes, ultramarinos y misceláneas",abarrotes,0 a 5 personas,25.65590334,-100.27578118,1463.0,1-2 km
3034634,ABARROTES GARZA,"Comercio al por menor en tiendas de abarrotes, ultramarinos y misceláneas",abarrotes,0 a 5 personas,25.65073177,-100.30798133,1854.0,1-2 km
9849013,ABARROTES GLORIA,"Comercio al por menor en tiendas de abarrotes, ultramarinos y misceláneas",abarrotes,0 a 5 personas,25.64299244,-100.30692967,1982.0,1-2 km
3038897,ABARROTES GONZALEZ,"Comercio al por menor en tiendas de abarrotes, ultramarinos y misceláneas",abarrotes,0 a 5 personas,25.6620781,-100.29403145,1271.0,1-2 km
7805668,ABARROTES GONZALEZ,"Comercio al por menor en tiendas de abarrotes, ultramarinos y misceláneas",abarrotes,0 a 5 personas,25.65783484,-100.27402269,1708.0,1-2 km
10585116,ABARROTES GUERA,"Comercio al por menor en tiendas de abarrotes, ultramarinos y misceláneas",abarrotes,0 a 5 personas,25.64650552,-100.30878577,2008.0,> 2 km
3034219,ABARROTES GUERRA,"Comercio al por menor en tiendas de abarrotes, ultramarinos y misceláneas",abarrotes,0 a 5 personas,25.66488824,-100.2994102,1799.0,1-2 km
3038960,ABARROTES GUERRERO,"Comercio al por menor en tiendas de abarrotes, ultramarinos y misceláneas",abarrotes,0 a 5 personas,25.66186658,-100.28628595,1208.0,1-2 km
3034662,ABARROTES GUERRERO,"Comercio al por menor en tiendas de abarrotes, ultramarinos y misceláneas",abarrotes,0 a 5 personas,25.65416981,-100.30268207,1357.0,1-2 km
9871181,ABARROTES JIREH,"Comercio al por menor en tiendas de abarrotes, ultramarinos y misceláneas",abarrotes,0 a 5 personas,25.63502257,-100.28844473,1824.0,1-2 km
10441133,ABARROTES JUAREZ,"Comercio al por menor en tiendas de abarrotes, ultramarinos y misceláneas",abarrotes,0 a 5 personas,25.63408326,-100.28989487,1926.0,1-2 km
11618572,ABARROTES LA ABUELA,"Comercio al por menor en tiendas de abarrotes, ultramarinos y misceláneas",abarrotes,0 a 5 personas,25.6339653,-100.28960996,1939.0,1-2 km
9443829,ABARROTES LA CAMPANA,"Comercio al por menor en tiendas de abarrotes, ultramarinos y misceláneas",abarrotes,0 a 5 personas,25.63797905,-100.30438568,2110.0,> 2 km
3040217,ABARROTES LA CENTRAL,"Comercio al por menor en tiendas de abarrotes, ultramarinos y misceláneas",abarrotes,0 a 5 personas,25.65191009,-100.28399637,555.0,500 m-1 km
2994377,ABARROTES LA CONCHA,"Comercio al por menor en tiendas de abarrotes, ultramarinos y misceláneas",abarrotes,0 a 5 personas,25.65334541,-100.30571607,1640.0,1-2 km
10324309,ABARROTES LA ESPERANZA,"Comercio al por menor en tiendas de abarrotes, ultramarinos y misceláneas",abarrotes,0 a 5 personas,25.6570116,-100.27134716,1924.0,1-2 km
11639624,ABARROTES LA ESQUINA,"Comercio al por menor en tiendas de abarrotes, ultramarinos y misceláneas",abarrotes,0 a 5 personas,25.65472818,-100.26962504,2026.0,> 2 km
3034612,ABARROTES LA ESQUINA,"Comercio al por menor en tiendas de abarrotes, ultramarinos y misceláneas",abarrotes,0 a 5 personas,25.65324106,-100.31053164,2118.0,> 2 km
8297022,ABARROTES LA JAROCHA,"Comercio al por menor en tiendas de abarrotes, ultramarinos y misceláneas",abarrotes,0 a 5 personas,25.63171239,-100.29002889,2190.0,> 2 km
3034663,ABARROTES LA MUÑECA,"Comercio al por menor en tiendas de abarrotes, ultramarinos y misceláneas",abarrotes,0 a 5 personas,25.65393998,-100.3035365,1435.0,1-2 km
10913325,ABARROTES LA PRIVADA,"Comercio al por menor en tiendas de abarrotes, ultramarinos y misceláneas",abarrotes,0 a 5 personas,25.66567927,-100.29968077,1887.0,1-2 km
3034835,ABARROTES LAS COLMENAS,"Comercio al por menor en tiendas de abarrotes, ultramarinos y misceláneas",abarrotes,0 a 5 personas,25.65386302,-100.31109395,2182.0,> 2 km
9571965,ABARROTES LEONOR,"Comercio al por menor en tiendas de abarrotes, ultramarinos y misceláneas",abarrotes,0 a 5 personas,25.64354673,-100.30797157,2047.0,> 2 km
3042953,ABARROTES LETY,"Comercio al por menor en tiendas de abarrotes, ultramarinos y misceláneas",abarrotes,0 a 5 personas,25.65459075,-100.27115618,1873.0,1-2 km
9687723,ABARROTES LILY,"Comercio al por menor en tiendas de abarrotes, ultramarinos y misceláneas",abarrotes,0 a 5 personas,25.63315503,-100.28712504,2043.0,> 2 km
3045123,ABARROTES LILY,"Comercio al por menor en tiendas de abarrotes, ultramarinos y misceláneas",abarrotes,0 a 5 personas,25.63308135,-100.28725613,2049.0,> 2 km
11688472,ABARROTES LIZ,"Comercio al por menor en tiendas de abarrotes, ultramarinos y misceláneas",abarrotes,0 a 5 personas,25.64933683,-100.31082289,2150.0,> 2 km
9733666,ABARROTES LOZANO,"Comercio al por menor en tiendas de abarrotes, ultramarinos y misceláneas",abarrotes,0 a 5 personas,25.6331712,-100.28748892,2037.0,> 2 km
3034690,ABARROTES LUMBRERAS,"Comercio al por menor en tiendas de abarrotes, ultramarinos y misceláneas",abarrotes,0 a 5 personas,25.65211006,-100.30398119,1454.0,1-2 km
3045047,ABARROTES LUNA,"Comercio al por menor en tiendas de abarrotes, ultramarinos y misceláneas",abarrotes,0 a 5 personas,25.63607024,-100.28997839,1705.0,1-2 km
8939391,ABARROTES LUPE,"Comercio al por menor en tiendas de abarrotes, ultramarinos y misceláneas",abarrotes,0 a 5 personas,25.65604207,-100.27590394,1457.0,1-2 km
9986309,ABARROTES LUPITA,"Comercio al por menor en tiendas de abarrotes, ultramarinos y misceláneas",abarrotes,0 a 5 personas,25.6615943,-100.27859711,1575.0,1-2 km
2994122,ABARROTES LUPITA,"Comercio al por menor en tiendas de abarrotes, ultramarinos y misceláneas",abarrotes,0 a 5 personas,25.66083549,-100.27975798,1433.0,1-2 km
3039690,ABARROTES MARCO,"Comercio al por menor en tiendas de abarrotes, ultramarinos y misceláneas",abarrotes,0 a 5 personas,25.64828853,-100.30804235,1891.0,1-2 km
10749163,ABARROTES MARGARITA,"Comercio al por menor en tiendas de abarrotes, ultramarinos y misceláneas",abarrotes,0 a 5 personas,25.6542175,-100.27185775,1796.0,1-2 km
10130231,ABARROTES MARIA IMELDA,"Comercio al por menor en tiendas de abarrotes, ultramarinos y misceláneas",abarrotes,0 a 5 personas,25.64563635,-100.30795661,1958.0,1-2 km
11317365,ABARROTES MARLEN,"Comercio al por menor en tiendas de abarrotes, ultramarinos y misceláneas",abarrotes,0 a 5 personas,25.63993193,-100.30079386,1705.0,1-2 km
10407315,ABARROTES MARROQUIN,"Comercio al por menor en tiendas de abarrotes, ultramarinos y misceláneas",abarrotes,0 a 5 personas,25.65552732,-100.29093142,481.0,0-500 m
2995329,ABARROTES MARTHA,"Comercio al por menor en tiendas de abarrotes, ultramarinos y misceláneas",abarrotes,0 a 5 personas,25.64093552,-100.29964311,1545.0,1-2 km
10662622,ABARROTES MARTINEZ,"Comercio al por menor en tiendas de abarrotes, ultramarinos y misceláneas",abarrotes,0 a 5 personas,25.63229038,-100.29259111,2147.0,> 2 km
3042212,ABARROTES MARY,"Comercio al por menor en tiendas de abarrotes, ultramarinos y misceláneas",abarrotes,0 a 5 personas,25.63511034,-100.29642137,1940.0,1-2 km
11036074,ABARROTES MARY,"Comercio al por menor en tiendas de abarrotes, ultramarinos y misceláneas",abarrotes,0 a 5 personas,25.65471564,-100.27013364,1976.0,1-2 km
2994673,ABARROTES MATIUS,"Comercio al por menor en tiendas de abarrotes, ultramarinos y misceláneas",abarrotes,0 a 5 personas,25.64926884,-100.31099032,2167.0,> 2 km
8411115,ABARROTES MENO,"Comercio al por menor en tiendas de abarrotes, ultramarinos y misceláneas",abarrotes,0 a 5 personas,25.633012,-100.29346185,2083.0,> 2 km
11156344,ABARROTES MILY,"Comercio al por menor en tiendas de abarrotes, ultramarinos y misceláneas",abarrotes,0 a 5 personas,25.65628028,-100.27054441,1976.0,1-2 km
2995365,ABARROTES MONTALVO,"Comercio al por menor en tiendas de abarrotes, ultramarinos y misceláneas",abarrotes,0 a 5 personas,25.64297642,-100.30154124,1528.0,1-2 km
10310223,ABARROTES MONTELONGO,"Comercio al por menor en tiendas de abarrotes, ultramarinos y misceláneas",abarrotes,0 a 5 personas,25.64205548,-100.29963994,1454.0,1-2 km
9507045,ABARROTES MONTELONGO,"Comercio al por menor en tiendas de abarrotes, ultramarinos y misceláneas",abarrotes,0 a 5 personas,25.64171879,-100.29963231,1480.0,1-2 km
10590725,ABARROTES MORALES,"Comercio al por menor en tiendas de abarrotes, ultramarinos y misceláneas",abarrotes,0 a 5 personas,25.64616551,-100.30742857,1889.0,1-2 km
3045090,ABARROTES MORUA,"Comercio al por menor en tiendas de abarrotes, ultramarinos y misceláneas",abarrotes,0 a 5 personas,25.63479857,-100.28962731,1846.0,1-2 km
2993805,ABARROTES MOY,"Comercio al por menor en tiendas de abarrotes, ultramarinos y misceláneas",abarrotes,0 a 5 personas,25.66918971,-100.28826875,1982.0,1-2 km
11578388,ABARROTES MUNDO,"Comercio al por menor en tiendas de abarrotes, ultramarinos y misceláneas",abarrotes,0 a 5 personas,25.63761895,-100.30295994,2042.0,> 2 km
3042211,ABARROTES NIÑO,"Comercio al por menor en tiendas de abarrotes, ultramarinos y misceláneas",abarrotes,0 a 5 personas,25.63550404,-100.29613212,1888.0,1-2 km
9488464,ABARROTES ORTIZ,"Comercio al por menor en tiendas de abarrotes, ultramarinos y misceláneas",abarrotes,0 a 5 personas,25.64704206,-100.30834152,1950.0,1-2 km
11469637,ABARROTES PASTRANA,"Comercio al por menor en tiendas de abarrotes, ultramarinos y misceláneas",abarrotes,0 a 5 personas,25.65613165,-100.27105363,1922.0,1-2 km
9459347,ABARROTES PIÑA,"Comercio al por menor en tiendas de abarrotes, ultramarinos y misceláneas",abarrotes,0 a 5 personas,25.63577867,-100.30251904,2173.0,> 2 km
3034598,ABARROTES PIO,"Comercio al por menor en tiendas de abarrotes, ultramarinos y misceláneas",abarrotes,0 a 5 personas,25.65545737,-100.30767937,1877.0,1-2 km
3038983,ABARROTES PISCIS,"Comercio al por menor en tiendas de abarrotes, ultramarinos y misceláneas",abarrotes,0 a 5 personas,25.6637947,-100.28311194,1520.0,1-2 km
2994670,ABARROTES POPIS,"Comercio al por menor en tiendas de abarrotes, ultramarinos y misceláneas",abarrotes,0 a 5 personas,25.64867686,-100.30989472,2067.0,> 2 km
3038447,ABARROTES PROGRESO,"Comercio al por menor en tiendas de abarrotes, ultramarinos y misceláneas",abarrotes,0 a 5 personas,25.66942436,-100.28056267,2195.0,> 2 km
8297192,ABARROTES PUMBA,"Comercio al por menor en tiendas de abarrotes, ultramarinos y misceláneas",abarrotes,0 a 5 personas,25.65338027,-100.31050592,2117.0,> 2 km
3038536,ABARROTES RAFA,"Comercio al por menor en tiendas de abarrotes, ultramarinos y misceláneas",abarrotes,0 a 5 personas,25.66588132,-100.29499469,1702.0,1-2 km
10485651,ABARROTES RAMONA,"Comercio al por menor en tiendas de abarrotes, ultramarinos y misceláneas",abarrotes,0 a 5 personas,25.64793358,-100.3096581,2057.0,> 2 km
2993996,ABARROTES RAMOS,"Comercio al por menor en tiendas de abarrotes, ultramarinos y misceláneas",abarrotes,0 a 5 personas,25.66161005,-100.29271898,1180.0,1-2 km
3034354,ABARROTES RANGEL,"Comercio al por menor en tiendas de abarrotes, ultramarinos y misceláneas",abarrotes,0 a 5 personas,25.65941348,-100.29945642,1338.0,1-2 km
3045118,ABARROTES REBELDE,"Comercio al por menor en tiendas de abarrotes, ultramarinos y misceláneas",abarrotes,0 a 5 personas,25.63399818,-100.28995673,1936.0,1-2 km
3038532,ABARROTES REYES,"Comercio al por menor en tiendas de abarrotes, ultramarinos y misceláneas",abarrotes,0 a 5 personas,25.66664529,-100.29610562,1820.0,1-2 km
11491417,ABARROTES REYES,"Comercio al por menor en tiendas de abarrotes, ultramarinos y misceláneas",abarrotes,0 a 5 personas,25.6361585,-100.30082483,2040.0,> 2 km
3034322,ABARROTES RODRIGUEZ,"Comercio al por menor en tiendas de abarrotes, ultramarinos y misceláneas",abarrotes,0 a 5 personas,25.66099008,-100.3027134,1700.0,1-2 km
8441446,ABARROTES RODRIGUEZ,"Comercio al por menor en tiendas de abarrotes, ultramarinos y misceláneas",abarrotes,0 a 5 personas,25.66353828,-100.28604746,1393.0,1-2 km
3042169,ABARROTES ROSY,"Comercio al por menor en tiendas de abarrotes, ultramarinos y misceláneas",abarrotes,0 a 5 personas,25.6334357,-100.29839031,2187.0,> 2 km
8297799,ABARROTES RUBI,"Comercio al por menor en tiendas de abarrotes, ultramarinos y misceláneas",abarrotes,0 a 5 personas,25.63240614,-100.28789119,2118.0,> 2 km
3038457,ABARROTES RUIZ,"Comercio al por menor en tiendas de abarrotes, ultramarinos y misceláneas",abarrotes,0 a 5 personas,25.6669214,-100.27901396,2021.0,> 2 km
8523945,ABARROTES RUIZ,"Comercio al por menor en tiendas de abarrotes, ultramarinos y misceláneas",abarrotes,0 a 5 personas,25.64576689,-100.30751085,1911.0,1-2 km
8441450,ABARROTES SABACHE,"Comercio al por menor en tiendas de abarrotes, ultramarinos y misceláneas",abarrotes,0 a 5 personas,25.66872833,-100.28838443,1930.0,1-2 km
3045119,ABARROTES SALAZAR,"Comercio al por menor en tiendas de abarrotes, ultramarinos y misceláneas",abarrotes,0 a 5 personas,25.63350516,-100.28943014,1990.0,1-2 km
3040015,ABARROTES SAN JUAN,"Comercio al por menor en tiendas de abarrotes, ultramarinos y misceláneas",abarrotes,0 a 5 personas,25.64002691,-100.30597954,2080.0,> 2 km
11624876,ABARROTES SAN JUDAS,"Comercio al por menor en tiendas de abarrotes, ultramarinos y misceláneas",abarrotes,0 a 5 personas,25.63279246,-100.28788172,2075.0,> 2 km
10393969,ABARROTES SANCHEZ,"Comercio al por menor en tiendas de abarrotes, ultramarinos y misceláneas",abarrotes,0 a 5 personas,25.64122932,-100.3059403,1999.0,1-2 km
3034400,ABARROTES SANDOVAL,"Comercio al por menor en tiendas de abarrotes, ultramarinos y misceláneas",abarrotes,0 a 5 personas,25.65970226,-100.30485285,1795.0,1-2 km
9532036,ABARROTES SANDY,"Comercio al por menor en tiendas de abarrotes, ultramarinos y misceláneas",abarrotes,0 a 5 personas,25.64706474,-100.3087961,1993.0,1-2 km
10232453,ABARROTES SELENE,"Comercio al por menor en tiendas de abarrotes, ultramarinos y misceláneas",abarrotes,0 a 5 personas,25.64184393,-100.30664245,2020.0,> 2 km
3038874,ABARROTES SILVA,"Comercio al por menor en tiendas de abarrotes, ultramarinos y misceláneas",abarrotes,0 a 5 personas,25.66440522,-100.29366618,1505.0,1-2 km
11342203,ABARROTES SIN NOMBRE,"Comercio al por menor en tiendas de abarrotes, ultramarinos y misceláneas",abarrotes,0 a 5 personas,25.64299805,-100.30815147,2090.0,> 2 km
2994579,ABARROTES SIN NOMBRE,"Comercio al por menor en tiendas de abarrotes, ultramarinos y misceláneas",abarrotes,0 a 5 personas,25.64661458,-100.31057243,2178.0,> 2 km
3038442,ABARROTES SIN NOMBRE,"Comercio al por menor en tiendas de abarrotes, ultramarinos y misceláneas",abarrotes,0 a 5 personas,25.66723432,-100.28011836,1996.0,1-2 km
10285042,ABARROTES SIN NOMBRE,"Comercio al por menor en tiendas de abarrotes, ultramarinos y misceláneas",abarrotes,0 a 5 personas,25.64131973,-100.30619557,2014.0,> 2 km
3034647,ABARROTES SINALOA,"Comercio al por menor en tiendas de abarrotes, ultramarinos y misceláneas",abarrotes,0 a 5 personas,25.65487851,-100.30449391,1552.0,1-2 km
8297181,ABARROTES SINALOA,"Comercio al por menor en tiendas de abarrotes, ultramarinos y misceláneas",abarrotes,0 a 5 personas,25.65469576,-100.30357208,1457.0,1-2 km
3038852,ABARROTES SOSA,"Comercio al por menor en tiendas de abarrotes, ultramarinos y misceláneas",abarrotes,0 a 5 personas,25.66497299,-100.2858027,1554.0,1-2 km
3034688,ABARROTES SPORT,"Comercio al por menor en tiendas de abarrotes, ultramarinos y misceláneas",abarrotes,0 a 5 personas,25.65262385,-100.30489164,1549.0,1-2 km
3045101,ABARROTES SUPER BRIX,"Comercio al por menor en tiendas de abarrotes, ultramarinos y misceláneas",abarrotes,0 a 5 personas,25.63452567,-100.28768997,1885.0,1-2 km
3039362,ABARROTES SUPER CARNES EL HUAJUCO,"Comercio al por menor en tiendas de abarrotes, ultramarinos y misceláneas",abarrotes,0 a 5 personas,25.66263131,-100.27292632,2078.0,> 2 km
3034702,ABARROTES SUPER GONZALEZ,"Comercio al por menor en tiendas de abarrotes, ultramarinos y misceláneas",abarrotes,0 a 5 personas,25.65077158,-100.30587967,1643.0,1-2 km
3039687,ABARROTES SUPER S,"Comercio al por menor en tiendas de abarrotes, ultramarinos y misceláneas",abarrotes,0 a 5 personas,25.64813172,-100.30707503,1799.0,1-2 km
3039754,ABARROTES SUSY,"Comercio al por menor en tiendas de abarrotes, ultramarinos y misceláneas",abarrotes,0 a 5 personas,25.64783289,-100.30850704,1946.0,1-2 km
2982938,ABARROTES SUSY,"Comercio al por menor en tiendas de abarrotes, ultramarinos y misceláneas",abarrotes,0 a 5 personas,25.65446547,-100.27171616,1815.0,1-2 km
3040327,ABARROTES TOMY,"Comercio al por menor en tiendas de abarrotes, ultramarinos y misceláneas",abarrotes,0 a 5 personas,25.64914817,-100.28066287,921.0,500 m-1 km
3042216,ABARROTES TORRES,"Comercio al por menor en tiendas de abarrotes, ultramarinos y misceláneas",abarrotes,0 a 5 personas,25.63304553,-100.29274234,2067.0,> 2 km
10868140,ABARROTES VALDEZ,"Comercio al por menor en tiendas de abarrotes, ultramarinos y misceláneas",abarrotes,0 a 5 personas,25.63436068,-100.2931304,1929.0,1-2 km
2995343,ABARROTES VALLEJO,"Comercio al por menor en tiendas de abarrotes, ultramarinos y misceláneas",abarrotes,0 a 5 personas,25.64138503,-100.29944955,1495.0,1-2 km
10653954,ABARROTES VAZQUEZ,"Comercio al por menor en tiendas de abarrotes, ultramarinos y misceláneas",abarrotes,0 a 5 personas,25.6453981,-100.30823173,1993.0,1-2 km
2995327,ABARROTES VENANCIO,"Comercio al por menor en tiendas de abarrotes, ultramarinos y misceláneas",abarrotes,0 a 5 personas,25.64009585,-100.30142396,1735.0,1-2 km
11026896,ABARROTES Y FRUTERIA ORLANDO,"Comercio al por menor en tiendas de abarrotes, ultramarinos y misceláneas",abarrotes,0 a 5 personas,25.64706812,-100.30746744,1864.0,1-2 km
2994100,ABARROTES Y FRUTERIA VANE,"Comercio al por menor en tiendas de abarrotes, ultramarinos y misceláneas",abarrotes,0 a 5 personas,25.66601294,-100.27875338,1949.0,1-2 km
3042376,ABARROTES Y PAPELERIA GARZA,"Comercio al por menor en tiendas de abarrotes, ultramarinos y misceláneas",abarrotes,0 a 5 personas,25.6461399,-100.2691616,2121.0,> 2 km
2994646,ABARROTES Y PAPELERIA LIDIA,"Comercio al por menor en tiendas de abarrotes, ultramarinos y misceláneas",abarrotes,0 a 5 personas,25.64379947,-100.30309518,1604.0,1-2 km
8411029,ABARROTES Y SNACK EMY,"Comercio al por menor en tiendas de abarrotes, ultramarinos y misceláneas",abarrotes,0 a 5 personas,25.66308244,-100.29919342,1622.0,1-2 km
10607709,ABARROTES YOLANDA,"Comercio al por menor en tiendas de abarrotes, ultramarinos y misceláneas",abarrotes,0 a 5 personas,25.64106312,-100.29833193,1451.0,1-2 km
7988058,ABARROTES ZARATE,"Comercio al por menor en tiendas de abarrotes, ultramarinos y misceláneas",abarrotes,0 a 5 personas,25.63888414,-100.29796194,1630.0,1-2 km
8976375,ABASTOTAL,"Comercio al por menor en tiendas de abarrotes, ultramarinos y misceláneas",abarrotes,0 a 5 personas,25.6500364,-100.29177627,274.0,0-500 m
9863870,ABASTOTAL .COM,Comercio al por menor de artículos desechables,otro,0 a 5 personas,25.63991292,-100.2720962,2162.0,> 2 km
9638572,ABU DA BI SIX CONTROLADORA,"Comercio al por menor en tiendas de abarrotes, ultramarinos y misceláneas",abarrotes,0 a 5 personas,25.66134799,-100.3039524,1823.0,1-2 km
8297622,ACCESORIOS TELCEL VANGIONI,Comercio al por menor de teléfonos y otros aparatos de comunicación,otro,0 a 5 personas,25.64037094,-100.30558867,2026.0,> 2 km
2993887,ACUARIO CHAPULTEPEC,Comercio al por menor de mascotas,otro,0 a 5 personas,25.66667583,-100.27930981,1982.0,1-2 km
9775987,ACUMULADORES,"Comercio al por menor de partes y refacciones nuevas para automóviles, camionetas y camiones",otro,0 a 5 personas,25.65469568,-100.30942165,2030.0,> 2 km
10458039,ACUMULADORES POSADA,"Comercio al por menor de partes y refacciones nuevas para automóviles, camionetas y camiones",otro,0 a 5 personas,25.65324218,-100.30589362,1656.0,1-2 km
10722252,ADAN & EVA SEX SHOP,Comercio al por menor de otros artículos de uso personal,otro,0 a 5 personas,25.63636988,-100.2901056,1672.0,1-2 km
2931339,AG TRAUMA Y ORTOPEDIA,Comercio al por menor de artículos ortopédicos,otro,11 a 30 personas,25.65782631,-100.30562742,1767.0,1-2 km
10863351,AGAPE,Comercio al por menor de artículos religiosos,otro,0 a 5 personas,25.65547526,-100.29286823,565.0,500 m-1 km
2994527,AGI MEDICA EQUIPO MEDICO,Farmacias sin minisúper,farmacia,0 a 5 personas,25.64391044,-100.27455294,1714.0,1-2 km
8411569,AGUILA AZTECA,"Comercio al por menor de llantas y cámaras para automóviles, camionetas y camiones",otro,0 a 5 personas,25.66522587,-100.29748197,1733.0,1-2 km
11126688,AIG TRADING,"Comercio al por menor de cristalería, loza y utensilios de cocina",otro,0 a 5 personas,25.66703951,-100.27819231,2076.0,> 2 km
10927625,AKIBARA,Comercio al por menor de revistas y periódicos,otro,0 a 5 personas,25.64793526,-100.29044376,397.0,0-500 m
9408221,ALBACAR,Comercio al por menor de automóviles y camionetas usados,otro,6 a 10 personas,25.63619594,-100.28257993,1827.0,1-2 km
11644004,ALFA DELTA JUEGOS DE MESA,Comercio al por menor de juguetes,otro,0 a 5 personas,25.64603138,-100.29246175,667.0,500 m-1 km
11747819,ALFAPARF BODOS MONTERREY,Comercio al por menor de artículos de perfumería y cosméticos,otro,31 a 50 personas,25.66512453,-100.28437904,1610.0,1-2 km
2990931,ALMACEN DE LICONSA,"Comercio al por menor en tiendas de abarrotes, ultramarinos y misceláneas",abarrotes,6 a 10 personas,25.65599006,-100.30713339,1840.0,1-2 km
3034262,ALUVRI MONTERREY,Comercio al por menor de vidrios y espejos,otro,11 a 30 personas,25.66300003,-100.30392782,1938.0,1-2 km
10306106,AM MOTORS,Comercio al por menor de automóviles y camionetas usados,otro,6 a 10 personas,25.66690546,-100.29475124,1803.0,1-2 km
3038550,AMERICA,"Comercio al por menor en tiendas de abarrotes, ultramarinos y misceláneas",abarrotes,0 a 5 personas,25.66691692,-100.29207912,1745.0,1-2 km
10595769,AMERICAN BOUTIQUE,Comercio al por menor de artículos usados,otro,0 a 5 personas,25.66620884,-100.28948493,1647.0,1-2 km
9310392,ANDREA,Comercio al por menor de calzado,otro,0 a 5 personas,25.64045859,-100.28357892,1354.0,1-2 km
10224643,ANZA REFACCIONES ELECTRODOMESTICAS,Comercio al por menor de electrodomésticos menores y aparatos de línea blanca,otro,0 a 5 personas,25.64364217,-100.30007914,1367.0,1-2 km
11489830,AQUA FORTE,Comercio al por menor en ferreterías y tlapalerías,otro,0 a 5 personas,25.6615385,-100.29705062,1358.0,1-2 km
10015521,AR NOVEDADES,Comercio al por menor de ropa de cuero y piel y de otros artículos de estos materiales,otro,0 a 5 personas,25.6487571,-100.27296001,1684.0,1-2 km
6215940,ARAGON MUEBLES,Comercio al por menor de muebles para el hogar,otro,0 a 5 personas,25.64231753,-100.27849296,1496.0,1-2 km
8970485,ARCHITEC,Comercio al por menor de artículos de papelería,papeleria,0 a 5 personas,25.65096316,-100.28442418,511.0,500 m-1 km
10283181,ARTICULOS DE LIMPIEZA,Comercio al por menor de artículos desechables,otro,0 a 5 personas,25.64802567,-100.2813684,897.0,500 m-1 km
11305825,ARTICULOS DE LIMPIEZA,Comercio al por menor de artículos para la limpieza,otro,0 a 5 personas,25.64772351,-100.28202564,853.0,500 m-1 km
3042928,ARTICULOS DE LIMPIEZA SIN NOMBRE,Comercio al por menor de artículos para la limpieza,otro,0 a 5 personas,25.65665881,-100.26949552,2089.0,> 2 km
3040410,ARTICULOS DEPORTIVOS,Comercio al por menor de sombreros,otro,0 a 5 personas,25.63619594,-100.28257993,1827.0,1-2 km
6366171,ARTIMEDICA,Comercio al por menor de artículos ortopédicos,otro,51 a 100 personas,25.66424501,-100.27729707,1880.0,1-2 km
9307314,AT AND T,Comercio al por menor de teléfonos y otros aparatos de comunicación,otro,0 a 5 personas,25.66019455,-100.2818989,1240.0,1-2 km
8649244,AT&T,Comercio al por menor de teléfonos y otros aparatos de comunicación,otro,0 a 5 personas,25.65169629,-100.27587011,1367.0,1-2 km
9740616,AUREA CROW,Comercio al por menor de bisutería y accesorios de vestir,otro,0 a 5 personas,25.64188952,-100.27927822,1472.0,1-2 km
2994051,AUTO PARTES EL CARACOL,"Comercio al por menor de partes y refacciones nuevas para automóviles, camionetas y camiones",otro,0 a 5 personas,25.66687462,-100.29273989,1751.0,1-2 km
8411142,AUTO PARTES MAC,"Comercio al por menor de partes y refacciones nuevas para automóviles, camionetas y camiones",otro,0 a 5 personas,25.65617377,-100.30598865,1736.0,1-2 km
6369652,AUTO PARTES MOSAR,"Comercio al por menor de partes y refacciones nuevas para automóviles, camionetas y camiones",otro,0 a 5 personas,25.65921846,-100.29841341,1247.0,1-2 km
3034416,AUTO PARTES SANDOVAL,"Comercio al por menor de partes y refacciones nuevas para automóviles, camionetas y camiones",otro,0 a 5 personas,25.65725428,-100.30190939,1404.0,1-2 km
3034633,AUTO PINTURAS SAN LUIS,Comercio al por menor de pintura,otro,0 a 5 personas,25.6523102,-100.30610563,1668.0,1-2 km
2990957,AUTO VIDRIOS DEL SUR PARABRISAS,Comercio al por menor de vidrios y espejos,otro,0 a 5 personas,25.65797309,-100.30470912,1691.0,1-2 km
10107065,AUTOHOME,"Comercio al por menor de partes y refacciones nuevas para automóviles, camionetas y camiones",otro,6 a 10 personas,25.65764474,-100.30470904,1675.0,1-2 km
6228572,AUTOMOTRIZ EL TOREO,Comercio al por menor de automóviles y camionetas nuevos,otro,51 a 100 personas,25.63961195,-100.2851714,1381.0,1-2 km
3034394,AUTOPARTES AYUTLA,"Comercio al por menor de partes y refacciones nuevas para automóviles, camionetas y camiones",otro,6 a 10 personas,25.66134825,-100.30468027,1881.0,1-2 km
3039937,AUTOPARTES PONCE,"Comercio al por menor de partes y refacciones nuevas para automóviles, camionetas y camiones",otro,0 a 5 personas,25.64319232,-100.30064608,1443.0,1-2 km
3034224,AUTOS CAR PAT,Comercio al por menor de automóviles y camionetas usados,otro,6 a 10 personas,25.66448199,-100.29751267,1662.0,1-2 km
11107340,AUTOS DARIO,Comercio al por menor de automóviles y camionetas usados,otro,0 a 5 personas,25.63786129,-100.29593254,1638.0,1-2 km
6368424,AUTOS DIECK,Comercio al por menor de automóviles y camionetas usados,otro,11 a 30 personas,25.65021721,-100.27462416,1497.0,1-2 km
10062993,AUTOS ESQUIVEL,Comercio al por menor de automóviles y camionetas usados,otro,11 a 30 personas,25.66452282,-100.29705619,1644.0,1-2 km
11494717,AUTOS ESQUIVEL,Comercio al por menor de automóviles y camionetas nuevos,otro,0 a 5 personas,25.66449862,-100.29651615,1617.0,1-2 km
8297642,AUTOS MARROQUIN,Comercio al por menor de automóviles y camionetas usados,otro,0 a 5 personas,25.63673446,-100.29064475,1635.0,1-2 km
2995082,AUTOS MARROQUIN,Comercio al por menor de automóviles y camionetas usados,otro,0 a 5 personas,25.63630687,-100.28986756,1679.0,1-2 km
6786630,AUTOZONE DE MEXICO SUCURSAL 7495 MONTERREY - NUEVO REPUEBLO,"Comercio al por menor de partes y refacciones nuevas para automóviles, camionetas y camiones",otro,11 a 30 personas,25.66168662,-100.2987255,1471.0,1-2 km
8806023,AVANTI MUEBLES CONTEMPORANEOS,Comercio al por menor de muebles para el hogar,otro,11 a 30 personas,25.63982067,-100.28377901,1410.0,1-2 km
3040171,AVICOLA ESTADIO,Comercio al por menor de carne de aves,otro,0 a 5 personas,25.65263312,-100.27969289,993.0,500 m-1 km
3038916,AVICOLA FLORIDA,Comercio al por menor de carne de aves,otro,0 a 5 personas,25.66159652,-100.28730435,1155.0,1-2 km
2994628,AVICOLA RIO NAZAS,Comercio al por menor de carne de aves,otro,0 a 5 personas,25.64070094,-100.30544979,1993.0,1-2 km
8734728,AXALTA PINTURAS AUTOMOTRIZ,Comercio al por menor de pintura,otro,0 a 5 personas,25.66024268,-100.30873913,2165.0,> 2 km
9014312,AZULEJOS Y PISOS EL GALLITO,Comercio al por menor de pisos y recubrimientos cerámicos,otro,0 a 5 personas,25.66721249,-100.28517854,1811.0,1-2 km
6370871,BA EXPRESS HILARIO MARTINEZ 1811,Comercio al por menor en minisupers,minisuper_conveniencia,11 a 30 personas,25.65584871,-100.30520774,1650.0,1-2 km
6712554,BA EXPRESS MARIE CURIE 3131,Comercio al por menor en minisupers,minisuper_conveniencia,11 a 30 personas,25.64899098,-100.3066578,1741.0,1-2 km
6367560,BA EXPRESS RIO NAZAS 3149,Comercio al por menor en minisupers,minisuper_conveniencia,11 a 30 personas,25.64327913,-100.30082478,1451.0,1-2 km
11360954,BABY CORNER,Comercio al por menor de otros artículos de uso personal,otro,6 a 10 personas,25.64085292,-100.28096153,1452.0,1-2 km
10426342,BASAR DE ROPA AMERICANAS Y REGALOS,Comercio al por menor de artículos usados,otro,0 a 5 personas,25.65547517,-100.2764672,1383.0,1-2 km
3040000,BASES BETANIA,Comercio al por menor de muebles para el hogar,otro,0 a 5 personas,25.64336946,-100.29917284,1318.0,1-2 km
11643909,BASSAR SUR,Comercio al por menor de artículos y aparatos deportivos,otro,0 a 5 personas,25.63812001,-100.28421245,1569.0,1-2 km
2993865,BATERIAS ECONOMICAS,"Comercio al por menor de partes y refacciones nuevas para automóviles, camionetas y camiones",otro,0 a 5 personas,25.66643494,-100.27724124,2075.0,> 2 km
8805543,BATERIAS USADAS DESCONOCIDO,"Comercio al por menor de partes y refacciones usadas para automóviles, camionetas y camiones",otro,0 a 5 personas,25.6587326,-100.27330187,1817.0,1-2 km
9574778,BAZAR,Comercio al por menor de artículos usados,otro,0 a 5 personas,25.6559394,-100.31011627,2127.0,> 2 km
8441329,BAZAR DE ROPA,Comercio al por menor de artículos usados,otro,0 a 5 personas,25.65943701,-100.27202167,1967.0,1-2 km
8735042,BAZAR DE TODO UN POCO,Comercio al por menor de artículos usados,otro,0 a 5 personas,25.65922884,-100.3057292,1845.0,1-2 km
6373685,BAZAR INTERNACIONAL,Comercio al por menor de bisutería y accesorios de vestir,otro,0 a 5 personas,25.63619594,-100.28257993,1827.0,1-2 km
8297033,BAZAR SIN NOMBRE,Comercio al por menor de artículos usados,otro,0 a 5 personas,25.65691927,-100.30198277,1394.0,1-2 km
3040363,BAZAR SIN NOMBRE,Comercio al por menor de artículos usados,otro,0 a 5 personas,25.6417689,-100.27892981,1507.0,1-2 km
3038908,BAZAR SIN NOMBRE,Comercio al por menor de artículos usados,otro,0 a 5 personas,25.66263739,-100.29672732,1444.0,1-2 km
2993797,BAZAR SIN NOMBRE,Comercio al por menor de artículos usados,otro,0 a 5 personas,25.66775638,-100.291007,1825.0,1-2 km
8499096,BAZAR SIN NOMBRE,Comercio al por menor de artículos usados,otro,0 a 5 personas,25.65708227,-100.30608865,1779.0,1-2 km
10000095,BAZAR Y ENVOLTURA DE REGALOS,Comercio al por menor de artículos usados,otro,0 a 5 personas,25.65762771,-100.30378323,1590.0,1-2 km
10959298,BCX MEXICO,Comercio al por menor de juguetes,otro,11 a 30 personas,25.66284393,-100.27340626,2055.0,> 2 km
3040371,BEADS STONES,Comercio al por menor de bisutería y accesorios de vestir,otro,0 a 5 personas,25.63472503,-100.28165774,2014.0,> 2 km
10034565,BEADS Y GEMS CO,Comercio al por menor de bisutería y accesorios de vestir,otro,0 a 5 personas,25.63619594,-100.28257993,1827.0,1-2 km
12288406,BECKET WINDOW SHADE DE MEXICO,"Comercio al por menor de alfombras, cortinas, tapices y similares",otro,11 a 30 personas,25.66210058,-100.30338013,1831.0,1-2 km
9305915,BELTONE,Comercio al por menor de artículos ortopédicos,otro,0 a 5 personas,25.64045859,-100.28357892,1354.0,1-2 km
3040232,BEMAC,"Comercio al por menor de aceites y grasas lubricantes, aditivos y similares para vehículos de motor",otro,0 a 5 personas,25.65173799,-100.28318813,634.0,500 m-1 km
9445847,BEN & FRANK,Comercio al por menor de lentes,otro,0 a 5 personas,25.65249892,-100.27653107,1306.0,1-2 km
3040001,BETO BOYS,"Comercio al por menor de partes y refacciones nuevas para automóviles, camionetas y camiones",otro,0 a 5 personas,25.64339936,-100.29871201,1282.0,1-2 km
9615136,BIAN BUBUTIQ,"Comercio al por menor de ropa, excepto de bebé y lencería",otro,0 a 5 personas,25.64002557,-100.27286059,2093.0,> 2 km
8441326,BICICLETAS ZERO BIKE STORE,Comercio al por menor de bicicletas,otro,0 a 5 personas,25.66149387,-100.27582453,1772.0,1-2 km
2994547,BIKE STORE CONTRY,Comercio al por menor de bicicletas,otro,0 a 5 personas,25.6434838,-100.27608495,1607.0,1-2 km
3045020,BIKES Y MORE,Comercio al por menor de artículos y aparatos deportivos,otro,0 a 5 personas,25.63812001,-100.28421245,1569.0,1-2 km
11765664,BIO ERIM,Comercio al por menor de artículos para la limpieza,otro,0 a 5 personas,25.6574341,-100.30359942,1564.0,1-2 km
8734920,BLESS COLECCION JOYERIA,Comercio al por menor de artículos de joyería y relojes,otro,0 a 5 personas,25.63619594,-100.28257993,1827.0,1-2 km
7873260,BODEGA CERO,"Comercio al por menor de semillas y granos alimenticios, especias y chiles secos",otro,0 a 5 personas,25.6511897,-100.29286603,338.0,0-500 m
9954683,BODEGA DE AG,Comercio al por menor de artículos ortopédicos,otro,0 a 5 personas,25.65749598,-100.3058113,1770.0,1-2 km
10958768,BODEGA DE CARBON,Comercio al por menor de otros combustibles,otro,0 a 5 personas,25.65833267,-100.30792252,2001.0,> 2 km
9926749,BODEGA DE CETZA,Comercio al por menor de pintura,otro,0 a 5 personas,25.65971635,-100.30617054,1910.0,1-2 km
11092768,BODEGA DE FERRETERIA EL CARDENAL,Comercio al por menor en ferreterías y tlapalerías,otro,0 a 5 personas,25.65669003,-100.30512921,1673.0,1-2 km
9522035,BODEGA DE LA CASA DEL PLAFON,Comercio al por menor en ferreterías y tlapalerías,otro,0 a 5 personas,25.65855694,-100.30956132,2163.0,> 2 km
11376646,BODEGA DE PERSIANAS LA SILLA,"Comercio al por menor de alfombras, cortinas, tapices y similares",otro,0 a 5 personas,25.6434727,-100.27648652,1574.0,1-2 km
10013144,BODEGA DE PRODEL SIN NOMBRE,"Comercio al por menor de alfombras, cortinas, tapices y similares",otro,0 a 5 personas,25.64285507,-100.3020033,1573.0,1-2 km
10924855,BODEGA DE SERVICIO DE CLIMAS,Comercio al por menor de electrodomésticos menores y aparatos de línea blanca,otro,0 a 5 personas,25.66017534,-100.28525171,1065.0,1-2 km
9489349,BODEGA EGOMSA,Comercio al por menor de carne de aves,otro,0 a 5 personas,25.66721328,-100.28547877,1804.0,1-2 km
3039607,BODY SOLUTION,Comercio al por menor de lencería,otro,6 a 10 personas,25.64771691,-100.29364403,583.0,500 m-1 km
10912506,BOMBAS Y ALBERCAS DE MONTERREY,Comercio al por menor de artículos para albercas y otros artículos,otro,0 a 5 personas,25.65538987,-100.30737761,1846.0,1-2 km
8779137,BOMBAS Y ALBERCAS DE MONTERREY,Comercio al por menor de artículos para albercas y otros artículos,otro,11 a 30 personas,25.65589442,-100.30532235,1663.0,1-2 km
11066669,BONITAS OUTLET MTY,"Comercio al por menor de ropa, excepto de bebé y lencería",otro,0 a 5 personas,25.66073623,-100.28406909,1172.0,1-2 km
8297036,BOTANAS LOS ARCOS,Comercio al por menor de otros alimentos,otro,0 a 5 personas,25.65626492,-100.30160539,1328.0,1-2 km
10936032,BOUTIQUE EUPHORIA,"Comercio al por menor de ropa, excepto de bebé y lencería",otro,0 a 5 personas,25.6653389,-100.28439511,1632.0,1-2 km
11047783,BOUTIQUE MPL,"Comercio al por menor de ropa, excepto de bebé y lencería",otro,0 a 5 personas,25.65895494,-100.30662631,1911.0,1-2 km
11655594,BOUTIQUE ORGANICA,"Comercio al por menor de productos naturistas, medicamentos homeopáticos y de complementos alimenticios",otro,0 a 5 personas,25.65642703,-100.29783967,1006.0,1-2 km
9680620,BOUTIQUE SARAHY,"Comercio al por menor de ropa, excepto de bebé y lencería",otro,0 a 5 personas,25.63236698,-100.28639253,2139.0,> 2 km
9829169,BOUTIQUE TRENDY,"Comercio al por menor de ropa, excepto de bebé y lencería",otro,0 a 5 personas,25.64045859,-100.28357892,1354.0,1-2 km
3034579,BRECIA MARMOL,Comercio al por menor de pisos y recubrimientos cerámicos,otro,6 a 10 personas,25.65727621,-100.30991334,2148.0,> 2 km
8532945,BRELUD FARMACIA DERMATOLOGICA,Farmacias sin minisúper,farmacia,0 a 5 personas,25.63953249,-100.28464722,1406.0,1-2 km
11556700,BUROZAZU SHOP,Comercio al por menor de juguetes,otro,0 a 5 personas,25.6653389,-100.28439511,1632.0,1-2 km
11489731,BUTTER CREAM DREAMS,Comercio al por menor de otros alimentos,otro,0 a 5 personas,25.64411701,-100.27457719,1701.0,1-2 km
11483567,CABANITA ZONA TEC,"Comercio al por menor de ropa, excepto de bebé y lencería",otro,0 a 5 personas,25.64603138,-100.29246175,667.0,500 m-1 km
6882510,CACEP CHOCOLATES,Comercio al por menor de dulces y materias primas para repostería,otro,0 a 5 personas,25.65002537,-100.29835905,901.0,500 m-1 km
6370850,CAD TONER CHAPULTEPEC,"Comercio al por menor de mobiliario, equipo y accesorios de cómputo",otro,0 a 5 personas,25.66704946,-100.28402771,1825.0,1-2 km
11571378,CAFE ROAST HILL,"Comercio al por menor de semillas y granos alimenticios, especias y chiles secos",otro,0 a 5 personas,25.66204368,-100.29482494,1298.0,1-2 km
2943281,CALIFORNIA TEXTIL,Comercio al por menor de telas,otro,11 a 30 personas,25.64347673,-100.27555621,1652.0,1-2 km
12329510,CAMBRIDGE WEIGHT PLAN MEXICO,"Comercio al por menor de productos naturistas, medicamentos homeopáticos y de complementos alimenticios",otro,6 a 10 personas,25.64994803,-100.29972372,1037.0,1-2 km
2994521,CAMERA WORKS,Comercio al por menor de equipo y material fotográfico,otro,6 a 10 personas,25.6448347,-100.27478347,1646.0,1-2 km
7805664,CANTERA MEX,Comercio al por menor de pisos y recubrimientos cerámicos,otro,6 a 10 personas,25.65939974,-100.2785961,1409.0,1-2 km
2994440,CAR ONE MONTERREY,Comercio al por menor de automóviles y camionetas nuevos,otro,6 a 10 personas,25.65329826,-100.29376279,477.0,0-500 m
6364471,CAR ONE MONTERREY,Comercio al por menor de automóviles y camionetas nuevos,otro,101 a 250 personas,25.63342482,-100.28125704,2163.0,> 2 km
10875687,CARBONERA EL HUAJUCO,Comercio al por menor de otros combustibles,otro,6 a 10 personas,25.66702433,-100.29032609,1739.0,1-2 km
8806029,CARNE SECA MONTERREY AJUA,Comercio al por menor de dulces y materias primas para repostería,otro,0 a 5 personas,25.63953249,-100.28464722,1406.0,1-2 km
6369050,CARNES MUMA,Comercio al por menor de carnes rojas,otro,0 a 5 personas,25.65797657,-100.28504409,857.0,500 m-1 km
3042939,CARNICERIA DE LEON,Comercio al por menor de carnes rojas,otro,0 a 5 personas,25.6552156,-100.27106329,1896.0,1-2 km
3034051,CARNICERIA ESCAMILLA,Comercio al por menor de carnes rojas,otro,0 a 5 personas,25.65906009,-100.30954583,2182.0,> 2 km
3038938,CARNICERIA JC,Comercio al por menor de carnes rojas,otro,11 a 30 personas,25.66589958,-100.28634661,1643.0,1-2 km
10254466,CARNICERIA LT CARNES,Comercio al por menor de carnes rojas,otro,0 a 5 personas,25.66492355,-100.29532752,1613.0,1-2 km
3034615,CARNICERIA MORENO,Comercio al por menor de carnes rojas,otro,0 a 5 personas,25.65461815,-100.30856223,1944.0,1-2 km
6365954,CARNICERIA RAMOS,Comercio al por menor de carnes rojas,otro,31 a 50 personas,25.64716329,-100.27518539,1510.0,1-2 km
10200068,CARNICERIA RG,Comercio al por menor de carnes rojas,otro,0 a 5 personas,25.65544212,-100.30541951,1658.0,1-2 km
3040068,CARNICERIA SAN CARLOS,Comercio al por menor de carnes rojas,otro,6 a 10 personas,25.65987203,-100.29075791,950.0,500 m-1 km
9706939,CARNICERIA SILVA,Comercio al por menor de carnes rojas,otro,6 a 10 personas,25.65542266,-100.30627246,1740.0,1-2 km
8775361,CASA BLANCA POLLO,Comercio al por menor de carne de aves,otro,0 a 5 personas,25.64792487,-100.30667369,1764.0,1-2 km
3034301,CASA DEL VALLE,Comercio al por menor de otros artículos para la decoración de interiores,otro,0 a 5 personas,25.6610755,-100.30260308,1698.0,1-2 km
6370353,CASA ENRIQUE,Comercio al por menor de artículos de mercería y bonetería,otro,0 a 5 personas,25.64414892,-100.27458541,1699.0,1-2 km
3040439,CASA ORTIZ,Comercio al por menor de bisutería y accesorios de vestir,otro,0 a 5 personas,25.63619594,-100.28257993,1827.0,1-2 km
3034502,CASA RAUL,"Comercio al por menor de ropa, excepto de bebé y lencería",otro,0 a 5 personas,25.65598654,-100.30493097,1629.0,1-2 km
10839000,CAZUELAS MOLCAJETES Y METATES LILY,Comercio al por menor en tiendas de artesanías,otro,0 a 5 personas,25.6670908,-100.29185618,1761.0,1-2 km
9014260,CBA DE MONTERREY,Comercio al por menor de artículos para albercas y otros artículos,otro,6 a 10 personas,25.66176069,-100.28401545,1276.0,1-2 km
6269752,CCT TRILLAS NUEVO LEON,Comercio al por menor de libros,otro,6 a 10 personas,25.65436498,-100.29441264,593.0,500 m-1 km
8649356,CELLAIRIS NUEVO SUR,Comercio al por menor de teléfonos y otros aparatos de comunicación,otro,0 a 5 personas,25.65273106,-100.27594668,1367.0,1-2 km
10650793,CELLARIS,Comercio al por menor de teléfonos y otros aparatos de comunicación,otro,0 a 5 personas,25.65269496,-100.27591642,1369.0,1-2 km
12337755,CELULAR EXPRESS,Comercio al por menor de teléfonos y otros aparatos de comunicación,otro,6 a 10 personas,25.63978561,-100.28482693,1374.0,1-2 km
9410966,CELULAR EXPRESS EUGENIO GARZA MONTERREY,Comercio al por menor de teléfonos y otros aparatos de comunicación,otro,6 a 10 personas,25.63989955,-100.28489779,1359.0,1-2 km
2994397,CENTRO COMERCIAL ROMA,Comercio al por menor en supermercados,otro,31 a 50 personas,25.6560262,-100.2967614,891.0,500 m-1 km
9767367,CENTRO COPIADO,Comercio al por menor de artículos de papelería,papeleria,0 a 5 personas,25.63272443,-100.28903437,2077.0,> 2 km
3034440,CENTRO PLOMERO INDEPENDENCIA,Comercio al por menor en ferreterías y tlapalerías,otro,0 a 5 personas,25.65778314,-100.30475206,1685.0,1-2 km
7889056,CENTURY TONER,"Comercio al por menor de mobiliario, equipo y accesorios de cómputo",otro,0 a 5 personas,25.64046962,-100.28439258,1319.0,1-2 km
3040368,CERRAJERIA Y FERRETERIA BETO,Comercio al por menor en ferreterías y tlapalerías,otro,0 a 5 personas,25.63529237,-100.28202033,1942.0,1-2 km
3039027,CERVECERIA DEPOSITO EL PORRASO,Comercio al por menor de cerveza,otro,0 a 5 personas,25.66458427,-100.2777658,1879.0,1-2 km
10998340,CHAMPIONS BALATAS,"Comercio al por menor de partes y refacciones nuevas para automóviles, camionetas y camiones",otro,0 a 5 personas,25.66002024,-100.27578373,1676.0,1-2 km
2994353,CHICKEN LEE,"Comercio al por menor en tiendas de abarrotes, ultramarinos y misceláneas",abarrotes,0 a 5 personas,25.65790914,-100.29665245,1019.0,1-2 km
10069419,CIELITO LINDO,Comercio al por menor de dulces y materias primas para repostería,otro,0 a 5 personas,25.64085292,-100.28096153,1452.0,1-2 km
11199943,CIELITO LINDO,Comercio al por menor de ropa de bebé,otro,0 a 5 personas,25.6653389,-100.28439511,1632.0,1-2 km
10990034,CIRENA,Comercio al por menor de regalos,otro,0 a 5 personas,25.66433177,-100.28168613,1637.0,1-2 km
6234898,CITY CLUB REVOLUCION SUCURSAL 1030,Comercio al por menor en supermercados,otro,101 a 250 personas,25.65972113,-100.28189447,1199.0,1-2 km
11791450,CITY ROOTS,Comercio al por menor de frutas y verduras frescas,otro,0 a 5 personas,25.65979068,-100.3033155,1670.0,1-2 km
2995319,CK COCINAS,Comercio al por menor de muebles para el hogar,otro,0 a 5 personas,25.64022823,-100.28556925,1303.0,1-2 km
10366698,CLASE VIP,"Comercio al por menor de ropa, excepto de bebé y lencería",otro,0 a 5 personas,25.64045859,-100.28357892,1354.0,1-2 km
8649241,CLASSIC GAMER,Comercio al por menor de juguetes,otro,0 a 5 personas,25.6498563,-100.28702323,302.0,0-500 m
8441495,CLEMENTINE BOUTIQUE,"Comercio al por menor de ropa, excepto de bebé y lencería",otro,0 a 5 personas,25.63619594,-100.28257993,1827.0,1-2 km
10275600,CLEO DISTRIBUIDORA DE BELLEZA,Comercio al por menor de artículos de perfumería y cosméticos,otro,0 a 5 personas,25.63619594,-100.28257993,1827.0,1-2 km
8805245,CLEOX ACCESORIOS,Comercio al por menor de bisutería y accesorios de vestir,otro,0 a 5 personas,25.66019455,-100.2818989,1240.0,1-2 km
11257823,CLEREN BRIDES,"Comercio al por menor de disfraces, vestimenta regional y vestidos de novia",otro,0 a 5 personas,25.64085292,-100.28096153,1452.0,1-2 km
10506758,CLIMAS Y REFACCIONES,Comercio al por menor de electrodomésticos menores y aparatos de línea blanca,otro,0 a 5 personas,25.65241641,-100.30493834,1552.0,1-2 km
10792525,CLUB DE NUTRICION HRBALAIFE,Comercio al por menor de bebidas no alcohólicas y hielo,otro,0 a 5 personas,25.63508247,-100.28305106,1926.0,1-2 km
11746536,COCONUT DRESSES,"Comercio al por menor de disfraces, vestimenta regional y vestidos de novia",otro,0 a 5 personas,25.65240917,-100.28181937,778.0,500 m-1 km
6371674,CODIMA,Comercio al por menor de vidrios y espejos,otro,11 a 30 personas,25.65946315,-100.30152905,1503.0,1-2 km
3038513,COLOR CENTRO DE PINTURAS,Comercio al por menor de pintura,otro,0 a 5 personas,25.66721668,-100.28682988,1779.0,1-2 km
9637480,COMERCIAL ROCA,"Comercio al por menor de cristalería, loza y utensilios de cocina",otro,0 a 5 personas,25.65643436,-100.30916772,2049.0,> 2 km
9717322,COMERCIALISADORA DEL NORTE,Comercio al por menor en ferreterías y tlapalerías,otro,0 a 5 personas,25.65837014,-100.28868375,779.0,500 m-1 km
10906618,COMERCIALIZADORA EDM,"Comercio al por menor de mobiliario, equipo y accesorios de cómputo",otro,0 a 5 personas,25.64793526,-100.29044376,397.0,0-500 m
8960986,COMERCIALIZADORA PBT SISTEMAS DE AGUA,Comercio al por menor de artículos para la limpieza,otro,6 a 10 personas,25.642204,-100.27825264,1522.0,1-2 km
3034424,COMERCIALIZADORA STAY CLAEN,Comercio al por menor de artículos para la limpieza,otro,0 a 5 personas,25.65759022,-100.30283265,1503.0,1-2 km
10993486,COMERCIALIZADORA Y REPRESENTACION ZARCOS,Farmacias sin minisúper,farmacia,0 a 5 personas,25.66133825,-100.28244432,1312.0,1-2 km
3038905,COMERCIO AL POR MENOR DE ARTÍCULOS PARA LA LIMPIEZA SIN NOMBRE,Comercio al por menor de artículos para la limpieza,otro,0 a 5 personas,25.66252018,-100.29616895,1406.0,1-2 km
2994251,COMERCIO AL POR MENOR DE ARTÍCULOS USADOS SIN NOMBRE,Comercio al por menor de artículos usados,otro,0 a 5 personas,25.65843827,-100.28349304,987.0,500 m-1 km
11812320,COMERCIO AL POR MENOR DE CALZADO SIN NOMBRE,Comercio al por menor de calzado,otro,0 a 5 personas,25.65468404,-100.30063616,1174.0,1-2 km
12327930,COMERCIO AL POR MENOR DE CALZADO SIN NOMBRE,Comercio al por menor de calzado,otro,0 a 5 personas,25.65467256,-100.30063878,1174.0,1-2 km
3038927,"COMERCIO AL POR MENOR DE DISFRACES, TRAJES TÍPICOS Y VESTIDOS DE NOVIA SIN NOMBRE","Comercio al por menor de disfraces, vestimenta regional y vestidos de novia",otro,0 a 5 personas,25.66281994,-100.28751793,1285.0,1-2 km
10366337,COMERCIO AL POR MENOR DE OTROS ALIMENTOS SIN NOMBRE,Comercio al por menor de otros alimentos,otro,0 a 5 personas,25.65499687,-100.27144872,1853.0,1-2 km
10923856,COMERCIO AL POR MENOR DE PALETAS DE HIELO Y HELADOS SIN NOMBRE,Comercio al por menor de paletas de hielo y helados,otro,0 a 5 personas,25.65525187,-100.27106291,1897.0,1-2 km
2994045,"COMERCIO AL POR MENOR DE ROPA, EXCEPTO DE BEBÉ Y LENCERÍA SIN NOMBRE","Comercio al por menor de ropa, excepto de bebé y lencería",otro,0 a 5 personas,25.66626473,-100.28954248,1653.0,1-2 km
3034311,COMERCIO AL POR MENOR DE VIDRIOS Y ESPEJOS SIN NOMBRE,Comercio al por menor de vidrios y espejos,otro,0 a 5 personas,25.66135648,-100.30412043,1837.0,1-2 km
3034294,COMERCIO AL POR MENOR EN TIENDAS DE ABARROTES ULTRAMARINOS Y MISCELANEAS,"Comercio al por menor en tiendas de abarrotes, ultramarinos y misceláneas",abarrotes,0 a 5 personas,25.66166448,-100.30161436,1666.0,1-2 km
3038907,COMERCIO AL POR MENOR EN TIENDAS DE ABARROTES ULTRAMARINOS Y MISCELANEOS,"Comercio al por menor en tiendas de abarrotes, ultramarinos y misceláneas",abarrotes,0 a 5 personas,25.66262496,-100.2966681,1440.0,1-2 km
10477076,"COMERCIO AL POR MENOR EN TIENDAS DE ABARROTES, ULTRAMARINOS Y MISCELANEAS SIN NOMBRE","Comercio al por menor en tiendas de abarrotes, ultramarinos y misceláneas",abarrotes,0 a 5 personas,25.65669617,-100.26959296,2080.0,> 2 km
9558479,"COMERCIO AL POR MENOR EN TIENDAS DE ABARROTES, ULTRAMARINOS Y MISCELÁNEAS SIN NOMBRE","Comercio al por menor en tiendas de abarrotes, ultramarinos y misceláneas",abarrotes,0 a 5 personas,25.65461587,-100.27013461,1974.0,1-2 km
11450919,"COMERCIO AL POR MENOR EN TIENDAS DE ABARROTES, ULTRAMARINOS Y MISCELÁNEAS SIN NOMBRE","Comercio al por menor en tiendas de abarrotes, ultramarinos y misceláneas",abarrotes,0 a 5 personas,25.64347844,-100.27568475,1641.0,1-2 km
9644857,COMERCIO AL POR MENOR EN TIENDAS DE ARTESANÍAS SIN NOMBRE,Comercio al por menor en tiendas de artesanías,otro,0 a 5 personas,25.63619594,-100.28257993,1827.0,1-2 km
10610930,COMEX,Comercio al por menor de pintura,otro,0 a 5 personas,25.66625524,-100.27581247,2147.0,> 2 km
12295466,COMEX,Comercio al por menor de pintura,otro,11 a 30 personas,25.64800568,-100.27442911,1557.0,1-2 km
9292591,COMIDAS LA RANITA,"Comercio al por menor en tiendas de abarrotes, ultramarinos y misceláneas",abarrotes,0 a 5 personas,25.66364765,-100.28577561,1412.0,1-2 km
6369742,COMPAÑIA SHERWIN WILLIAMS GME155,Comercio al por menor de pintura,otro,0 a 5 personas,25.66669225,-100.27945057,1976.0,1-2 km
8523951,COMPRA MARIA,Comercio al por menor de artículos de joyería y relojes,otro,0 a 5 personas,25.66023869,-100.29936995,1394.0,1-2 km
11416647,COMPRA VENTA DE. MOTOCICLETAS,Comercio al por menor de motocicletas,otro,0 a 5 personas,25.6559089,-100.30511171,1643.0,1-2 km
3039959,COMPRA Y VENTA DE APARATOS,Comercio al por menor de artículos usados,otro,0 a 5 personas,25.64176009,-100.30399968,1806.0,1-2 km
10291919,COMPRA Y VENTA DE ROPA USADA,Comercio al por menor de artículos usados,otro,0 a 5 personas,25.64891341,-100.27389445,1589.0,1-2 km
10144445,CONSULTORIO Y FARMACIA EXCLUSIVA PARA PASIENTES,Farmacias sin minisúper,farmacia,0 a 5 personas,25.65213707,-100.28393952,563.0,500 m-1 km
3042957,COOPERATIVA,Comercio al por menor de bebidas no alcohólicas y hielo,otro,0 a 5 personas,25.65521664,-100.27116067,1887.0,1-2 km
8297564,COOPERATIVA CBTIS 99,"Comercio al por menor en tiendas de abarrotes, ultramarinos y misceláneas",abarrotes,0 a 5 personas,25.63813598,-100.3046995,2121.0,> 2 km
11007993,COPERATIVA DE LA SEC. 66 JOSE VASCONCELOS,"Comercio al por menor en tiendas de abarrotes, ultramarinos y misceláneas",abarrotes,0 a 5 personas,25.64740004,-100.27731221,1300.0,1-2 km
6371900,CORPORATIVO SALLY BEAUTY SUPPLY,Comercio al por menor de artículos de perfumería y cosméticos,otro,251 y más personas,25.65916157,-100.30356339,1653.0,1-2 km
3038904,CORTIMEX,"Comercio al por menor de alfombras, cortinas, tapices y similares",otro,0 a 5 personas,25.66248643,-100.29600823,1395.0,1-2 km
10673742,CREACIONES Y NOVEDADES KIKA,Comercio al por menor de regalos,otro,0 a 5 personas,25.65967263,-100.27159491,2017.0,> 2 km
3034438,CRIST ALUM,Comercio al por menor de vidrios y espejos,otro,0 a 5 personas,25.65772317,-100.30462841,1671.0,1-2 km
2995333,CRISTAL ESPEJO Y ALUMINIO VIDRIOS GERMAN,Comercio al por menor de vidrios y espejos,otro,0 a 5 personas,25.64347667,-100.30188009,1522.0,1-2 km
9837471,CULPATOYS,Comercio al por menor de regalos,otro,0 a 5 personas,25.66638481,-100.27684162,2094.0,> 2 km
3040414,D PRADO OPTICA,Comercio al por menor de lentes,otro,0 a 5 personas,25.63619594,-100.28257993,1827.0,1-2 km
7915291,D URZO JOYERIA,Comercio al por menor de artículos de joyería y relojes,otro,0 a 5 personas,25.64196581,-100.28617947,1101.0,1-2 km
10705303,D&D DRESSES,"Comercio al por menor de disfraces, vestimenta regional y vestidos de novia",otro,0 a 5 personas,25.64501924,-100.28814604,722.0,500 m-1 km
8649247,DAIRY QUEEN,Comercio al por menor de paletas de hielo y helados,otro,6 a 10 personas,25.65341934,-100.27548488,1423.0,1-2 km
8778714,DANCERS COMERCIAL,"Comercio al por menor de ropa, excepto de bebé y lencería",otro,0 a 5 personas,25.63572577,-100.28272607,1871.0,1-2 km
9742900,DEKALI,Comercio al por menor de muebles para el hogar,otro,0 a 5 personas,25.65570165,-100.29524684,749.0,500 m-1 km
9404969,DEL SOL SUCURSAL 1186 MONTERREY GARZA SADA,Comercio al por menor en tiendas departamentales,otro,101 a 250 personas,25.64196581,-100.28617947,1101.0,1-2 km
6372562,DELICIAS DEL CONTRY,Comercio al por menor de otros alimentos,otro,0 a 5 personas,25.63812001,-100.28421245,1569.0,1-2 km
12313194,DENES CORTES FINOS PARA ASAR,Comercio al por menor de carnes rojas,otro,0 a 5 personas,25.64285222,-100.277103,1564.0,1-2 km
10048900,DENES LINEA SUPREMA,Comercio al por menor de carnes rojas,otro,0 a 5 personas,25.64285105,-100.27710642,1564.0,1-2 km
11203029,DEPOSITO,Comercio al por menor de cerveza,otro,0 a 5 personas,25.64336149,-100.30297065,1619.0,1-2 km
8441546,DEPOSITO,Comercio al por menor de cerveza,otro,0 a 5 personas,25.63818367,-100.27345382,2179.0,> 2 km
9696489,DEPOSITO CERVECEROS,"Comercio al por menor en tiendas de abarrotes, ultramarinos y misceláneas",abarrotes,0 a 5 personas,25.66209032,-100.29351717,1255.0,1-2 km
3040139,DEPOSITO CHURUBUSCO,Comercio al por menor de cerveza,otro,0 a 5 personas,25.65984684,-100.28725739,966.0,500 m-1 km
3042914,DEPOSITO EL REALITO,Comercio al por menor de cerveza,otro,0 a 5 personas,25.65679373,-100.27104686,1944.0,1-2 km
8437237,DEPOSITO HOUSTON,Comercio al por menor de bebidas no alcohólicas y hielo,otro,0 a 5 personas,25.65550503,-100.305406,1658.0,1-2 km
3040044,DEPOSITO JEFE DE JEFES,Comercio al por menor de cerveza,otro,0 a 5 personas,25.63742768,-100.30359546,2100.0,> 2 km
3039541,DEPOSITO LEO,Comercio al por menor de cerveza,otro,0 a 5 personas,25.64831064,-100.30016757,1123.0,1-2 km
10699036,DEPOSITO LIMA,"Comercio al por menor en tiendas de abarrotes, ultramarinos y misceláneas",abarrotes,0 a 5 personas,25.64808927,-100.30974791,2063.0,> 2 km
3034284,DEPOSITO LOS PELONES,Comercio al por menor de cerveza,otro,0 a 5 personas,25.66034471,-100.29880959,1364.0,1-2 km
3042944,DEPOSITO LUIS,Comercio al por menor de cerveza,otro,0 a 5 personas,25.65421126,-100.27045846,1934.0,1-2 km
11062259,DEPOSITO MINIFLASH,Comercio al por menor de cerveza,otro,0 a 5 personas,25.64986721,-100.31117536,2179.0,> 2 km
8779032,DEPOSITO PARICUTIN,Comercio al por menor de bebidas no alcohólicas y hielo,otro,0 a 5 personas,25.66322364,-100.29774008,1553.0,1-2 km
10643285,DEPOSITO QUIROZ,Comercio al por menor de cerveza,otro,0 a 5 personas,25.64703659,-100.3088483,1999.0,1-2 km
3034547,DEPOSITO SIN NOMBRE,Comercio al por menor de cerveza,otro,0 a 5 personas,25.65849336,-100.30922111,2128.0,> 2 km
11753053,DEPOSITO ZAVALA,"Comercio al por menor en tiendas de abarrotes, ultramarinos y misceláneas",abarrotes,0 a 5 personas,25.64229333,-100.30638454,1972.0,1-2 km
10830616,DESARME DE MOTORES,"Comercio al por menor de partes y refacciones usadas para automóviles, camionetas y camiones",otro,0 a 5 personas,25.65495243,-100.30638976,1738.0,1-2 km
8805414,DESECHABLES DEL SUR,Comercio al por menor de artículos desechables,otro,0 a 5 personas,25.64894463,-100.30684504,1760.0,1-2 km
9639287,DEYMA PAPELERIA,Comercio al por menor de artículos de papelería,papeleria,0 a 5 personas,25.65961794,-100.27439761,1768.0,1-2 km
6368381,DIEXSA,"Comercio al por menor de partes y refacciones nuevas para automóviles, camionetas y camiones",otro,11 a 30 personas,25.66696525,-100.2938177,1784.0,1-2 km
7988633,DISTRIBELL PRODUCTOS DE BELLEZA,Comercio al por menor de artículos de perfumería y cosméticos,otro,0 a 5 personas,25.6434727,-100.27648652,1574.0,1-2 km
10923637,DISTRIBUIDORA ALYMAR,Comercio al por menor de artículos para la limpieza,otro,0 a 5 personas,25.64062468,-100.27487345,1893.0,1-2 km
8805696,DISTRIBUIDORA DE ACUMULADORES,"Comercio al por menor de partes y refacciones nuevas para automóviles, camionetas y camiones",otro,0 a 5 personas,25.6604638,-100.28405632,1146.0,1-2 km
10511959,DISTRIBUIDORA DE SOLUCIONES INDUSTRIALES ,Comercio al por menor de telas,otro,0 a 5 personas,25.6359653,-100.27806626,2064.0,> 2 km
10214025,DISTRIBUIDORA DE TELEFONIA,Comercio al por menor de teléfonos y otros aparatos de comunicación,otro,0 a 5 personas,25.65322729,-100.29327543,430.0,0-500 m
6371345,DISTRIBUIDORES Y VENDEDORES DEL CENTRO 101,Comercio al por menor de calzado,otro,0 a 5 personas,25.63619594,-100.28257993,1827.0,1-2 km
6791546,DISTRIBUIDORES Y VENDEDORES DEL CENTRO 159,Comercio al por menor de calzado,otro,0 a 5 personas,25.65249892,-100.27653107,1306.0,1-2 km
10796909,DOAMOU WEDDING RONGS,Comercio al por menor de artículos de joyería y relojes,otro,0 a 5 personas,25.65312366,-100.29365497,458.0,0-500 m
9444806,DON COLCHON GARZA SADA,Comercio al por menor de muebles para el hogar,otro,0 a 5 personas,25.63630104,-100.28264854,1814.0,1-2 km
2994677,DON LAZARO,"Comercio al por menor en tiendas de abarrotes, ultramarinos y misceláneas",abarrotes,0 a 5 personas,25.64242587,-100.30718169,2034.0,> 2 km
2994856,DR MONTFORT FARMACIA,"Comercio al por menor de productos naturistas, medicamentos homeopáticos y de complementos alimenticios",otro,0 a 5 personas,25.64188952,-100.27927822,1472.0,1-2 km
7988636,DRESS HOUSE RENTA Y DE VESTIDOS,"Comercio al por menor de disfraces, vestimenta regional y vestidos de novia",otro,0 a 5 personas,25.64285105,-100.27710642,1564.0,1-2 km
9845512,DUHA SABOR Y ARMONIA,Comercio al por menor de plantas y flores naturales,otro,0 a 5 personas,25.65019496,-100.29395031,466.0,0-500 m
3034435,DULCERIA DE CRISAL,"Comercio al por menor en tiendas de abarrotes, ultramarinos y misceláneas",abarrotes,0 a 5 personas,25.65761828,-100.30405911,1615.0,1-2 km
2990918,DULCERIA EL PILAR,Comercio al por menor de dulces y materias primas para repostería,otro,0 a 5 personas,25.65432357,-100.30857422,1939.0,1-2 km
8663320,DULCERIA REGIONAL CHAVEZ,Comercio al por menor de dulces y materias primas para repostería,otro,0 a 5 personas,25.6403352,-100.30562928,2032.0,> 2 km
3039668,DULCERIA TOMY,Comercio al por menor de dulces y materias primas para repostería,otro,0 a 5 personas,25.64285122,-100.30201085,1574.0,1-2 km
2994816,E COBIKES,Comercio al por menor de bicicletas,otro,0 a 5 personas,25.64602699,-100.29406838,753.0,500 m-1 km
6224159,ECCEL SUC CONTRY 1,Comercio al por menor de teléfonos y otros aparatos de comunicación,otro,0 a 5 personas,25.63953249,-100.28464722,1406.0,1-2 km
3034436,ECO PARTES,"Comercio al por menor de partes y refacciones nuevas para automóviles, camionetas y camiones",otro,0 a 5 personas,25.65765511,-100.30425912,1635.0,1-2 km
6879053,ECOCLIMAS REVOLUCION,Comercio al por menor de electrodomésticos menores y aparatos de línea blanca,otro,11 a 30 personas,25.6620426,-100.28271284,1365.0,1-2 km
11754378,EFFEKTEN,"Comercio al por menor de partes y refacciones nuevas para automóviles, camionetas y camiones",otro,0 a 5 personas,25.66133825,-100.28244432,1312.0,1-2 km
12313059,EGOMSA,Comercio al por menor de carnes rojas,otro,51 a 100 personas,25.66697195,-100.29118691,1740.0,1-2 km
3034576,EL AGUILA,Comercio al por menor de artículos religiosos,otro,6 a 10 personas,25.6574394,-100.30896681,2064.0,> 2 km
8844577,EL AZTECA COMPRA DE MONEDAS,Comercio al por menor de antigüedades y obras de arte,otro,0 a 5 personas,25.63619594,-100.28257993,1827.0,1-2 km
9641083,EL BUEN VIVIR,"Comercio al por menor de productos naturistas, medicamentos homeopáticos y de complementos alimenticios",otro,0 a 5 personas,25.66162098,-100.3013838,1646.0,1-2 km
2915135,EL CARDENAL,Comercio al por menor en ferreterías y tlapalerías,otro,0 a 5 personas,25.65770496,-100.30500778,1705.0,1-2 km
9660637,EL CHARRO,"Comercio al por menor en tiendas de abarrotes, ultramarinos y misceláneas",abarrotes,0 a 5 personas,25.66582951,-100.29593638,1729.0,1-2 km
3045059,EL CHINITO DE MEXICO,Comercio al por menor de plantas y flores naturales,otro,0 a 5 personas,25.63744889,-100.28653013,1580.0,1-2 km
8693304,EL COMPAYE,Comercio al por menor de frutas y verduras frescas,otro,0 a 5 personas,25.63255296,-100.29609735,2198.0,> 2 km
3040160,EL ESPEJO ARTISTICO,Comercio al por menor de vidrios y espejos,otro,0 a 5 personas,25.65272727,-100.28288651,679.0,500 m-1 km
3040325,EL LAPIZ ROJO,Comercio al por menor de artículos de papelería,papeleria,0 a 5 personas,25.6468823,-100.27787149,1269.0,1-2 km
6217360,EL PATRON VALVULAS,Comercio al por menor en ferreterías y tlapalerías,otro,6 a 10 personas,25.64482969,-100.29958603,1247.0,1-2 km
3039975,ELECTROFERRETERA Y MULTI SERVICIOS,Comercio al por menor en ferreterías y tlapalerías,otro,0 a 5 personas,25.6399261,-100.30668218,2143.0,> 2 km
3042933,ELOTES Y DURITOS LOS REYNA,Comercio al por menor de artículos de papelería,papeleria,0 a 5 personas,25.65459773,-100.27013479,1973.0,1-2 km
3040335,ELOTITOS SNAK,"Comercio al por menor en tiendas de abarrotes, ultramarinos y misceláneas",abarrotes,0 a 5 personas,25.6375128,-100.2770756,1984.0,1-2 km
3040323,EMMA NOVIAS,"Comercio al por menor de disfraces, vestimenta regional y vestidos de novia",otro,6 a 10 personas,25.64435267,-100.27463786,1683.0,1-2 km
8411405,EMPODERADA BOUTIQUE,"Comercio al por menor de ropa, excepto de bebé y lencería",otro,0 a 5 personas,25.65567014,-100.29642652,841.0,500 m-1 km
6806138,ENERMASTER,"Comercio al por menor de partes y refacciones nuevas para automóviles, camionetas y camiones",otro,0 a 5 personas,25.64111016,-100.28564506,1208.0,1-2 km
10336874,ENJOY,Comercio al por menor de regalos,otro,0 a 5 personas,25.64018145,-100.27235138,2124.0,> 2 km
2995252,ENMARKARTE,Comercio al por menor de otros artículos para la decoración de interiores,otro,0 a 5 personas,25.64184285,-100.29051142,1068.0,1-2 km
10707895,ENPORMAX,Comercio al por menor de teléfonos y otros aparatos de comunicación,otro,0 a 5 personas,25.65322729,-100.29327543,430.0,0-500 m
11775190,ENPORMAX,Comercio al por menor de teléfonos y otros aparatos de comunicación,otro,0 a 5 personas,25.65322729,-100.29327543,430.0,0-500 m
8970653,ENVUELVE REGALOS Y GLOBOS,Comercio al por menor de regalos,otro,0 a 5 personas,25.65266987,-100.27822677,1139.0,1-2 km
10877667,EPIC BIKES MONTERREY,Comercio al por menor de bicicletas,otro,0 a 5 personas,25.6571864,-100.28926978,644.0,500 m-1 km
3038521,ESPECIALIDADES NEUATICAS HIDRAULICAS DE MONTERREY,"Comercio al por menor de partes y refacciones nuevas para automóviles, camionetas y camiones",otro,0 a 5 personas,25.66721312,-100.28541873,1805.0,1-2 km
10913198,ESQUIVEL MOTORS,Comercio al por menor de automóviles y camionetas usados,otro,0 a 5 personas,25.66110118,-100.30329329,1754.0,1-2 km
10839149,ESTACIONAMIENTO,Comercio al por menor en ferreterías y tlapalerías,otro,0 a 5 personas,25.65790029,-100.30558611,1767.0,1-2 km
3038617,ESTANQUILLO BELTRAN,"Comercio al por menor en tiendas de abarrotes, ultramarinos y misceláneas",abarrotes,0 a 5 personas,25.66827698,-100.28690812,1895.0,1-2 km
9967937,ESTANQUILLO MARQUEZ,Comercio al por menor de dulces y materias primas para repostería,otro,0 a 5 personas,25.65410091,-100.271161,1863.0,1-2 km
8523946,ESTANQUILLO MELENDEZ,"Comercio al por menor en tiendas de abarrotes, ultramarinos y misceláneas",abarrotes,0 a 5 personas,25.64532433,-100.30761134,1937.0,1-2 km
2995661,ESTANQUILLO MORENO,"Comercio al por menor en tiendas de abarrotes, ultramarinos y misceláneas",abarrotes,0 a 5 personas,25.63534611,-100.28905028,1786.0,1-2 km
11283308,ESTANQUILLO SIN NOMBRE,Comercio al por menor de dulces y materias primas para repostería,otro,0 a 5 personas,25.65520383,-100.30440793,1553.0,1-2 km
9488759,ETERNUX,Farmacias sin minisúper,farmacia,6 a 10 personas,25.63299785,-100.29454156,2108.0,> 2 km
9393849,EUGENIO GARZA MONTERREY NUEVO LEON,Comercio al por menor de teléfonos y otros aparatos de comunicación,otro,0 a 5 personas,25.63953249,-100.28464722,1406.0,1-2 km
11386047,EXPENDIO DE PAÑALES,Comercio al por menor de pañales desechables,otro,0 a 5 personas,25.65652149,-100.26855282,2175.0,> 2 km
9337667,F CARNES,Comercio al por menor de carnes rojas,otro,101 a 250 personas,25.66298722,-100.28422476,1393.0,1-2 km
9465110,F CARNES,Comercio al por menor de carnes rojas,otro,11 a 30 personas,25.66222644,-100.28417562,1317.0,1-2 km
3039336,FABRICACION VIDRIO Y ALUMINIO MASTER GLASS,Comercio al por menor de vidrios y espejos,otro,6 a 10 personas,25.66421985,-100.27713583,1889.0,1-2 km
6365003,FACTORY MONTERREY LA SILLA,"Comercio al por menor de ropa, excepto de bebé y lencería",otro,0 a 5 personas,25.63619594,-100.28257993,1827.0,1-2 km
9664613,FAJAS COLOMBIANAS,Comercio al por menor de lencería,otro,0 a 5 personas,25.64046962,-100.28439258,1319.0,1-2 km
6863854,FANTASIAS MIGUEL GARZA SADA,Comercio al por menor de otros artículos para la decoración de interiores,otro,11 a 30 personas,25.63347638,-100.28129033,2156.0,> 2 km
3039969,FARMACIA BI Y CONSULTORIO MEDICO,Farmacias con minisúper,farmacia,0 a 5 personas,25.6406566,-100.30550089,2000.0,1-2 km
11449025,FARMACIA DAROX,Farmacias sin minisúper,farmacia,0 a 5 personas,25.64085292,-100.28096153,1452.0,1-2 km
2990917,FARMACIA GENERICOS,Farmacias sin minisúper,farmacia,0 a 5 personas,25.65406955,-100.30862375,1940.0,1-2 km
9202487,FARMACIA LA MILAGROSA,Farmacias sin minisúper,farmacia,0 a 5 personas,25.63473479,-100.28794059,1860.0,1-2 km
6345689,FARMACIA LA PAZ,Farmacias sin minisúper,farmacia,0 a 5 personas,25.65614691,-100.29321806,646.0,500 m-1 km
3039677,FARMACIA NAZAS,Farmacias sin minisúper,farmacia,0 a 5 personas,25.64417749,-100.29966504,1297.0,1-2 km
9895301,FARMACIA SANTA MARIA,Farmacias sin minisúper,farmacia,0 a 5 personas,25.64317507,-100.30076632,1453.0,1-2 km
6217211,FARMACIA SIMILARES,Farmacias sin minisúper,farmacia,0 a 5 personas,25.65704925,-100.30094415,1308.0,1-2 km
12328369,FARMACIA SIMILARES MONTERRREY 75 JABA,Farmacias sin minisúper,farmacia,11 a 30 personas,25.66042907,-100.28219687,1243.0,1-2 km
10368386,FARMACIA VILDAN,Farmacias sin minisúper,farmacia,0 a 5 personas,25.64793526,-100.29044376,397.0,0-500 m
6420657,FARMACIAS BENAVIDES SUC M139 TECNOLOGICO NLN,Farmacias con minisúper,farmacia,6 a 10 personas,25.65319859,-100.29370197,466.0,0-500 m
6236158,FARMACIAS BENAVIDES SUC M225 CLINICA ROMA NLN,Farmacias con minisúper,farmacia,6 a 10 personas,25.657802,-100.29515725,910.0,500 m-1 km
6421058,FARMACIAS BENAVIDES SUC M226 REVOLUCION NLN,Farmacias con minisúper,farmacia,6 a 10 personas,25.64036026,-100.27332477,2034.0,> 2 km
6235666,FARMACIAS BENAVIDES SUC M316 COUNTRY NLN,Farmacias con minisúper,farmacia,6 a 10 personas,25.64029517,-100.27293457,2069.0,> 2 km
6235679,FARMACIAS BENAVIDES SUC M323 HILARIO MARTINEZ NLN,Farmacias con minisúper,farmacia,6 a 10 personas,25.65856094,-100.30470405,1719.0,1-2 km
6235982,FARMACIAS BENAVIDES SUC M770 NARVARTE NLN,Farmacias con minisúper,farmacia,11 a 30 personas,25.65264884,-100.28278399,687.0,500 m-1 km
9239139,FARMACIAS BENAVIDES SUC N201 PLAZA COLIBRI NLN,Farmacias con minisúper,farmacia,6 a 10 personas,25.66687486,-100.28401737,1806.0,1-2 km
9239140,FARMACIAS BENAVIDES SUC N261 PLAZA G3 NLN,Farmacias con minisúper,farmacia,6 a 10 personas,25.65998024,-100.28200427,1214.0,1-2 km
9239141,FARMACIAS BENAVIDES SUC N302 GARZA SADA NLN,Farmacias con minisúper,farmacia,6 a 10 personas,25.64681812,-100.28972832,510.0,500 m-1 km
9239144,FARMACIAS BENAVIDES SUC N317 RIO PANUCO NLN,Farmacias con minisúper,farmacia,6 a 10 personas,25.6514327,-100.29911207,963.0,500 m-1 km
9239142,FARMACIAS BENAVIDES SUC N333 PLAZA LA FLORIDA NLN,Farmacias con minisúper,farmacia,6 a 10 personas,25.66232214,-100.29522848,1343.0,1-2 km
6234837,FARMACIAS BENAVIDES SUC N390 NUEVA CHAPULTEPEC NLN,Farmacias con minisúper,farmacia,6 a 10 personas,25.66684247,-100.28070441,1930.0,1-2 km
9454748,FARMACIAS BENAVIDES SUC N460 RIO AGUANAVAL NLN,Farmacias con minisúper,farmacia,6 a 10 personas,25.64427359,-100.29739813,1120.0,1-2 km
9239150,FARMACIAS BENAVIDES SUC N557 JUNCO DE LA VEGA NLN,Farmacias con minisúper,farmacia,6 a 10 personas,25.65397352,-100.29014549,293.0,0-500 m
6376029,FARMACIAS DE SIMILARES MONTERREY 12,Farmacias sin minisúper,farmacia,6 a 10 personas,25.63695725,-100.28306188,1731.0,1-2 km
11723247,FARMACIAS DE SIMILARES MONTERREY 99,Farmacias sin minisúper,farmacia,11 a 30 personas,25.66041777,-100.28219183,1242.0,1-2 km
6321677,FARMACIAS DE SIMILARES MOTERREY 54,Farmacias sin minisúper,farmacia,11 a 30 personas,25.66683796,-100.28186483,1879.0,1-2 km
6368735,FARMACIAS DEL AHORRO NLN MTAR JUNCO DE LA VEGA,Farmacias sin minisúper,farmacia,11 a 30 personas,25.64260974,-100.2776411,1539.0,1-2 km
6368742,FARMACIAS DEL AHORRO NLN MTHC CHAPULTEPEC,Farmacias sin minisúper,farmacia,11 a 30 personas,25.66624326,-100.27694456,2076.0,> 2 km
9407361,FARMACIAS DEL AHORRO NLN MTTE TECNOLOGICO,Farmacias sin minisúper,farmacia,11 a 30 personas,25.65113044,-100.29274243,326.0,0-500 m
6707006,FARMACIAS GUADALAJARA,Farmacias con minisúper,farmacia,11 a 30 personas,25.66624334,-100.27694521,2075.0,> 2 km
6782282,FARMACIAS GUADALAJARA,Farmacias con minisúper,farmacia,31 a 50 personas,25.64612448,-100.29726541,975.0,500 m-1 km
6369397,FARMACIAS GUADALAJARA,Farmacias con minisúper,farmacia,11 a 30 personas,25.6507184,-100.29327616,386.0,0-500 m
6364625,FARMACIAS GUADALAJARA,Farmacias con minisúper,farmacia,11 a 30 personas,25.64923924,-100.30677792,1748.0,1-2 km
12328303,FARMACIAS NACIONALES DEL NORTE,Farmacias sin minisúper,farmacia,0 a 5 personas,25.65267041,-100.27822434,1139.0,1-2 km
11399148,FARMACIAS SERTIZ,"Comercio al por menor de productos naturistas, medicamentos homeopáticos y de complementos alimenticios",otro,0 a 5 personas,25.66695401,-100.28161823,1901.0,1-2 km
9424198,FARMACIAS SIMILARES MONTERREY SUCURSAL 83,Farmacias sin minisúper,farmacia,0 a 5 personas,25.65024721,-100.29409296,478.0,0-500 m
9413919,FARMACIAS SIMILARES SUC MONTERREY 98,Farmacias sin minisúper,farmacia,0 a 5 personas,25.65233404,-100.28188679,770.0,500 m-1 km
3034651,FARMACIAS SIMILARES Y EQUIVALENTES,Farmacias sin minisúper,farmacia,0 a 5 personas,25.65456187,-100.30549374,1641.0,1-2 km
8297864,FERRE COOL Y HEAT,Comercio al por menor en ferreterías y tlapalerías,otro,0 a 5 personas,25.66170879,-100.30201964,1700.0,1-2 km
6856794,FERRE PRACTICO,Comercio al por menor en ferreterías y tlapalerías,otro,31 a 50 personas,25.65669562,-100.30598593,1754.0,1-2 km
11352053,FERRE TECC,Comercio al por menor en ferreterías y tlapalerías,otro,0 a 5 personas,25.64982764,-100.29738011,809.0,500 m-1 km
3039569,FERRETEC,Comercio al por menor en ferreterías y tlapalerías,otro,0 a 5 personas,25.64833293,-100.29534629,678.0,500 m-1 km
10905328,FERRETERIA 22,Comercio al por menor en ferreterías y tlapalerías,otro,0 a 5 personas,25.63999418,-100.27193428,2170.0,> 2 km
8939344,FERRETERIA ANTONIO,Comercio al por menor en ferreterías y tlapalerías,otro,0 a 5 personas,25.65443203,-100.2698356,2000.0,1-2 km
3042151,FERRETERIA BUROCRATAS,Comercio al por menor en ferreterías y tlapalerías,otro,0 a 5 personas,25.63268742,-100.29628875,2189.0,> 2 km
3038455,FERRETERIA CHAPULTEPEC DE MONTERREY,Comercio al por menor en ferreterías y tlapalerías,otro,11 a 30 personas,25.66673754,-100.27983926,1961.0,1-2 km
3039036,FERRETERIA CHUY,Comercio al por menor en ferreterías y tlapalerías,otro,0 a 5 personas,25.6603002,-100.2777434,1539.0,1-2 km
2995267,FERRETERIA EL AMIGO,Comercio al por menor en ferreterías y tlapalerías,otro,0 a 5 personas,25.63476941,-100.28351487,1944.0,1-2 km
3034638,FERRETERIA EL MARQUEZ,Comercio al por menor en ferreterías y tlapalerías,otro,0 a 5 personas,25.65152226,-100.30628253,1682.0,1-2 km
3040073,FERRETERIA ELECTRICA SYF,Comercio al por menor en ferreterías y tlapalerías,otro,0 a 5 personas,25.65711628,-100.29374483,765.0,500 m-1 km
9152808,FERRETERIA ESTADIO,Comercio al por menor en ferreterías y tlapalerías,otro,0 a 5 personas,25.65259129,-100.28416405,551.0,500 m-1 km
11740251,FERRETERIA ESTADIO,"Comercio al por menor en tiendas de abarrotes, ultramarinos y misceláneas",abarrotes,0 a 5 personas,25.65240213,-100.28428213,535.0,500 m-1 km
3039702,FERRETERIA GONGORA,Comercio al por menor en ferreterías y tlapalerías,otro,0 a 5 personas,25.64899864,-100.30683271,1758.0,1-2 km
3038426,FERRETERIA GUADALUPE,Comercio al por menor en ferreterías y tlapalerías,otro,0 a 5 personas,25.66624483,-100.27573261,2151.0,> 2 km
8297190,FERRETERIA LA PALMITA,Comercio al por menor en ferreterías y tlapalerías,otro,0 a 5 personas,25.65625947,-100.30223881,1386.0,1-2 km
11665950,FERRETERIA LA PALMITA,Comercio al por menor en ferreterías y tlapalerías,otro,0 a 5 personas,25.66721351,-100.28556884,1802.0,1-2 km
3042905,FERRETERIA LAS TORRES,Comercio al por menor en ferreterías y tlapalerías,otro,0 a 5 personas,25.6566668,-100.26856873,2178.0,> 2 km
3034505,FERRETERIA LEAL,Comercio al por menor en ferreterías y tlapalerías,otro,0 a 5 personas,25.65589661,-100.30504232,1636.0,1-2 km
2994372,FERRETERIA LOBO,Comercio al por menor en ferreterías y tlapalerías,otro,0 a 5 personas,25.65433648,-100.30554191,1641.0,1-2 km
3040093,FERRETERIA LOS PINOS,Comercio al por menor en ferreterías y tlapalerías,otro,0 a 5 personas,25.65536584,-100.29227992,522.0,500 m-1 km
2990932,FERRETERIA NAVA,Comercio al por menor en ferreterías y tlapalerías,otro,0 a 5 personas,25.65659911,-100.30899668,2038.0,> 2 km
8441033,FERRETERIA SATURNO,Comercio al por menor en ferreterías y tlapalerías,otro,0 a 5 personas,25.66200839,-100.29351205,1246.0,1-2 km
2995040,FERRETERIA SERVI-HOGAR,Comercio al por menor en ferreterías y tlapalerías,otro,0 a 5 personas,25.63296389,-100.28574781,2084.0,> 2 km
2995364,FERRETERIA SIMENTAL,Comercio al por menor en ferreterías y tlapalerías,otro,0 a 5 personas,25.64319643,-100.30061682,1440.0,1-2 km
3034050,FERRETERIA TAMAULIPAS,Comercio al por menor en ferreterías y tlapalerías,otro,0 a 5 personas,25.65867908,-100.30962522,2174.0,> 2 km
3039622,FERRETERIA VILLALOBOS,Comercio al por menor en ferreterías y tlapalerías,otro,0 a 5 personas,25.63819537,-100.29497736,1568.0,1-2 km
9470242,FERRETERIA Y CERRAJERIA NAZAS,Comercio al por menor en ferreterías y tlapalerías,otro,0 a 5 personas,25.64276715,-100.30217574,1592.0,1-2 km
2994769,FERRETERIA Y TLPALERIA LEAL,Comercio al por menor en ferreterías y tlapalerías,otro,0 a 5 personas,25.64346332,-100.299512,1336.0,1-2 km
3040255,FERRETERIAS Y PINTURAS IDEAL,Comercio al por menor en ferreterías y tlapalerías,otro,0 a 5 personas,25.65236665,-100.27959165,999.0,500 m-1 km
9831922,FLORENTINA,Comercio al por menor de plantas y flores naturales,otro,0 a 5 personas,25.63898908,-100.27512425,1995.0,1-2 km
9668495,FLORERIA,Comercio al por menor de plantas y flores naturales,otro,0 a 5 personas,25.64176187,-100.27898022,1504.0,1-2 km
3034041,FLORERIA CARLOS,Comercio al por menor de plantas y flores naturales,otro,0 a 5 personas,25.65987222,-100.30836971,2113.0,> 2 km
9944069,FLORERIA EL BAMBU,Comercio al por menor de plantas y flores naturales,otro,0 a 5 personas,25.65590317,-100.30532047,1663.0,1-2 km
8297754,FLORERIA LA VIOLETA,Comercio al por menor de plantas y flores naturales,otro,0 a 5 personas,25.64850708,-100.29733038,848.0,500 m-1 km
3045058,FLORERIA OBISPADO CONTRY,Comercio al por menor de plantas y flores naturales,otro,0 a 5 personas,25.63764008,-100.28714027,1548.0,1-2 km
7805669,FLORERIA PROFLOR DEL NORTE,Comercio al por menor de plantas y flores naturales,otro,0 a 5 personas,25.66006102,-100.2760148,1660.0,1-2 km
8279693,FLORERIA ROMERO,Comercio al por menor de plantas y flores naturales,otro,0 a 5 personas,25.66007869,-100.27616416,1649.0,1-2 km
3039620,FLORERIA VALY,Comercio al por menor de regalos,otro,0 a 5 personas,25.64058587,-100.28939012,1203.0,1-2 km
8734866,FLORES Y GLOBOS PARADISE,Comercio al por menor de plantas y flores naturales,otro,0 a 5 personas,25.64134768,-100.27357783,1949.0,1-2 km
10045025,FNE UP SMOKE SHOP,"Comercio al por menor en tiendas de abarrotes, ultramarinos y misceláneas",abarrotes,0 a 5 personas,25.64603138,-100.29246175,667.0,500 m-1 km
10729932,FOR YOU,Comercio al por menor de artículos de perfumería y cosméticos,otro,0 a 5 personas,25.65985141,-100.28716768,968.0,500 m-1 km
10385934,FORCE BOUTIQUE,"Comercio al por menor de ropa, excepto de bebé y lencería",otro,0 a 5 personas,25.64188952,-100.27927822,1472.0,1-2 km
3042236,FORRAJES Y SEMILLAS,Comercio al por menor de mascotas,otro,0 a 5 personas,25.63378817,-100.29787196,2131.0,> 2 km
3039967,FORRAJES Y SEMILLAS CHEMA,Comercio al por menor de mascotas,otro,0 a 5 personas,25.64054072,-100.30539578,1999.0,1-2 km
8437208,FOX BARNICES,Comercio al por menor de pintura,otro,0 a 5 personas,25.65831689,-100.30825325,2031.0,> 2 km
9884661,FRAICHE,Comercio al por menor de artículos de perfumería y cosméticos,otro,0 a 5 personas,25.63911981,-100.28440913,1458.0,1-2 km
10497221,FRAICHE PERFUMES UNIXES,Comercio al por menor de artículos de perfumería y cosméticos,otro,0 a 5 personas,25.64196581,-100.28617947,1101.0,1-2 km
11055967,FRUTERIA CANOFRUT,"Comercio al por menor en tiendas de abarrotes, ultramarinos y misceláneas",abarrotes,0 a 5 personas,25.63996274,-100.30637302,2116.0,> 2 km
11536171,FRUTERIA CARACOL,Comercio al por menor de frutas y verduras frescas,otro,0 a 5 personas,25.66757362,-100.29055828,1802.0,1-2 km
3034398,FRUTERIA CAVAZOS JUGOS Y LICUADOSM,Comercio al por menor de frutas y verduras frescas,otro,0 a 5 personas,25.66022849,-100.30432481,1781.0,1-2 km
3039686,FRUTERIA CHITO,Comercio al por menor de frutas y verduras frescas,otro,0 a 5 personas,25.64838232,-100.30697518,1784.0,1-2 km
8297180,FRUTERIA DEL ANGEL,Comercio al por menor de frutas y verduras frescas,otro,0 a 5 personas,25.65092522,-100.30642064,1697.0,1-2 km
3039718,FRUTERIA DON MANUEL,Comercio al por menor de frutas y verduras frescas,otro,0 a 5 personas,25.64379947,-100.30309518,1604.0,1-2 km
2991027,FRUTERIA DURANGO,Comercio al por menor de frutas y verduras frescas,otro,0 a 5 personas,25.65240048,-100.30765626,1823.0,1-2 km
8805637,FRUTERIA GARZA,Comercio al por menor de frutas y verduras frescas,otro,6 a 10 personas,25.66227887,-100.28564383,1270.0,1-2 km
9597345,FRUTERIA GONZALEZ,Comercio al por menor de frutas y verduras frescas,otro,0 a 5 personas,25.65588779,-100.27115067,1906.0,1-2 km
9823190,FRUTERIA GONZALEZ,"Comercio al por menor en tiendas de abarrotes, ultramarinos y misceláneas",abarrotes,0 a 5 personas,25.65790859,-100.27067058,2021.0,> 2 km
3034659,FRUTERIA LUPITA,Comercio al por menor de frutas y verduras frescas,otro,0 a 5 personas,25.65409482,-100.30440508,1524.0,1-2 km
3039656,FRUTERIA OLIVA,Comercio al por menor de frutas y verduras frescas,otro,0 a 5 personas,25.64340547,-100.29991386,1371.0,1-2 km
8297694,FRUTERIA SAN JUAN,Comercio al por menor de frutas y verduras frescas,otro,0 a 5 personas,25.64347982,-100.29936167,1324.0,1-2 km
8812861,FRUTERIA SIN NOMBRE,Comercio al por menor de frutas y verduras frescas,otro,0 a 5 personas,25.63435629,-100.28748697,1906.0,1-2 km
3040631,FRUTERIA TENTACIONES ORANGE,Comercio al por menor de frutas y verduras frescas,otro,0 a 5 personas,25.63994917,-100.27183404,2181.0,> 2 km
10895058,FRUTERIA VALDEZ,Comercio al por menor de frutas y verduras frescas,otro,0 a 5 personas,25.63549591,-100.28885276,1770.0,1-2 km
3039608,FRUTERIA Y JUGOS,Comercio al por menor de frutas y verduras frescas,otro,0 a 5 personas,25.64653718,-100.29451543,738.0,500 m-1 km
11104331,FULMEN,Comercio al por menor en ferreterías y tlapalerías,otro,0 a 5 personas,25.66491434,-100.29552766,1620.0,1-2 km
11057739,GABRIELA IMPERIAL JOYERIA,Comercio al por menor de bisutería y accesorios de vestir,otro,0 a 5 personas,25.65280327,-100.27600722,1361.0,1-2 km
9878787,GAFAS2GO,Comercio al por menor de lentes,otro,0 a 5 personas,25.64348112,-100.27588485,1624.0,1-2 km
3038596,GAMA REFACCIONES Y SERVICIOS,Comercio al por menor de electrodomésticos menores y aparatos de línea blanca,otro,11 a 30 personas,25.66699911,-100.2932888,1776.0,1-2 km
3038933,GAMAC,Comercio al por menor de electrodomésticos menores y aparatos de línea blanca,otro,0 a 5 personas,25.66570679,-100.29655828,1741.0,1-2 km
3038932,GAMAC ELECTRONICS DE MEXICO,Comercio al por menor de electrodomésticos menores y aparatos de línea blanca,otro,0 a 5 personas,25.66418714,-100.29705527,1611.0,1-2 km
11045312,GAMER TEC,"Comercio al por menor de mobiliario, equipo y accesorios de cómputo",otro,0 a 5 personas,25.65492081,-100.29121167,427.0,0-500 m
11005640,GANTY DECORACIONES,Comercio al por menor de blancos,otro,0 a 5 personas,25.66678618,-100.28487263,1773.0,1-2 km
6420987,GAS ECONOMICO METROPOLITANO ESTACION REVOLUCION,Comercio al por menor de gas L. P. en cilindros y para tanques estacionarios,otro,6 a 10 personas,25.67005688,-100.28434904,2138.0,> 2 km
3038939,GAS GARZA SADA,Comercio al por menor de gasolina y diesel,otro,11 a 30 personas,25.66474471,-100.29705679,1666.0,1-2 km
2937159,GASOLINERA CERRO DE LA SILLA,Comercio al por menor de gasolina y diesel,otro,6 a 10 personas,25.64435567,-100.2970287,1088.0,1-2 km
6366628,GASOLINERA CHAPULTEPEC,Comercio al por menor de gasolina y diesel,otro,6 a 10 personas,25.66662858,-100.2800709,1939.0,1-2 km
6368310,GASOLINERA STOP SISTEM GAS,Comercio al por menor de gasolina y diesel,otro,6 a 10 personas,25.65590317,-100.30532047,1663.0,1-2 km
6365781,GASOLINERIA GULF,Comercio al por menor de gasolina y diesel,otro,11 a 30 personas,25.64795914,-100.27443276,1558.0,1-2 km
6213353,GASOLINERIA JAG,Comercio al por menor de gasolina y diesel,otro,6 a 10 personas,25.6349813,-100.2818242,1981.0,1-2 km
8734865,GAURI,Comercio al por menor de artículos religiosos,otro,0 a 5 personas,25.63619594,-100.28257993,1827.0,1-2 km
10125427,GAVO MOTORS,Comercio al por menor de automóviles y camionetas nuevos,otro,0 a 5 personas,25.66740392,-100.28415359,1858.0,1-2 km
6365026,GEMA EDITORES MONTERREY,Comercio al por menor de libros,otro,0 a 5 personas,25.65080036,-100.29515159,570.0,500 m-1 km
2993806,GILDAN PLAYERA,"Comercio al por menor de ropa, excepto de bebé y lencería",otro,31 a 50 personas,25.66728226,-100.28881779,1767.0,1-2 km
9408556,GILSA,Comercio al por menor de pisos y recubrimientos cerámicos,otro,6 a 10 personas,25.64139656,-100.28650832,1152.0,1-2 km
6420815,GNC,"Comercio al por menor de productos naturistas, medicamentos homeopáticos y de complementos alimenticios",otro,0 a 5 personas,25.63911981,-100.28440913,1458.0,1-2 km
6421003,GNC,"Comercio al por menor de productos naturistas, medicamentos homeopáticos y de complementos alimenticios",otro,0 a 5 personas,25.63953249,-100.28464722,1406.0,1-2 km
9239165,GNC,"Comercio al por menor de productos naturistas, medicamentos homeopáticos y de complementos alimenticios",otro,0 a 5 personas,25.63976171,-100.28391786,1410.0,1-2 km
9239161,GNC SOR CONTRY,"Comercio al por menor de productos naturistas, medicamentos homeopáticos y de complementos alimenticios",otro,0 a 5 personas,25.63810909,-100.28378159,1585.0,1-2 km
9311851,GONHHER,"Comercio al por menor de aceites y grasas lubricantes, aditivos y similares para vehículos de motor",otro,11 a 30 personas,25.65625093,-100.27983014,1109.0,1-2 km
9601187,G-OPTICOS,Comercio al por menor de lentes,otro,0 a 5 personas,25.65241137,-100.28182879,777.0,500 m-1 km
10998328,GORILLAZ PAINT,Comercio al por menor de pintura,otro,0 a 5 personas,25.65821111,-100.27274481,1842.0,1-2 km
6876356,GOVI CHAPULTEPEC,"Comercio al por menor de partes y refacciones nuevas para automóviles, camionetas y camiones",otro,6 a 10 personas,25.66708317,-100.2893848,1744.0,1-2 km
6213214,GRAFIADY,Comercio al por menor de pintura,otro,0 a 5 personas,25.6569027,-100.30550881,1717.0,1-2 km
10990094,GRANADA PAPELERIA Y DISEÑOS,Comercio al por menor de artículos de papelería,papeleria,0 a 5 personas,25.65240698,-100.28180997,779.0,500 m-1 km
10077778,GRUPO 5,"Comercio al por menor de cristalería, loza y utensilios de cocina",otro,6 a 10 personas,25.65640562,-100.30288458,1452.0,1-2 km
3038899,GRUPO CARVIL,Comercio al por menor de artículos para la limpieza,otro,51 a 100 personas,25.66299045,-100.29452356,1384.0,1-2 km
3040417,GUTRIERREZ JOYERIA,Comercio al por menor de artículos de joyería y relojes,otro,0 a 5 personas,25.63619594,-100.28257993,1827.0,1-2 km
3040389,HEAVEN ACCESORIOS,Comercio al por menor de bisutería y accesorios de vestir,otro,0 a 5 personas,25.63619594,-100.28257993,1827.0,1-2 km
6851402,HEB SUCURSAL 2924,Comercio al por menor en supermercados,otro,101 a 250 personas,25.64228085,-100.28637442,1061.0,1-2 km
10944413,HELADOS MALIRU,Comercio al por menor de paletas de hielo y helados,otro,0 a 5 personas,25.66221174,-100.28579468,1258.0,1-2 km
6420955,HELADOS SULTANA FLORIDA,Comercio al por menor de paletas de hielo y helados,otro,0 a 5 personas,25.66227304,-100.29499624,1329.0,1-2 km
6420780,HELADOS SULTANA JOSÉ ALVARADO,Comercio al por menor de paletas de hielo y helados,otro,0 a 5 personas,25.66036399,-100.27925576,1431.0,1-2 km
9293929,HELADOS SULTANA NUEVO SUR,Comercio al por menor de paletas de hielo y helados,otro,0 a 5 personas,25.65203998,-100.27615797,1339.0,1-2 km
6421056,HELADOS SULTANA PLAZA LA SILLA,Comercio al por menor de paletas de hielo y helados,otro,0 a 5 personas,25.63630104,-100.28264854,1814.0,1-2 km
6421074,HELADOS SULTANA ROMA,Comercio al por menor de paletas de hielo y helados,otro,0 a 5 personas,25.65075854,-100.29865969,921.0,500 m-1 km
2994632,HELADOS Y SNACK HELO,Comercio al por menor de paletas de hielo y helados,otro,0 a 5 personas,25.64130444,-100.30474505,1896.0,1-2 km
8843824,HERBAL CENTER,Farmacias sin minisúper,farmacia,0 a 5 personas,25.66653274,-100.27802081,2038.0,> 2 km
11633270,HERNANDEZ VICTORIA,Comercio al por menor de artículos usados,otro,0 a 5 personas,25.65343377,-100.30617486,1687.0,1-2 km
11834258,HERZAM,Comercio al por menor de dulces y materias primas para repostería,otro,0 a 5 personas,25.6458803,-100.28910938,615.0,500 m-1 km
11492268,HIBRIDO DISTRIBUIDORA DE BELLEZA Y BARBERIA,Comercio al por menor de artículos de perfumería y cosméticos,otro,0 a 5 personas,25.66004989,-100.27096178,2092.0,> 2 km
3039341,HIDROSISTEMA MONTERREY,Comercio al por menor de artículos para albercas y otros artículos,otro,0 a 5 personas,25.66437091,-100.27588726,1985.0,1-2 km
11242907,HILOS Y ESTAMBRES DEL SUR,Comercio al por menor de artículos de mercería y bonetería,otro,0 a 5 personas,25.64752491,-100.2744508,1569.0,1-2 km
10545882,HK SUPER MARKET,"Comercio al por menor de aceites y grasas lubricantes, aditivos y similares para vehículos de motor",otro,0 a 5 personas,25.66060846,-100.29928773,1418.0,1-2 km
6369492,HOME DEPOT SUC 8703 REVOLUCION,Comercio al por menor de materiales para la construcción en tiendas de autoservicio especializadas,otro,101 a 250 personas,25.65631568,-100.27986835,1109.0,1-2 km
2994562,HONDA TEC VALLE ORIENTE,Comercio al por menor de automóviles y camionetas nuevos,otro,101 a 250 personas,25.65322729,-100.29327543,430.0,0-500 m
6714838,HYUNDAI CONTRY,Comercio al por menor de automóviles y camionetas nuevos,otro,31 a 50 personas,25.63673828,-100.28501509,1691.0,1-2 km
10343772,ICE &FRUT,Comercio al por menor de paletas de hielo y helados,otro,0 a 5 personas,25.6535996,-100.27474104,1499.0,1-2 km
8805975,IKL BOUTIQUE,"Comercio al por menor de ropa, excepto de bebé y lencería",otro,0 a 5 personas,25.64501924,-100.28814604,722.0,500 m-1 km
7872670,ILUMINACION AUTOMOTRIZ,"Comercio al por menor de partes y refacciones nuevas para automóviles, camionetas y camiones",otro,0 a 5 personas,25.6633871,-100.28425059,1433.0,1-2 km
11062366,IMPERIAL STORE,Comercio al por menor de muebles para el hogar,otro,6 a 10 personas,25.64501924,-100.28814604,722.0,500 m-1 km
3040113,IMPORT NEWS,Comercio al por menor de vidrios y espejos,otro,6 a 10 personas,25.65499268,-100.29129246,438.0,0-500 m
11744560,IMPULSO REGIO,Comercio al por menor de regalos,otro,6 a 10 personas,25.66653205,-100.28149933,1864.0,1-2 km
11306649,INCUBO,Comercio al por menor de regalos,otro,0 a 5 personas,25.65349727,-100.27516332,1456.0,1-2 km
8970595,INCUBO,Comercio al por menor de regalos,otro,0 a 5 personas,25.65340974,-100.27552452,1419.0,1-2 km
6371525,INNOVA SPORT SUC 045 INNOVASPORT PLUS CONTRY MTY,Comercio al por menor de artículos y aparatos deportivos,otro,6 a 10 personas,25.63816645,-100.2838173,1578.0,1-2 km
6848333,INNOVA SPORT SUC 293 INNVICTUS CONTRY,Comercio al por menor de artículos y aparatos deportivos,otro,6 a 10 personas,25.63668218,-100.28288944,1766.0,1-2 km
6708713,INTERCLAN WARE,"Comercio al por menor de mobiliario, equipo y accesorios de cómputo",otro,11 a 30 personas,25.66302289,-100.28308378,1444.0,1-2 km
8734912,ISLA DE ACCESORIOS PARA DAMA,Comercio al por menor de bisutería y accesorios de vestir,otro,0 a 5 personas,25.63619594,-100.28257993,1827.0,1-2 km
2995264,ISLA DE LENTES Y ACCESORIOS,Comercio al por menor de lentes,otro,0 a 5 personas,25.63619594,-100.28257993,1827.0,1-2 km
3040358,JANICE ISLA,Comercio al por menor de artículos de perfumería y cosméticos,otro,0 a 5 personas,25.63911981,-100.28440913,1458.0,1-2 km
6342605,JASMAN AUTOMOTRIZ SUCURSAL CHAPULTEPEC,"Comercio al por menor de llantas y cámaras para automóviles, camionetas y camiones",otro,6 a 10 personas,25.66712737,-100.28301135,1866.0,1-2 km
6851794,JOMAR INDUSTRIAS SUC NUEVO REPUEBLO,"Comercio al por menor de partes y refacciones nuevas para automóviles, camionetas y camiones",otro,11 a 30 personas,25.66259562,-100.29945254,1595.0,1-2 km
11003011,JOYERIA GUTIERREZ,Comercio al por menor de artículos de joyería y relojes,otro,0 a 5 personas,25.64196581,-100.28617947,1101.0,1-2 km
11511996,JUGOS Y LICUADOS,"Comercio al por menor en tiendas de abarrotes, ultramarinos y misceláneas",abarrotes,0 a 5 personas,25.66139341,-100.30495048,1906.0,1-2 km
3038879,JUGOS Y LICUADOS DON WIL,Comercio al por menor de artículos usados,otro,0 a 5 personas,25.66489033,-100.29582822,1629.0,1-2 km
11592923,KANTOCARDS,Comercio al por menor de juguetes,otro,0 a 5 personas,25.65035011,-100.29255553,328.0,0-500 m
11370380,KARI HERNANDEZ MAYOREO,Comercio al por menor de bisutería y accesorios de vestir,otro,6 a 10 personas,25.63262728,-100.29602954,2188.0,> 2 km
11559866,KAUYUMARY,Comercio al por menor de otros artículos de uso personal,otro,0 a 5 personas,25.63619594,-100.28257993,1827.0,1-2 km
9438217,KAVAK OFICINA HUB MONTERREY,Comercio al por menor de automóviles y camionetas usados,otro,31 a 50 personas,25.65277647,-100.27671521,1291.0,1-2 km
3040373,KONIKOS SOLUCIONES EN SISTEMAS,"Comercio al por menor de mobiliario, equipo y accesorios de cómputo",otro,0 a 5 personas,25.63583182,-100.28234222,1874.0,1-2 km
11327832,KRIPTON,"Comercio al por menor de cigarros, puros y tabaco",otro,0 a 5 personas,25.65342621,-100.29383828,490.0,0-500 m
11564610,KRYPTON,"Comercio al por menor de cigarros, puros y tabaco",otro,0 a 5 personas,25.64002557,-100.27286059,2093.0,> 2 km
11435310,LA CAPILLITA,Comercio al por menor de artículos religiosos,otro,0 a 5 personas,25.64126688,-100.2735545,1956.0,1-2 km
2995280,LA CASA DEL REPOSTERO,Comercio al por menor de dulces y materias primas para repostería,otro,6 a 10 personas,25.63665066,-100.28329941,1754.0,1-2 km
10372392,LA CASA DEL VINO,Comercio al por menor de vinos y licores,otro,0 a 5 personas,25.64581853,-100.28906643,622.0,500 m-1 km
3034592,LA CASITA MORADA,Comercio al por menor de artículos para la limpieza,otro,0 a 5 personas,25.65440164,-100.305654,1653.0,1-2 km
11342399,LA CASTA DEL AGAVE,Comercio al por menor de vinos y licores,otro,0 a 5 personas,25.64046962,-100.28439258,1319.0,1-2 km
9562763,LA CAVA LICOR WINE & BEER,Comercio al por menor de vinos y licores,otro,0 a 5 personas,25.64002557,-100.27286059,2093.0,> 2 km
11407031,LA COSTA BICH,Comercio al por menor de pescados y mariscos,otro,0 a 5 personas,25.65820408,-100.28395929,939.0,500 m-1 km
8411397,LA DIVINATA,Comercio al por menor de otros alimentos,otro,0 a 5 personas,25.65342621,-100.29383828,490.0,0-500 m
3040223,LA ESQUINA DEL POLLO,Comercio al por menor de carne de aves,otro,0 a 5 personas,25.65256943,-100.28247803,716.0,500 m-1 km
8735018,LA JUNGLITA DE TIMO,Comercio al por menor de mascotas,otro,11 a 30 personas,25.65169629,-100.27587011,1367.0,1-2 km
8648842,LA LENTERIA,Comercio al por menor de lentes,otro,0 a 5 personas,25.64285105,-100.27710642,1564.0,1-2 km
9577704,LA LIBRERIA,Comercio al por menor de libros,otro,0 a 5 personas,25.65001058,-100.28716555,280.0,0-500 m
9553163,LA MERA MERA,Comercio al por menor de regalos,otro,0 a 5 personas,25.6419011,-100.30405283,1801.0,1-2 km
10404352,LA MICHOACANA,Comercio al por menor de paletas de hielo y helados,otro,0 a 5 personas,25.65069792,-100.29316482,376.0,0-500 m
3040161,LA MICHOACANA,Comercio al por menor de paletas de hielo y helados,otro,0 a 5 personas,25.65251104,-100.28196798,765.0,500 m-1 km
11192250,LA MICHOACANA,Comercio al por menor de paletas de hielo y helados,otro,0 a 5 personas,25.65536058,-100.26856078,2145.0,> 2 km
7988692,LA MICHOACANITA,Comercio al por menor de paletas de hielo y helados,otro,0 a 5 personas,25.66708806,-100.28932376,1745.0,1-2 km
2994348,LA MORENA FERRETERIA,Comercio al por menor en ferreterías y tlapalerías,otro,0 a 5 personas,25.65952386,-100.2976246,1216.0,1-2 km
11776516,LA PASADA,Comercio al por menor de dulces y materias primas para repostería,otro,0 a 5 personas,25.64970851,-100.29358471,451.0,0-500 m
2994853,LA PERLA JOYERIA,Comercio al por menor de artículos de joyería y relojes,otro,0 a 5 personas,25.6434727,-100.27648652,1574.0,1-2 km
3039578,LA POSTA REVISTERIA,Comercio al por menor de revistas y periódicos,otro,0 a 5 personas,25.6509338,-100.2929963,354.0,0-500 m
11413802,LA TABERNA TEC,Comercio al por menor de cerveza,otro,6 a 10 personas,25.65312366,-100.29365497,458.0,0-500 m
10900476,LA TIENDA DE BLANCA,"Comercio al por menor en tiendas de abarrotes, ultramarinos y misceláneas",abarrotes,0 a 5 personas,25.64215864,-100.30523028,1882.0,1-2 km
2993916,LA TIENDA DE LUCAS,"Comercio al por menor en tiendas de abarrotes, ultramarinos y misceláneas",abarrotes,0 a 5 personas,25.66283256,-100.30306017,1861.0,1-2 km
10091898,LA TIENDA DE OSCARIN,Comercio al por menor en ferreterías y tlapalerías,otro,0 a 5 personas,25.66134783,-100.29946742,1491.0,1-2 km
10850467,LA TIENDA DEL ABUELO,Comercio al por menor de artículos ortopédicos,otro,0 a 5 personas,25.63583561,-100.28279417,1857.0,1-2 km
9423102,LA TIENDITA,"Comercio al por menor en tiendas de abarrotes, ultramarinos y misceláneas",abarrotes,0 a 5 personas,25.63804249,-100.30438324,2105.0,> 2 km
10771960,LA VAPERIA,"Comercio al por menor de cigarros, puros y tabaco",otro,0 a 5 personas,25.63619594,-100.28257993,1827.0,1-2 km
6368311,LAFAYETTE NOVIAS,"Comercio al por menor de disfraces, vestimenta regional y vestidos de novia",otro,0 a 5 personas,25.65656679,-100.29582119,855.0,500 m-1 km
10542071,LAMH MOTORS,Comercio al por menor de automóviles y camionetas usados,otro,0 a 5 personas,25.66356216,-100.29686589,1541.0,1-2 km
10929553,LATCH ELECTRONICA,Comercio al por menor de teléfonos y otros aparatos de comunicación,otro,0 a 5 personas,25.64793526,-100.29044376,397.0,0-500 m
9898893,LAYSHOP,"Comercio al por menor de ropa, excepto de bebé y lencería",otro,0 a 5 personas,25.65941721,-100.27390313,1800.0,1-2 km
10571319,LEAL,Comercio al por menor de artículos desechables,otro,0 a 5 personas,25.64065925,-100.28191737,1416.0,1-2 km
2995331,LEGAR TECNOLOGIA,"Comercio al por menor de mobiliario, equipo y accesorios de cómputo",otro,0 a 5 personas,25.63541666,-100.2985079,1994.0,1-2 km
11537797,LEMON GAMES,Comercio al por menor de juguetes,otro,0 a 5 personas,25.64196581,-100.28617947,1101.0,1-2 km
6809583,LEON GUZMAN,Comercio al por menor de gasolina y diesel,otro,11 a 30 personas,25.66121945,-100.29843384,1412.0,1-2 km
6217356,LIBRERIA AMIGOS DE JESUS,Comercio al por menor de artículos religiosos,otro,0 a 5 personas,25.64536675,-100.28891539,673.0,500 m-1 km
3040411,LIBRERIA BIBLICA,Comercio al por menor de artículos religiosos,otro,6 a 10 personas,25.63619594,-100.28257993,1827.0,1-2 km
2994885,LIBRERIA COSMOS,Comercio al por menor de libros,otro,6 a 10 personas,25.64084467,-100.27368976,1972.0,1-2 km
8970658,LIQUID PARADISE VAPE SHOP,"Comercio al por menor de cigarros, puros y tabaco",otro,0 a 5 personas,25.66133825,-100.28244432,1312.0,1-2 km
2994020,LLANTAS CAVAZOS,"Comercio al por menor de llantas y cámaras para automóviles, camionetas y camiones",otro,31 a 50 personas,25.66343226,-100.28425352,1438.0,1-2 km
11827298,LLANTAS CAVAZOS,"Comercio al por menor de llantas y cámaras para automóviles, camionetas y camiones",otro,6 a 10 personas,25.66850901,-100.28046747,2107.0,> 2 km
3039029,LLANTERA EL GALLITO SOLUCIONES AUTOMOTRICES,"Comercio al por menor de llantas y cámaras para automóviles, camionetas y camiones",otro,6 a 10 personas,25.66648454,-100.27880245,1991.0,1-2 km
11182326,LM MODA,"Comercio al por menor de disfraces, vestimenta regional y vestidos de novia",otro,0 a 5 personas,25.63619594,-100.28257993,1827.0,1-2 km
11773394,LOLITA TEXAS,"Comercio al por menor de ropa, excepto de bebé y lencería",otro,0 a 5 personas,25.65553785,-100.30301567,1431.0,1-2 km
8971044,LUPITA,"Comercio al por menor en tiendas de abarrotes, ultramarinos y misceláneas",abarrotes,0 a 5 personas,25.66832853,-100.28832075,1886.0,1-2 km
10429742,MAC 2 CLEAN,Comercio al por menor de artículos para la limpieza,otro,0 a 5 personas,25.65725723,-100.30208314,1419.0,1-2 km
9612021,MACROPAY CELULARES A CREDITO,Comercio al por menor de teléfonos y otros aparatos de comunicación,otro,0 a 5 personas,25.64196581,-100.28617947,1101.0,1-2 km
9469518,MACSTORE NUEVO SUR MONTERREY,"Comercio al por menor de mobiliario, equipo y accesorios de cómputo",otro,11 a 30 personas,25.65267291,-100.27664685,1296.0,1-2 km
8441492,MAEL,Comercio al por menor de artículos de joyería y relojes,otro,0 a 5 personas,25.63747421,-100.28329852,1669.0,1-2 km
8734860,MAEL JOYERIA,Comercio al por menor de artículos de joyería y relojes,otro,0 a 5 personas,25.63747421,-100.28329852,1669.0,1-2 km
6366705,MAFALDA,Comercio al por menor de otros alimentos,otro,11 a 30 personas,25.65437804,-100.29709041,830.0,500 m-1 km
10950492,MAGELLAN MTY,"Comercio al por menor de ropa, excepto de bebé y lencería",otro,0 a 5 personas,25.6601608,-100.29101547,986.0,500 m-1 km
10375035,MAGNO SOFELY SHOES,Comercio al por menor de calzado,otro,6 a 10 personas,25.6635192,-100.2965808,1523.0,1-2 km
3042208,MALENA,"Comercio al por menor en tiendas de abarrotes, ultramarinos y misceláneas",abarrotes,0 a 5 personas,25.63618886,-100.29509773,1782.0,1-2 km
9580885,MAMAS POSTRERIAS FINAS Y CAFE,Comercio al por menor de otros alimentos,otro,0 a 5 personas,25.65543808,-100.2926683,550.0,500 m-1 km
10888511,MANDUKA JOYERIA,Comercio al por menor de bisutería y accesorios de vestir,otro,0 a 5 personas,25.64002557,-100.27286059,2093.0,> 2 km
6446998,MARIO RAMOS SU JOYERO,Comercio al por menor de artículos de joyería y relojes,otro,0 a 5 personas,25.65249892,-100.27653107,1306.0,1-2 km
3040421,MARSELLA ZAPATERIA,Comercio al por menor de calzado,otro,0 a 5 personas,25.63619594,-100.28257993,1827.0,1-2 km
9419363,MAS VISION URBAN VILLAGE TEC 12199,Comercio al por menor de lentes,otro,0 a 5 personas,25.64196581,-100.28617947,1101.0,1-2 km
9398903,MAS VISION WM CHAPULTEPEC 12291,Comercio al por menor de lentes,otro,0 a 5 personas,25.66665504,-100.28030151,1931.0,1-2 km
8723643,MASCOTAS Y COMPAÑIA,Comercio al por menor de mascotas,otro,0 a 5 personas,25.64200814,-100.28620567,1095.0,1-2 km
9713688,MATERIALES ACEROS Y PERFILES MONA,Comercio al por menor en ferreterías y tlapalerías,otro,0 a 5 personas,25.65808283,-100.30468431,1694.0,1-2 km
3039956,MATERIALES EL NOGAL,Comercio al por menor en ferreterías y tlapalerías,otro,0 a 5 personas,25.64130016,-100.30453277,1879.0,1-2 km
9014336,MATSURI MOTO,Comercio al por menor de motocicletas,otro,31 a 50 personas,25.6651033,-100.2839083,1624.0,1-2 km
11634156,MAYELA MONTERREY,Comercio al por menor de bisutería y accesorios de vestir,otro,0 a 5 personas,25.64449998,-100.29299772,844.0,500 m-1 km
8524576,MENDEZ JR,Comercio al por menor de carnes rojas,otro,11 a 30 personas,25.66656666,-100.27843042,2019.0,> 2 km
2994511,MERCADO TOTAL FERRETERO,Comercio al por menor en ferreterías y tlapalerías,otro,0 a 5 personas,25.64308264,-100.27792266,1484.0,1-2 km
8779097,MERCADRO,Comercio al por menor de libros,otro,0 a 5 personas,25.65877792,-100.30268342,1555.0,1-2 km
3042908,MERCERIA,Comercio al por menor de artículos de mercería y bonetería,otro,0 a 5 personas,25.6573358,-100.27001892,2061.0,> 2 km
10713680,MERCERIA SIN NOMBRE,Comercio al por menor de artículos de mercería y bonetería,otro,0 a 5 personas,25.64619621,-100.30909889,2048.0,> 2 km
3040182,MERCERIA Y PAPELERIA,Comercio al por menor de artículos de papelería,papeleria,0 a 5 personas,25.65289282,-100.27799319,1165.0,1-2 km
9802402,MEXDECKING,"Comercio al por menor de alfombras, cortinas, tapices y similares",otro,6 a 10 personas,25.65242758,-100.28161826,798.0,500 m-1 km
10256290,MEZCAL STORE MX,Comercio al por menor de vinos y licores,otro,0 a 5 personas,25.66019455,-100.2818989,1240.0,1-2 km
9703303,MI MERCADO SEGURO,"Comercio al por menor de ropa, excepto de bebé y lencería",otro,0 a 5 personas,25.6668223,-100.28401425,1801.0,1-2 km
3034258,MI TIENDITA,"Comercio al por menor en tiendas de abarrotes, ultramarinos y misceláneas",abarrotes,0 a 5 personas,25.66342822,-100.30162812,1807.0,1-2 km
2992499,MIDEA MEXICO,Comercio al por menor de electrodomésticos menores y aparatos de línea blanca,otro,51 a 100 personas,25.65249892,-100.27653107,1306.0,1-2 km
10079928,MIEVIC,Comercio al por menor de regalos,otro,0 a 5 personas,25.65317474,-100.27595677,1372.0,1-2 km
8648853,MIK BOUTIQUE,"Comercio al por menor de ropa, excepto de bebé y lencería",otro,0 a 5 personas,25.64348112,-100.27588485,1624.0,1-2 km
3040016,MINI ABARROTES,"Comercio al por menor en tiendas de abarrotes, ultramarinos y misceláneas",abarrotes,0 a 5 personas,25.64049015,-100.30339323,1847.0,1-2 km
3038883,MINI ABARROTES RODRIGUEZ,"Comercio al por menor en tiendas de abarrotes, ultramarinos y misceláneas",abarrotes,0 a 5 personas,25.66369106,-100.29655639,1539.0,1-2 km
10451198,MINI SHOP,Comercio al por menor de regalos,otro,6 a 10 personas,25.64196581,-100.28617947,1101.0,1-2 km
3034385,MINI SUPER 8 X 2,"Comercio al por menor en tiendas de abarrotes, ultramarinos y misceláneas",abarrotes,0 a 5 personas,25.65905325,-100.30207772,1521.0,1-2 km
8441503,MINI SUPER AME,"Comercio al por menor en tiendas de abarrotes, ultramarinos y misceláneas",abarrotes,0 a 5 personas,25.66721579,-100.28664974,1782.0,1-2 km
3045049,MINI SUPER DEL SUR,"Comercio al por menor en tiendas de abarrotes, ultramarinos y misceláneas",abarrotes,0 a 5 personas,25.63596401,-100.29304324,1753.0,1-2 km
3034710,MINI SUPER GOMEZ Y TACOS,"Comercio al por menor en tiendas de abarrotes, ultramarinos y misceláneas",abarrotes,0 a 5 personas,25.65349584,-100.30170048,1245.0,1-2 km
2995749,MINI SUPER LA PALMA,"Comercio al por menor en tiendas de abarrotes, ultramarinos y misceláneas",abarrotes,0 a 5 personas,25.63415174,-100.28724183,1931.0,1-2 km
2990938,MINI SUPER LOS ANGELES,"Comercio al por menor en tiendas de abarrotes, ultramarinos y misceláneas",abarrotes,0 a 5 personas,25.6555787,-100.30796795,1909.0,1-2 km
3039350,MINI SUPER PARIS,"Comercio al por menor en tiendas de abarrotes, ultramarinos y misceláneas",abarrotes,0 a 5 personas,25.66044273,-100.2726379,1967.0,1-2 km
12311402,MINI SUPER S G,"Comercio al por menor en tiendas de abarrotes, ultramarinos y misceláneas",abarrotes,0 a 5 personas,25.66194354,-100.28502221,1255.0,1-2 km
3040089,MINI SUPER SOLIS,"Comercio al por menor en tiendas de abarrotes, ultramarinos y misceláneas",abarrotes,0 a 5 personas,25.65571161,-100.29410692,666.0,500 m-1 km
3034588,MINI SUPER TANGUMA,"Comercio al por menor en tiendas de abarrotes, ultramarinos y misceláneas",abarrotes,0 a 5 personas,25.65543406,-100.30711076,1821.0,1-2 km
10301288,MINI TARGET,"Comercio al por menor de ropa, excepto de bebé y lencería",otro,0 a 5 personas,25.65985604,-100.28707728,971.0,500 m-1 km
3040300,MINII SUPER BIBIS,"Comercio al por menor en tiendas de abarrotes, ultramarinos y misceláneas",abarrotes,0 a 5 personas,25.64915896,-100.2725992,1712.0,1-2 km
8297641,MINISUPER Y CARNES SIMA,Comercio al por menor en minisupers,minisuper_conveniencia,6 a 10 personas,25.64041074,-100.2940647,1305.0,1-2 km
3038605,MISCELANEA CONCHITA,Comercio al por menor de artículos de papelería,papeleria,0 a 5 personas,25.66772947,-100.28994506,1816.0,1-2 km
3038950,MISCELANEA DOÑA ENE,"Comercio al por menor en tiendas de abarrotes, ultramarinos y misceláneas",abarrotes,0 a 5 personas,25.66191075,-100.28618298,1215.0,1-2 km
3045046,MISCELANEA ESTRELLA,"Comercio al por menor en tiendas de abarrotes, ultramarinos y misceláneas",abarrotes,0 a 5 personas,25.63681186,-100.29072802,1627.0,1-2 km
6369018,MOBIL MORONES PRIETO,Comercio al por menor de gasolina y diesel,otro,11 a 30 personas,25.66987865,-100.28989482,2055.0,> 2 km
2994016,MODELORAMA,Comercio al por menor de cerveza,otro,0 a 5 personas,25.66218892,-100.28530453,1271.0,1-2 km
12314811,MODELORAMA,Comercio al por menor de cerveza,otro,0 a 5 personas,25.63730953,-100.28773406,1577.0,1-2 km
2994119,MODELORAMA JARDIN ESPAÑOL,Comercio al por menor de cerveza,otro,0 a 5 personas,25.66032719,-100.27864363,1473.0,1-2 km
8297576,MODELORAMA RIO NAZAS,Comercio al por menor de cerveza,otro,0 a 5 personas,25.6414675,-100.30455685,1870.0,1-2 km
2994631,MODELORAMA RIO NAZAS,"Comercio al por menor en tiendas de abarrotes, ultramarinos y misceláneas",abarrotes,0 a 5 personas,25.64152144,-100.30449415,1862.0,1-2 km
10619741,MOMO CHA,Comercio al por menor de bebidas no alcohólicas y hielo,otro,0 a 5 personas,25.64285105,-100.27710642,1564.0,1-2 km
11596884,MORA PAN,Comercio al por menor de otros alimentos,otro,0 a 5 personas,25.6334207,-100.28077411,2182.0,> 2 km
6365817,MOTORES GENERALES,Comercio al por menor de automóviles y camionetas nuevos,otro,51 a 100 personas,25.65281228,-100.29345966,427.0,0-500 m
10988985,MR.MIUSIC,Comercio al por menor de antigüedades y obras de arte,otro,0 a 5 personas,25.63619594,-100.28257993,1827.0,1-2 km
11660445,MUAMUA JEWELRY,Comercio al por menor de bisutería y accesorios de vestir,otro,0 a 5 personas,25.64196581,-100.28617947,1101.0,1-2 km
11754227,MUDHOUSE VEHICULOS TODOTERRENO,Comercio al por menor de automóviles y camionetas usados,otro,0 a 5 personas,25.63887834,-100.2726332,2190.0,> 2 km
2982931,MUEBLERIA LAURA,Comercio al por menor de muebles para el hogar,otro,0 a 5 personas,25.65647852,-100.2695965,2073.0,> 2 km
8734917,MUEBLERIA LOGAR,Comercio al por menor de muebles para el hogar,otro,0 a 5 personas,25.63619594,-100.28257993,1827.0,1-2 km
8587899,MUEBLERIA MODULAR CITY,Comercio al por menor de muebles para el hogar,otro,0 a 5 personas,25.66740392,-100.28415359,1858.0,1-2 km
3042238,MUEBLERIA VIKASA,Comercio al por menor de muebles para el hogar,otro,0 a 5 personas,25.63326119,-100.29700866,2153.0,> 2 km
3034448,MUEBLES DOS REYNAS,Comercio al por menor de muebles para el hogar,otro,0 a 5 personas,25.65777146,-100.30534733,1739.0,1-2 km
3039004,MUEBLES FINOS BERNY,Comercio al por menor de muebles para el hogar,otro,0 a 5 personas,25.66307704,-100.28310464,1448.0,1-2 km
8411144,MUEBLES LOSAR,Comercio al por menor de muebles para el hogar,otro,0 a 5 personas,25.66086912,-100.30206555,1642.0,1-2 km
2994033,MUELLES Y SUSPENCIONES,"Comercio al por menor de partes y refacciones nuevas para automóviles, camionetas y camiones",otro,0 a 5 personas,25.66413126,-100.28430455,1508.0,1-2 km
3034478,MULTILLANTAS Y SERVICIOS DE MONTERREY,"Comercio al por menor de llantas y cámaras para automóviles, camionetas y camiones",otro,6 a 10 personas,25.65704643,-100.30206685,1407.0,1-2 km
8648781,MUNDO NATURA,"Comercio al por menor de productos naturistas, medicamentos homeopáticos y de complementos alimenticios",otro,0 a 5 personas,25.63747421,-100.28329852,1669.0,1-2 km
8648907,MURAT COCINAS Y CLOSET,Comercio al por menor de muebles para el hogar,otro,0 a 5 personas,25.6434727,-100.27648652,1574.0,1-2 km
9891663,MURFI MUEBLES,Comercio al por menor de muebles para el hogar,otro,0 a 5 personas,25.64188952,-100.27927822,1472.0,1-2 km
9985743,NAIA ENERGIAS PANELES SOLARES,Comercio al por menor de artículos para albercas y otros artículos,otro,11 a 30 personas,25.64243587,-100.27403744,1843.0,1-2 km
2994297,NANCY ZUÑIGA,"Comercio al por menor en tiendas de abarrotes, ultramarinos y misceláneas",abarrotes,0 a 5 personas,25.65552692,-100.27663718,1369.0,1-2 km
8778544,NEVERIA,Comercio al por menor de paletas de hielo y helados,otro,0 a 5 personas,25.63244542,-100.28531103,2149.0,> 2 km
9870130,NEXT,"Comercio al por menor de ropa, excepto de bebé y lencería",otro,0 a 5 personas,25.64456338,-100.29586448,992.0,500 m-1 km
9565897,NICE GUY,"Comercio al por menor de cigarros, puros y tabaco",otro,0 a 5 personas,25.64285105,-100.27710642,1564.0,1-2 km
9530502,NIEVES YUDID,Comercio al por menor de paletas de hielo y helados,otro,0 a 5 personas,25.64978492,-100.31069697,2132.0,> 2 km
8775464,NINA ELEGANCE,"Comercio al por menor de ropa, excepto de bebé y lencería",otro,0 a 5 personas,25.63619594,-100.28257993,1827.0,1-2 km
9479598,NL SIX 20 HUAJUCO,Comercio al por menor de cerveza,otro,0 a 5 personas,25.65975085,-100.27184142,1999.0,1-2 km
9476882,NL SIX 20 SAINT ETIENNE,Comercio al por menor de cerveza,otro,0 a 5 personas,25.65668167,-100.26959319,2080.0,> 2 km
9486073,NL SIX 21 AS,Comercio al por menor de cerveza,otro,0 a 5 personas,25.66410144,-100.29507776,1519.0,1-2 km
9480002,NL SIX 21 GEOVALDO,Comercio al por menor de cerveza,otro,0 a 5 personas,25.6583497,-100.29969683,1281.0,1-2 km
9484409,NL SIX 21 LIA,Comercio al por menor de cerveza,otro,0 a 5 personas,25.66731936,-100.28677859,1791.0,1-2 km
9476501,NL SIX 21 PETUNIA,Comercio al por menor de cerveza,otro,0 a 5 personas,25.65573265,-100.27605654,1431.0,1-2 km
9474231,NL SIX 21 SOBREVIVIENTES,Comercio al por menor de cerveza,otro,0 a 5 personas,25.65464357,-100.27013434,1974.0,1-2 km
9482933,NL SIX 22 ABU DABI,Comercio al por menor de cerveza,otro,0 a 5 personas,25.66169332,-100.3038765,1840.0,1-2 km
9479447,NL SIX 22 ALFONSO REYES,Comercio al por menor de cerveza,otro,0 a 5 personas,25.6360838,-100.28996417,1704.0,1-2 km
9478791,NL SIX 22 DON JULIO,Comercio al por menor de cerveza,otro,0 a 5 personas,25.66641858,-100.28445451,1745.0,1-2 km
9474350,NL SIX 22 GARZA LEAL,Comercio al por menor de cerveza,otro,0 a 5 personas,25.66620578,-100.27543295,2168.0,> 2 km
9473973,NL SIX 22 MIKE,Comercio al por menor de cerveza,otro,0 a 5 personas,25.65420341,-100.30156241,1249.0,1-2 km
9479667,NL SIX 22 RONDA,Comercio al por menor de cerveza,otro,0 a 5 personas,25.65281713,-100.31062487,2123.0,> 2 km
9239061,NL SIX 4 CAMPANA,Comercio al por menor de cerveza,otro,0 a 5 personas,25.6402755,-100.29755446,1477.0,1-2 km
9239120,NL SIX 4 PIRAMIDE,Comercio al por menor de cerveza,otro,0 a 5 personas,25.65424879,-100.30155263,1249.0,1-2 km
9239119,NL SIX 4 TEPEYAC,Comercio al por menor de cerveza,otro,0 a 5 personas,25.65597855,-100.31034949,2151.0,> 2 km
9472024,NL SIX 5 BARRERA,Comercio al por menor de cerveza,otro,0 a 5 personas,25.63332078,-100.28907695,2011.0,> 2 km
9476474,NL SIX 6 HILARIO,Comercio al por menor de cerveza,otro,0 a 5 personas,25.65505831,-100.3064775,1750.0,1-2 km
9478426,NL SIX 7 ARIZPE,Comercio al por menor de cerveza,otro,0 a 5 personas,25.66595326,-100.2851025,1677.0,1-2 km
9239102,NL SIX 8 AVENDAÑO,Comercio al por menor de cerveza,otro,0 a 5 personas,25.6574702,-100.28316567,927.0,500 m-1 km
9239115,NL SIX 8 BORREGO,Comercio al por menor de cerveza,otro,0 a 5 personas,25.6523174,-100.28026514,931.0,500 m-1 km
9479229,NL SIX 8 LA BAMBA,Comercio al por menor de cerveza,otro,0 a 5 personas,25.66647955,-100.27759686,2058.0,> 2 km
9237799,NL SIX 8 NAZAS,Comercio al por menor de cerveza,otro,0 a 5 personas,25.63976018,-100.30371972,1925.0,1-2 km
9239048,NL SIX 8 PERSONITA,Comercio al por menor de cerveza,otro,0 a 5 personas,25.65437779,-100.26909517,2072.0,> 2 km
9474742,NL SIX 9 ARIES,Comercio al por menor de cerveza,otro,0 a 5 personas,25.66166448,-100.30161436,1666.0,1-2 km
9473076,NL SIX 9 MORONES,Comercio al por menor de cerveza,otro,0 a 5 personas,25.67022573,-100.28834212,2097.0,> 2 km
9239109,NL SIX BAHENA,Comercio al por menor de cerveza,otro,0 a 5 personas,25.63628703,-100.29383132,1736.0,1-2 km
9482721,NL SIX JOSE ALVARADO,Comercio al por menor de cerveza,otro,0 a 5 personas,25.65945541,-100.29231917,939.0,500 m-1 km
9238986,NL SIX REVOLUCION,Comercio al por menor de cerveza,otro,0 a 5 personas,25.63450832,-100.28766918,1887.0,1-2 km
11813155,NOGAL DULCE HOGAR,"Comercio al por menor de semillas y granos alimenticios, especias y chiles secos",otro,0 a 5 personas,25.66019455,-100.2818989,1240.0,1-2 km
11061549,NOVEDADES ARANTZA,Comercio al por menor de artículos desechables,otro,0 a 5 personas,25.66414165,-100.2835247,1538.0,1-2 km
3034509,NOVEDADES EMELY,Comercio al por menor de otros artículos para la decoración de interiores,otro,0 a 5 personas,25.65572681,-100.30408301,1539.0,1-2 km
3042214,NOVEDADES EMMA,Comercio al por menor de artículos de mercería y bonetería,otro,0 a 5 personas,25.6329495,-100.29258101,2075.0,> 2 km
9552065,NOVEDADES MATA,Comercio al por menor de artículos de perfumería y cosméticos,otro,0 a 5 personas,25.64691513,-100.30784562,1905.0,1-2 km
9620223,NOVEDADES Y PAPELERIA,Comercio al por menor de artículos de papelería,papeleria,0 a 5 personas,25.63331201,-100.29617511,2120.0,> 2 km
6712568,NUTRISA,Comercio al por menor de paletas de hielo y helados,otro,0 a 5 personas,25.65249892,-100.27653107,1306.0,1-2 km
9684539,NUVO TRONICS,"Comercio al por menor exclusivamente a través de Internet, y catálogos impresos, televisión y similares",otro,0 a 5 personas,25.64295301,-100.27578183,1665.0,1-2 km
2994247,OCCITO,"Comercio al por menor en tiendas de abarrotes, ultramarinos y misceláneas",abarrotes,0 a 5 personas,25.65302172,-100.27892258,1075.0,1-2 km
6370372,OFFICE DEPOT DE MEXICO 301 GARZA SADA,Comercio al por menor de artículos de papelería,papeleria,11 a 30 personas,25.63802714,-100.28415482,1581.0,1-2 km
6371629,OFFICE MAX 105,Comercio al por menor de artículos de papelería,papeleria,31 a 50 personas,25.64042588,-100.28522188,1293.0,1-2 km
6368842,OFICINAS ADMINISTRATIVAS,Comercio al por menor de calzado,otro,31 a 50 personas,25.66013212,-100.30653022,1964.0,1-2 km
8805687,OPERADORA COVALT,"Comercio al por menor de partes y refacciones nuevas para automóviles, camionetas y camiones",otro,0 a 5 personas,25.6653389,-100.28439511,1632.0,1-2 km
6705755,OPERADORA MERCO SUCURSAL 575 NUEVO REPUEBLO,Comercio al por menor en supermercados,otro,51 a 100 personas,25.65682208,-100.30466117,1635.0,1-2 km
2994081,OPTICA ALEX,Comercio al por menor de lentes,otro,0 a 5 personas,25.66665504,-100.28030151,1931.0,1-2 km
6213270,OPTICA EL ROSEDAL,Comercio al por menor de lentes,otro,0 a 5 personas,25.65322729,-100.29327543,430.0,0-500 m
3038973,OPTICA INDEPENDENCIA,Comercio al por menor de lentes,otro,0 a 5 personas,25.6668223,-100.28401425,1801.0,1-2 km
10099591,OPTICA MEVI,Comercio al por menor de lentes,otro,0 a 5 personas,25.63747421,-100.28329852,1669.0,1-2 km
8971024,OPTICA PARIS,Comercio al por menor de lentes,otro,0 a 5 personas,25.63619594,-100.28257993,1827.0,1-2 km
3040311,OPTICA RAZO,Comercio al por menor de lentes,otro,0 a 5 personas,25.64658859,-100.27515315,1534.0,1-2 km
6371467,OPTICAS FRANKLIN SUCURSAL 22 PLAZA LA SILLA,Comercio al por menor de lentes,otro,0 a 5 personas,25.63619594,-100.28257993,1827.0,1-2 km
3040444,OPTICAS KARREN,Comercio al por menor de lentes,otro,0 a 5 personas,25.63619594,-100.28257993,1827.0,1-2 km
12312704,OPTIMA MAYOREO,"Comercio al por menor en tiendas de abarrotes, ultramarinos y misceláneas",abarrotes,6 a 10 personas,25.66455909,-100.29705629,1648.0,1-2 km
12327103,OPTIMA MAYOREO MONTERREY,"Comercio al por menor de ropa, excepto de bebé y lencería",otro,6 a 10 personas,25.66392364,-100.29705455,1585.0,1-2 km
8970378,OUTLET LA SILLA,"Comercio al por menor de ropa, excepto de bebé y lencería",otro,0 a 5 personas,25.64767703,-100.27426855,1582.0,1-2 km
9987246,OUTLET LAREDO,Comercio al por menor de artículos usados,otro,0 a 5 personas,25.64878719,-100.27292289,1687.0,1-2 km
6372629,OXXO GAS SUC 2 DE ABRIL 55SRL,Comercio al por menor de gasolina y diesel,otro,11 a 30 personas,25.65721214,-100.30238376,1444.0,1-2 km
6234851,OXXO GAS SUC GARZA SADA MTY 55FPJ,Comercio al por menor de gasolina y diesel,otro,11 a 30 personas,25.65564787,-100.29476856,709.0,500 m-1 km
6213351,OXXO GAS SUC LUX MTD 55JEB,Comercio al por menor de gasolina y diesel,otro,11 a 30 personas,25.64047444,-100.28231778,1412.0,1-2 km
3034246,OXXO GAS SUC PARICUTIN MTY 55REU,Comercio al por menor de gasolina y diesel,otro,11 a 30 personas,25.66279028,-100.29762571,1506.0,1-2 km
6371277,OXXO GAS SUC SEMEX MTD 55LHH,Comercio al por menor de gasolina y diesel,otro,11 a 30 personas,25.66688286,-100.2810373,1919.0,1-2 km
9427446,OXXO SUC 5014A PLAZA REVOLUCION MTY,Comercio al por menor en minisupers,minisuper_conveniencia,0 a 5 personas,25.66775204,-100.2833259,1921.0,1-2 km
6850558,OXXO SUC 501DM CHIHUAHUA MTY,Comercio al por menor en minisupers,minisuper_conveniencia,0 a 5 personas,25.65731455,-100.30784223,1953.0,1-2 km
6370823,OXXO SUC 502R8 CAMPUS TEC MTY,Comercio al por menor en minisupers,minisuper_conveniencia,0 a 5 personas,25.64606861,-100.28879993,597.0,500 m-1 km
6850861,OXXO SUC 5059Y PLAZA FLORIDA MTY,Comercio al por menor en minisupers,minisuper_conveniencia,0 a 5 personas,25.66237884,-100.29549672,1361.0,1-2 km
12324647,OXXO SUC 505WM VISTA CENTRO MTY,Comercio al por menor en minisupers,minisuper_conveniencia,0 a 5 personas,25.66732616,-100.28771975,1780.0,1-2 km
6846764,OXXO SUC 5078C ECHEVERRIA MTY,Comercio al por menor en minisupers,minisuper_conveniencia,0 a 5 personas,25.65673495,-100.26905841,2133.0,> 2 km
6852028,OXXO SUC 507RU GARZA SADA 1892,Comercio al por menor en minisupers,minisuper_conveniencia,0 a 5 personas,25.64030162,-100.28561671,1294.0,1-2 km
6366352,OXXO SUC 50AHU ANCON DEL HUAJUCO MTY,Comercio al por menor en minisupers,minisuper_conveniencia,0 a 5 personas,25.66009621,-100.27509927,1737.0,1-2 km
6369283,OXXO SUC 50BLI BAJA CALIFORNIA MTY,Comercio al por menor en minisupers,minisuper_conveniencia,0 a 5 personas,25.66046589,-100.3082462,2132.0,> 2 km
6366244,OXXO SUC 50BUE BUENOS AIRES MTY,Comercio al por menor en minisupers,minisuper_conveniencia,0 a 5 personas,25.66759339,-100.2770211,2192.0,> 2 km
6365808,OXXO SUC 50EST ESTADIO MTY,Comercio al por menor en minisupers,minisuper_conveniencia,0 a 5 personas,25.65303899,-100.284042,577.0,500 m-1 km
6369596,OXXO SUC 50FDA FABREGAS II MTY,Comercio al por menor en minisupers,minisuper_conveniencia,0 a 5 personas,25.64323569,-100.30118843,1482.0,1-2 km
6850912,OXXO SUC 50FH8 PASEO TEC I MTY,Comercio al por menor en minisupers,minisuper_conveniencia,0 a 5 personas,25.65530618,-100.29287273,550.0,500 m-1 km
6366590,OXXO SUC 50FLO FLORIDA MTY,Comercio al por menor en minisupers,minisuper_conveniencia,0 a 5 personas,25.65999184,-100.29126165,972.0,500 m-1 km
9424125,OXXO SUC 50H8G CHAPULTEPEC MTY,Comercio al por menor en minisupers,minisuper_conveniencia,0 a 5 personas,25.66658068,-100.27965347,1955.0,1-2 km
9419510,OXXO SUC 50HO2 13 DE SEPTIEMBRE MTY,Comercio al por menor en minisupers,minisuper_conveniencia,0 a 5 personas,25.66857533,-100.29368381,1955.0,1-2 km
9469091,OXXO SUC 50J5P CENTRALES MTY,Comercio al por menor en minisupers,minisuper_conveniencia,0 a 5 personas,25.64606861,-100.28879993,597.0,500 m-1 km
6370728,OXXO SUC 50JKF FLOR DE LIS MTY,Comercio al por menor en minisupers,minisuper_conveniencia,0 a 5 personas,25.63936998,-100.28812657,1345.0,1-2 km
6370824,OXXO SUC 50JKG MACARIO MTY,Comercio al por menor en minisupers,minisuper_conveniencia,0 a 5 personas,25.66014915,-100.28655129,1017.0,1-2 km
6371279,OXXO SUC 50JSE JOSE ALVARADO MTY,Comercio al por menor en minisupers,minisuper_conveniencia,0 a 5 personas,25.66028677,-100.28207463,1237.0,1-2 km
6370818,OXXO SUC 50KRK CARACOL II MTY,Comercio al por menor en minisupers,minisuper_conveniencia,0 a 5 personas,25.66716549,-100.29062949,1757.0,1-2 km
6364672,OXXO SUC 50LQC CARACAS MTY,Comercio al por menor en minisupers,minisuper_conveniencia,0 a 5 personas,25.64829644,-100.2853657,539.0,500 m-1 km
6371867,OXXO SUC 50LUX LUX MTY,Comercio al por menor en minisupers,minisuper_conveniencia,0 a 5 personas,25.64041466,-100.2824473,1411.0,1-2 km
6854822,OXXO SUC 50MGB PLAZA LA SILLA II MTY,Comercio al por menor en minisupers,minisuper_conveniencia,0 a 5 personas,25.63619594,-100.28257993,1827.0,1-2 km
6365821,OXXO SUC 50MMX MINI MEXICO MTY,Comercio al por menor en minisupers,minisuper_conveniencia,0 a 5 personas,25.6468661,-100.29497306,745.0,500 m-1 km
6364940,OXXO SUC 50MPR PIRINEOS MTY,Comercio al por menor en minisupers,minisuper_conveniencia,0 a 5 personas,25.65449948,-100.2944973,608.0,500 m-1 km
6364669,OXXO SUC 50NGB ELIZONDO MTY,Comercio al por menor en minisupers,minisuper_conveniencia,0 a 5 personas,25.6443354,-100.29709594,1094.0,1-2 km
6369279,OXXO SUC 50NNI NVA INDEPENDENCIA MTY,Comercio al por menor en minisupers,minisuper_conveniencia,0 a 5 personas,25.65426178,-100.30591087,1675.0,1-2 km
6369598,OXXO SUC 50NZQ NAZAS MTY,Comercio al por menor en minisupers,minisuper_conveniencia,0 a 5 personas,25.64136144,-100.30468131,1887.0,1-2 km
6370191,OXXO SUC 50OAY ALFONSO REYES MTY,Comercio al por menor en minisupers,minisuper_conveniencia,0 a 5 personas,25.64236416,-100.27798835,1530.0,1-2 km
6371318,OXXO SUC 50OGU AGUANAVAL MTY,Comercio al por menor en minisupers,minisuper_conveniencia,0 a 5 personas,25.64802435,-100.29743325,879.0,500 m-1 km
6365170,OXXO SUC 50OMP MAS PALOMAS MTY,Comercio al por menor en minisupers,minisuper_conveniencia,0 a 5 personas,25.63448008,-100.2840732,1958.0,1-2 km
6370712,OXXO SUC 50OTC TECNOLOGICO MTY,Comercio al por menor en minisupers,minisuper_conveniencia,0 a 5 personas,25.65361127,-100.28970891,247.0,0-500 m
6851334,OXXO SUC 50PD5 AYUTLA MTY,Comercio al por menor en minisupers,minisuper_conveniencia,0 a 5 personas,25.66015479,-100.29830083,1314.0,1-2 km
6781122,OXXO SUC 50PNF PALESTINA MTY,Comercio al por menor en minisupers,minisuper_conveniencia,0 a 5 personas,25.65167078,-100.29899529,952.0,500 m-1 km
6369253,OXXO SUC 50PPL LOS PORTALES MTY,Comercio al por menor en minisupers,minisuper_conveniencia,0 a 5 personas,25.66743852,-100.28450465,1852.0,1-2 km
6365782,OXXO SUC 50PVA PRIMAVERA MTY,Comercio al por menor en minisupers,minisuper_conveniencia,0 a 5 personas,25.64895778,-100.27439554,1538.0,1-2 km
6366519,OXXO SUC 50REV REVOLUCION MTY,Comercio al por menor en minisupers,minisuper_conveniencia,0 a 5 personas,25.64543262,-100.27494184,1603.0,1-2 km
6373655,OXXO SUC 50RKZ LIBERTAD II MTY,Comercio al por menor en minisupers,minisuper_conveniencia,0 a 5 personas,25.65624648,-100.30201185,1365.0,1-2 km
6371518,OXXO SUC 50RPP RIO PANUCO MTY,Comercio al por menor en minisupers,minisuper_conveniencia,0 a 5 personas,25.64565531,-100.29296302,727.0,500 m-1 km
6371278,OXXO SUC 50SEM SEMEX MTY,Comercio al por menor en minisupers,minisuper_conveniencia,0 a 5 personas,25.66689589,-100.28114467,1916.0,1-2 km
6369316,OXXO SUC 50SSI VESSI MTY,Comercio al por menor en minisupers,minisuper_conveniencia,0 a 5 personas,25.64247212,-100.27836472,1494.0,1-2 km
6369310,OXXO SUC 50TKT TKT MTY,Comercio al por menor en minisupers,minisuper_conveniencia,0 a 5 personas,25.6417959,-100.27369799,1910.0,1-2 km
6851013,OXXO SUC 50U1A PEDRO MARTINEZ MTY,Comercio al por menor en minisupers,minisuper_conveniencia,0 a 5 personas,25.6632238,-100.29979706,1671.0,1-2 km
6791310,OXXO SUC 50VSJ MICROPOLIS MTY,Comercio al por menor en minisupers,minisuper_conveniencia,0 a 5 personas,25.63347638,-100.28129033,2156.0,> 2 km
6781158,OXXO SUC 50VYF JCL MTY,Comercio al por menor en minisupers,minisuper_conveniencia,0 a 5 personas,25.65848692,-100.28423546,948.0,500 m-1 km
6364674,OXXO SUC 50WFN ABRIL I MTY,Comercio al por menor en minisupers,minisuper_conveniencia,0 a 5 personas,25.65676301,-100.30212909,1399.0,1-2 km
6370727,OXXO SUC 50WXL LAS HADAS MTY,Comercio al por menor en minisupers,minisuper_conveniencia,0 a 5 personas,25.65235647,-100.2796375,994.0,500 m-1 km
6367663,OXXO SUC 50WZW QUIMICOS MTY,Comercio al por menor en minisupers,minisuper_conveniencia,0 a 5 personas,25.65040448,-100.29201578,275.0,0-500 m
6364939,OXXO SUC 50XGS GARZA SADA MTY,Comercio al por menor en minisupers,minisuper_conveniencia,0 a 5 personas,25.65543864,-100.29470595,688.0,500 m-1 km
6370708,OXXO SUC 50XOI HILARIO MARTINEZ MTY,Comercio al por menor en minisupers,minisuper_conveniencia,0 a 5 personas,25.66107037,-100.30401342,1809.0,1-2 km
6367666,OXXO SUC 50XRO PLAZA LA SILLA MON,Comercio al por menor en minisupers,minisuper_conveniencia,0 a 5 personas,25.63631164,-100.28265546,1813.0,1-2 km
9468209,PACALLI LA CASA DE LAS HIERBAS,"Comercio al por menor de productos naturistas, medicamentos homeopáticos y de complementos alimenticios",otro,0 a 5 personas,25.64323854,-100.30112665,1477.0,1-2 km
8524411,PAJO DESIGN,Comercio al por menor de telas,otro,0 a 5 personas,25.64188952,-100.27927822,1472.0,1-2 km
11361750,PALETAS Y GELATINAS,Comercio al por menor de paletas de hielo y helados,otro,0 a 5 personas,25.632852,-100.28577268,2096.0,> 2 km
9786870,PALETERIA ANI,Comercio al por menor de paletas de hielo y helados,otro,0 a 5 personas,25.6566668,-100.26856873,2178.0,> 2 km
8970933,PALETERIA LA MICHOACANA,Comercio al por menor de paletas de hielo y helados,otro,0 a 5 personas,25.66015053,-100.27518349,1734.0,1-2 km
8297569,PALETERIA SIN NOMBRE,Comercio al por menor de paletas de hielo y helados,otro,0 a 5 personas,25.63930396,-100.30686184,2200.0,> 2 km
8297568,PALETERIA SIN NOMBRE,Comercio al por menor de paletas de hielo y helados,otro,0 a 5 personas,25.63887392,-100.30578301,2146.0,> 2 km
8812838,PALETERIA SIN NOMBRE,Comercio al por menor de paletas de hielo y helados,otro,0 a 5 personas,25.6344476,-100.28759641,1895.0,1-2 km
10688668,PALETERIA Y NEVERIA,Comercio al por menor de paletas de hielo y helados,otro,0 a 5 personas,25.64034515,-100.3034338,1861.0,1-2 km
8411059,PALETERIA Y NEVERIA LA MICHOACANA,Comercio al por menor de paletas de hielo y helados,otro,0 a 5 personas,25.63522197,-100.28852444,1802.0,1-2 km
8734509,PALETERIA Y NEVERIA LA MICHOACANITA,Comercio al por menor de paletas de hielo y helados,otro,0 a 5 personas,25.63449131,-100.28395748,1961.0,1-2 km
8297640,PANADERIA BAKERY FINA,Comercio al por menor de otros alimentos,otro,0 a 5 personas,25.6419929,-100.30363566,1761.0,1-2 km
2993861,PANESA MONTERREY,"Comercio al por menor de llantas y cámaras para automóviles, camionetas y camiones",otro,0 a 5 personas,25.66629332,-100.27611246,2131.0,> 2 km
8297291,PAPELERIA,Comercio al por menor de artículos de papelería,papeleria,0 a 5 personas,25.65724148,-100.31002632,2158.0,> 2 km
2994026,PAPELERIA,Comercio al por menor de artículos de papelería,papeleria,0 a 5 personas,25.66366473,-100.28563477,1418.0,1-2 km
9093253,PAPELERIA,Comercio al por menor de artículos de papelería,papeleria,0 a 5 personas,25.65130614,-100.30633139,1687.0,1-2 km
10153790,PAPELERIA,Comercio al por menor de artículos de papelería,papeleria,0 a 5 personas,25.64038893,-100.301299,1702.0,1-2 km
10208726,PAPELERIA,Comercio al por menor de artículos de papelería,papeleria,0 a 5 personas,25.64105346,-100.29866573,1472.0,1-2 km
8734680,PAPELERIA,Comercio al por menor de artículos de papelería,papeleria,0 a 5 personas,25.65851539,-100.30865221,2076.0,> 2 km
2995662,PAPELERIA BRENDA,Comercio al por menor de artículos de papelería,papeleria,0 a 5 personas,25.63459912,-100.2898375,1868.0,1-2 km
9621537,PAPELERIA DIANIS,Comercio al por menor de artículos de papelería,papeleria,0 a 5 personas,25.66003915,-100.30759099,2052.0,> 2 km
3038988,PAPELERIA EL BALON,Comercio al por menor de artículos de papelería,papeleria,0 a 5 personas,25.66364803,-100.28143672,1584.0,1-2 km
3040126,PAPELERIA EL COMPAS,Comercio al por menor de artículos de papelería,papeleria,0 a 5 personas,25.65644427,-100.29008063,564.0,500 m-1 km
10419166,PAPELERIA EL PIZARRON,Comercio al por menor de artículos de papelería,papeleria,0 a 5 personas,25.64150049,-100.29762468,1369.0,1-2 km
2994254,PAPELERIA ESTADIO,Comercio al por menor de artículos de papelería,papeleria,0 a 5 personas,25.65263627,-100.28249635,715.0,500 m-1 km
10952542,PAPELERIA HILARIO,Comercio al por menor de artículos de papelería,papeleria,0 a 5 personas,25.65170348,-100.30624155,1678.0,1-2 km
8441325,PAPELERIA LA CHINITA,Comercio al por menor de artículos de papelería,papeleria,0 a 5 personas,25.66263402,-100.27634112,1817.0,1-2 km
3040299,PAPELERIA LA LIBRETA,Comercio al por menor de artículos de papelería,papeleria,0 a 5 personas,25.64892259,-100.27291056,1686.0,1-2 km
11428166,PAPELERIA LOLITA,Comercio al por menor de artículos de papelería,papeleria,0 a 5 personas,25.63548726,-100.29614444,1891.0,1-2 km
3039712,PAPELERIA LUPITA,Comercio al por menor de artículos de papelería,papeleria,0 a 5 personas,25.64640805,-100.3023544,1403.0,1-2 km
10661412,PAPELERIA MARTINEZ,"Comercio al por menor en tiendas de abarrotes, ultramarinos y misceláneas",abarrotes,0 a 5 personas,25.6582157,-100.27274956,1842.0,1-2 km
3042209,PAPELERIA MERCERIA Y ABARROTES DIANA,"Comercio al por menor en tiendas de abarrotes, ultramarinos y misceláneas",abarrotes,0 a 5 personas,25.63523418,-100.29731186,1961.0,1-2 km
3038611,PAPELERIA MERCERIA Y REGALOS,Comercio al por menor de artículos de papelería,papeleria,0 a 5 personas,25.6677494,-100.28844816,1821.0,1-2 km
8411240,PAPELERIA MEXICO,Comercio al por menor de artículos de papelería,papeleria,0 a 5 personas,25.63585991,-100.30090871,2072.0,> 2 km
10522407,PAPELERIA PLANNO,Comercio al por menor de artículos de papelería,papeleria,0 a 5 personas,25.65127965,-100.29274526,326.0,0-500 m
8778813,PAPELERIA POP,Comercio al por menor de artículos de papelería,papeleria,0 a 5 personas,25.64223725,-100.30312959,1704.0,1-2 km
3040310,PAPELERIA PRIMAVERA,Comercio al por menor de artículos de papelería,papeleria,0 a 5 personas,25.6470157,-100.27682071,1361.0,1-2 km
3039043,PAPELERIA REGALOS MARTHA,Comercio al por menor de artículos de papelería,papeleria,0 a 5 personas,25.66321154,-100.27790656,1754.0,1-2 km
3034603,PAPELERIA REGALOS Y NOVEDADES GUZMAN,Comercio al por menor de artículos de papelería,papeleria,0 a 5 personas,25.65559042,-100.30847875,1959.0,1-2 km
2994662,PAPELERIA SANCHEZ,Comercio al por menor de artículos de papelería,papeleria,0 a 5 personas,25.64623385,-100.30151628,1334.0,1-2 km
8279635,PAPELERIA SIN NOMBRE,Comercio al por menor de artículos de papelería,papeleria,0 a 5 personas,25.65652832,-100.26846607,2184.0,> 2 km
3038888,PAPELERIA SIN NOMBRE,Comercio al por menor de artículos de papelería,papeleria,0 a 5 personas,25.66390698,-100.29373157,1454.0,1-2 km
2995729,PAPELERIA SIN NOMBRE,Comercio al por menor de artículos de papelería,papeleria,0 a 5 personas,25.63540186,-100.29530955,1872.0,1-2 km
2990969,PAPELERIA Y MERCERIA,Comercio al por menor de artículos de papelería,papeleria,0 a 5 personas,25.65781791,-100.30036284,1302.0,1-2 km
8411347,PAPELERIA Y MERCERIA,Comercio al por menor de artículos de papelería,papeleria,0 a 5 personas,25.66249023,-100.30129244,1708.0,1-2 km
2990904,PAPELERIA Y MERCERIA CAMILA,Comercio al por menor de artículos de papelería,papeleria,0 a 5 personas,25.65269297,-100.31021858,2082.0,> 2 km
3045122,PAPELERIA Y MERCERIA CASTILLO,Comercio al por menor de artículos de papelería,papeleria,0 a 5 personas,25.63254905,-100.28963672,2096.0,> 2 km
3038841,PAPELERIA Y MERCERIA LORE,Comercio al por menor de artículos de papelería,papeleria,0 a 5 personas,25.66390171,-100.28995211,1391.0,1-2 km
3034664,PAPELERIA Y REGALOS,Comercio al por menor de artículos de papelería,papeleria,0 a 5 personas,25.65416947,-100.30357746,1444.0,1-2 km
3040071,PAPELERIA Y REGALOS FLORIDA,Comercio al por menor de artículos de papelería,papeleria,0 a 5 personas,25.65936155,-100.29211608,923.0,500 m-1 km
3034551,PAPELERIA YAZMIN,Comercio al por menor de artículos de papelería,papeleria,0 a 5 personas,25.65812627,-100.30883086,2077.0,> 2 km
10007925,PARADISE,"Comercio al por menor de productos naturistas, medicamentos homeopáticos y de complementos alimenticios",otro,0 a 5 personas,25.65317199,-100.27596864,1371.0,1-2 km
11597041,PARADISE,"Comercio al por menor de cigarros, puros y tabaco",otro,0 a 5 personas,25.63472503,-100.28165774,2014.0,> 2 km
11216889,PARADISE,Comercio al por menor de artículos de perfumería y cosméticos,otro,0 a 5 personas,25.66640631,-100.30342593,2175.0,> 2 km
12327332,PARK LANE TRADING MEXICO,Comercio al por menor de bisutería y accesorios de vestir,otro,0 a 5 personas,25.65249892,-100.27653107,1306.0,1-2 km
6366974,PASTELERIA LETY SUC ROMA,Comercio al por menor de otros alimentos,otro,0 a 5 personas,25.65586004,-100.2958636,808.0,500 m-1 km
2994775,PASTELERIA PANYOLI SUCURSAL GARZA SADA,Comercio al por menor de otros alimentos,otro,101 a 250 personas,25.64573388,-100.28900758,632.0,500 m-1 km
8648741,PASTELES LULU,Comercio al por menor de otros alimentos,otro,0 a 5 personas,25.66641365,-100.27707155,2083.0,> 2 km
2994229,PC CITY,"Comercio al por menor de mobiliario, equipo y accesorios de cómputo",otro,0 a 5 personas,25.65469164,-100.29095407,394.0,0-500 m
6368305,PCEL,"Comercio al por menor de mobiliario, equipo y accesorios de cómputo",otro,101 a 250 personas,25.66237369,-100.3053588,2004.0,> 2 km
8805601,PD PERCIANAS DECORATIVAS,"Comercio al por menor de alfombras, cortinas, tapices y similares",otro,0 a 5 personas,25.66019455,-100.2818989,1240.0,1-2 km
10924851,PERCIANAS Y CORTINAS ELEGAN,"Comercio al por menor de alfombras, cortinas, tapices y similares",otro,0 a 5 personas,25.64033074,-100.27263324,2091.0,> 2 km
9580519,PERFUMES EUROPEOS,Comercio al por menor de artículos de perfumería y cosméticos,otro,0 a 5 personas,25.63911981,-100.28440913,1458.0,1-2 km
11437185,PERLA S BALLOONS,Comercio al por menor de artículos de mercería y bonetería,otro,0 a 5 personas,25.64196581,-100.28617947,1101.0,1-2 km
6711379,PESCADERIA TIJERINA,Comercio al por menor de pescados y mariscos,otro,0 a 5 personas,25.65681589,-100.29905549,1131.0,1-2 km
6782628,PETRO 7 SUC 2041 GARZA SADA,Comercio al por menor de gasolina y diesel,otro,6 a 10 personas,25.65516196,-100.29452507,655.0,500 m-1 km
9478874,PETRO 7 SUC 5107 REVOLUCION,Comercio al por menor de gasolina y diesel,otro,6 a 10 personas,25.65391175,-100.27756978,1228.0,1-2 km
8411289,PINTURAS AMERICANAS,Comercio al por menor de pintura,otro,0 a 5 personas,25.64216519,-100.30363375,1750.0,1-2 km
10434167,PINTURAS COMEX,Comercio al por menor de pintura,otro,0 a 5 personas,25.65651817,-100.30517162,1671.0,1-2 km
3034557,PINTURAS COMEX,Comercio al por menor de pintura,otro,0 a 5 personas,25.65783122,-100.30585206,1788.0,1-2 km
6775487,PINTURAS COMEX,Comercio al por menor de pintura,otro,0 a 5 personas,25.65022205,-100.27462746,1497.0,1-2 km
8437204,PINTURAS OZCAR,Comercio al por menor de pintura,otro,0 a 5 personas,25.64337333,-100.29911317,1313.0,1-2 km
2930971,PLOFERSA MONTERREY,Comercio al por menor en ferreterías y tlapalerías,otro,0 a 5 personas,25.66672941,-100.2949941,1791.0,1-2 km
2930569,PLOFERSA MONTERREY,Comercio al por menor en ferreterías y tlapalerías,otro,6 a 10 personas,25.66674634,-100.29474371,1786.0,1-2 km
2930570,PLOFERSA MONTERREY,Comercio al por menor en ferreterías y tlapalerías,otro,0 a 5 personas,25.66721192,-100.2849884,1815.0,1-2 km
9419273,PLOMERIA GARCIA DE MONTERREY,Comercio al por menor en ferreterías y tlapalerías,otro,0 a 5 personas,25.64202977,-100.28621905,1093.0,1-2 km
2994762,PLOMERIA VILLANUEVA,Comercio al por menor en ferreterías y tlapalerías,otro,0 a 5 personas,25.64335973,-100.29932287,1330.0,1-2 km
8297512,PLOMERIA Y FERRETERIA RAMIREZ,Comercio al por menor en ferreterías y tlapalerías,otro,0 a 5 personas,25.6389511,-100.30629427,2180.0,> 2 km
9620562,POLLOS SANTA LUCIA,Comercio al por menor de carne de aves,otro,0 a 5 personas,25.65286228,-100.3059795,1660.0,1-2 km
10283072,PRAGERY,Comercio al por menor de paletas de hielo y helados,otro,0 a 5 personas,25.64285105,-100.27710642,1564.0,1-2 km
8775469,PRECIOSA CLUB JOYERO,Comercio al por menor de artículos de joyería y relojes,otro,0 a 5 personas,25.63619594,-100.28257993,1827.0,1-2 km
9061329,PRINSTORE,Comercio al por menor de artículos de papelería,papeleria,0 a 5 personas,25.66081375,-100.30827253,2153.0,> 2 km
10023319,PROAIR,Comercio al por menor de electrodomésticos menores y aparatos de línea blanca,otro,0 a 5 personas,25.66279403,-100.29700926,1474.0,1-2 km
9459756,PROBELL,Comercio al por menor de artículos de perfumería y cosméticos,otro,0 a 5 personas,25.63812001,-100.28421245,1569.0,1-2 km
9434248,PRODELTA SUMINISTROS PARA TAPICERIA,"Comercio al por menor de alfombras, cortinas, tapices y similares",otro,0 a 5 personas,25.64285507,-100.3020033,1573.0,1-2 km
11473780,PRODUCTOS CONSUMIBLE DEL NORTE,"Comercio al por menor de partes y refacciones nuevas para automóviles, camionetas y camiones",otro,6 a 10 personas,25.65703431,-100.28398646,835.0,500 m-1 km
9780882,PRODUCTOS DE LIMPIEZA,Comercio al por menor de artículos para la limpieza,otro,0 a 5 personas,25.65560388,-100.30855967,1967.0,1-2 km
11527943,PRODUCTOS DE LIMPIEZA SEÑORA CARMEN,Comercio al por menor de artículos para la limpieza,otro,0 a 5 personas,25.65308004,-100.31006369,2070.0,> 2 km
8734555,PRODUCTOS DE LIMPIEZA TORITO ROGER,Comercio al por menor de artículos para la limpieza,otro,0 a 5 personas,25.63308512,-100.29635496,2149.0,> 2 km
11752418,PRODUCTOS PENSILVANIA CEDIS NORESTE,Comercio al por menor en ferreterías y tlapalerías,otro,11 a 30 personas,25.6585006,-100.28157265,1120.0,1-2 km
9239189,PRODYNAMICS SUCURSAL REVOLUCION,"Comercio al por menor de llantas y cámaras para automóviles, camionetas y camiones",otro,11 a 30 personas,25.66259145,-100.28291762,1409.0,1-2 km
10314805,PROFUCOM DE MEXICO,"Comercio al por menor de mobiliario, equipo y accesorios de cómputo",otro,11 a 30 personas,25.66121756,-100.28410077,1218.0,1-2 km
3039543,PROOVEEDORA DE TEXTOS,Comercio al por menor de libros,otro,0 a 5 personas,25.64750129,-100.29552238,743.0,500 m-1 km
3034499,PROSIMEX,Comercio al por menor de artículos de papelería,papeleria,0 a 5 personas,25.65673307,-100.30464161,1629.0,1-2 km
9495507,PROTESIS PROVIDEM,Comercio al por menor de artículos ortopédicos,otro,11 a 30 personas,25.66376996,-100.29705413,1570.0,1-2 km
9975385,PROYECTA BC,Comercio al por menor de electrodomésticos menores y aparatos de línea blanca,otro,6 a 10 personas,25.66439892,-100.29651954,1608.0,1-2 km
3040062,PUBLICACIONES MAC,Comercio al por menor de revistas y periódicos,otro,0 a 5 personas,25.66164755,-100.29705294,1368.0,1-2 km
8411132,PUESTO DE REVISTA,Comercio al por menor de revistas y periódicos,otro,0 a 5 personas,25.65054528,-100.3063748,1694.0,1-2 km
9503736,PUNTO Y COMA ESPACIO CULTURAL,Comercio al por menor de libros,otro,0 a 5 personas,25.66550287,-100.29708429,1743.0,1-2 km
9014304,Q7,"Comercio al por menor de ropa, excepto de bebé y lencería",otro,0 a 5 personas,25.64348112,-100.27588485,1624.0,1-2 km
9014239,QUEEN VICTORIA,Comercio al por menor de calzado,otro,0 a 5 personas,25.64285105,-100.27710642,1564.0,1-2 km
9559669,QUESOS AGUA FRIA,"Comercio al por menor de leche, otros productos lácteos y embutidos",otro,0 a 5 personas,25.66221453,-100.2858546,1257.0,1-2 km
6368400,QUITAKILOS,"Comercio al por menor de productos naturistas, medicamentos homeopáticos y de complementos alimenticios",otro,31 a 50 personas,25.64983406,-100.29257497,354.0,0-500 m
9046851,QVN CLEAN GRILL,Comercio al por menor de artículos para la limpieza,otro,0 a 5 personas,25.6671089,-100.28906387,1747.0,1-2 km
6371335,RADIO SHACK DE MEXICO 1405 SORIANA CONTRY,Comercio al por menor de teléfonos y otros aparatos de comunicación,otro,0 a 5 personas,25.63820121,-100.28383895,1574.0,1-2 km
11092461,RANCHHO GRANDE,"Comercio al por menor de ropa, excepto de bebé y lencería",otro,0 a 5 personas,25.63619594,-100.28257993,1827.0,1-2 km
8587901,RATTE,Comercio al por menor de artículos y aparatos deportivos,otro,0 a 5 personas,25.66517722,-100.27628406,2025.0,> 2 km
3040112,RC IZQUIERDO,"Comercio al por menor de mobiliario, equipo y accesorios de cómputo",otro,6 a 10 personas,25.65488488,-100.29117128,422.0,0-500 m
8805251,REAL AUTOS Y CAMINETAS VIP,Comercio al por menor de automóviles y camionetas nuevos,otro,0 a 5 personas,25.65710273,-100.29406414,782.0,500 m-1 km
3039320,RECTIFICACIONES MIKE,"Comercio al por menor de partes y refacciones usadas para automóviles, camionetas y camiones",otro,0 a 5 personas,25.66627672,-100.27721244,2062.0,> 2 km
3038600,REFACCIONARIA AUTOHOME,"Comercio al por menor de partes y refacciones nuevas para automóviles, camionetas y camiones",otro,11 a 30 personas,25.66708057,-100.29201619,1762.0,1-2 km
7988770,REFACCIONARIA AUTOHOME,"Comercio al por menor de partes y refacciones nuevas para automóviles, camionetas y camiones",otro,6 a 10 personas,25.66139017,-100.30493109,1904.0,1-2 km
3040172,REFACCIONARIA CANTU,"Comercio al por menor de partes y refacciones nuevas para automóviles, camionetas y camiones",otro,0 a 5 personas,25.65293499,-100.27779221,1186.0,1-2 km
3038429,REFACCIONARIA CRUZ,"Comercio al por menor de partes y refacciones nuevas para automóviles, camionetas y camiones",otro,0 a 5 personas,25.66638728,-100.27686128,2093.0,> 2 km
6364567,REFACCIONARIA MODERNA,"Comercio al por menor de partes y refacciones nuevas para automóviles, camionetas y camiones",otro,0 a 5 personas,25.66710262,-100.29167173,1760.0,1-2 km
11128143,REFACCIONARIA MODESTO,"Comercio al por menor de llantas y cámaras para automóviles, camionetas y camiones",otro,6 a 10 personas,25.66535989,-100.27812811,1926.0,1-2 km
3038557,REFACCIONARIA REGIOMONTANA,"Comercio al por menor de partes y refacciones nuevas para automóviles, camionetas y camiones",otro,0 a 5 personas,25.6670201,-100.29039578,1739.0,1-2 km
6369189,REFACCIONARIA ROGELIO CHAPULTEPEC,"Comercio al por menor de partes y refacciones nuevas para automóviles, camionetas y camiones",otro,6 a 10 personas,25.66694428,-100.28319075,1840.0,1-2 km
6370391,REFACCIONARIA ROGELIO NUEVO PUEBLO,"Comercio al por menor de partes y refacciones nuevas para automóviles, camionetas y camiones",otro,6 a 10 personas,25.66123004,-100.29885266,1440.0,1-2 km
9239183,REFACCIONARIA ROSCO,"Comercio al por menor de partes y refacciones nuevas para automóviles, camionetas y camiones",otro,6 a 10 personas,25.66772125,-100.28541412,1860.0,1-2 km
8297581,REFACCIONES GARCIA,"Comercio al por menor de partes y refacciones nuevas para automóviles, camionetas y camiones",otro,0 a 5 personas,25.64282529,-100.3020617,1579.0,1-2 km
8812446,REFACCIONES SEPULVEDA,Comercio al por menor de electrodomésticos menores y aparatos de línea blanca,otro,0 a 5 personas,25.63470335,-100.28362002,1948.0,1-2 km
6859260,REFLEX REVOLUCION,Comercio al por menor de gasolina y diesel,otro,0 a 5 personas,25.65406842,-100.27769201,1220.0,1-2 km
8441426,REGALIKA TIENDA DE REGALOS,Comercio al por menor de regalos,otro,0 a 5 personas,25.64011741,-100.27254373,2113.0,> 2 km
10069860,REGALITOS PA TI,Comercio al por menor de regalos,otro,0 a 5 personas,25.66030763,-100.27805349,1516.0,1-2 km
8441389,REGALOS Y JUGUETES,Comercio al por menor de juguetes,otro,0 a 5 personas,25.66762682,-100.29312072,1840.0,1-2 km
8441385,REGALOS Y NOVEDADES SANDRA,Comercio al por menor de artículos de papelería,papeleria,0 a 5 personas,25.66780274,-100.29169643,1837.0,1-2 km
10891443,REGIO PLAST,Comercio al por menor en ferreterías y tlapalerías,otro,0 a 5 personas,25.63338775,-100.29718909,2146.0,> 2 km
3039388,REGIOCERAMICA,Comercio al por menor de pisos y recubrimientos cerámicos,otro,0 a 5 personas,25.65892487,-100.2731087,1844.0,1-2 km
3038926,REGIOFER,Comercio al por menor en ferreterías y tlapalerías,otro,0 a 5 personas,25.6619409,-100.28728636,1193.0,1-2 km
9849374,REMATE DE TENIS CHAPULTEPEC,Comercio al por menor de artículos y aparatos deportivos,otro,0 a 5 personas,25.66695401,-100.28161823,1901.0,1-2 km
11444737,REMOLQUES Y ACEROS,Comercio al por menor de artículos y aparatos deportivos,otro,0 a 5 personas,25.6458052,-100.29295908,712.0,500 m-1 km
11124551,RENATTA COSMETICOS,Comercio al por menor de artículos de perfumería y cosméticos,otro,6 a 10 personas,25.64196581,-100.28617947,1101.0,1-2 km
6873980,RENT ACENTER SUC 8589 PLAZA CHAPULTEPEC,Comercio al por menor de muebles para el hogar,otro,11 a 30 personas,25.66697374,-100.28177869,1897.0,1-2 km
10676936,RENTA Y VENTA DE VESTIDOS MTY,"Comercio al por menor de disfraces, vestimenta regional y vestidos de novia",otro,0 a 5 personas,25.6527344,-100.28291705,676.0,500 m-1 km
10052135,REPARACION DE CELULARES,Comercio al por menor de teléfonos y otros aparatos de comunicación,otro,0 a 5 personas,25.66021244,-100.28423002,1113.0,1-2 km
8970544,RESIN TOCUMBO,Comercio al por menor de paletas de hielo y helados,otro,0 a 5 personas,25.64993817,-100.28674241,321.0,0-500 m
6217388,REYNA DE LA PAZ ARTICULOS RELIGIOSOS,Comercio al por menor de artículos religiosos,otro,0 a 5 personas,25.65833798,-100.28145157,1116.0,1-2 km
2995188,RICOS DESECHABLES Y DULCERIA,Comercio al por menor de dulces y materias primas para repostería,otro,0 a 5 personas,25.63643781,-100.28316747,1781.0,1-2 km
10909918,ROCA DECORATIVA,Comercio al por menor de otros artículos para la decoración de interiores,otro,0 a 5 personas,25.66143271,-100.30038656,1561.0,1-2 km
8411352,RODAL,Comercio al por menor de artículos para albercas y otros artículos,otro,0 a 5 personas,25.66365277,-100.30059308,1759.0,1-2 km
12314305,ROLL CAKE,Comercio al por menor de otros alimentos,otro,0 a 5 personas,25.64877539,-100.27649535,1336.0,1-2 km
9534986,ROLLING FIX,Comercio al por menor de teléfonos y otros aparatos de comunicación,otro,0 a 5 personas,25.65081683,-100.29314729,371.0,0-500 m
11796148,ROMA CLEAN EL MAGO DE LA LIMPIEZA,Comercio al por menor de artículos para la limpieza,otro,0 a 5 personas,25.65899399,-100.30628292,1882.0,1-2 km
8441605,ROSA MARIA BAZAR,Comercio al por menor de artículos usados,otro,0 a 5 personas,25.65764417,-100.27001615,2073.0,> 2 km
3038440,ROSALES CENTRO VIDRIERO,Comercio al por menor de vidrios y espejos,otro,0 a 5 personas,25.66817434,-100.28236552,1998.0,1-2 km
2995247,ROSALES CRISTAL Y ALUMINIO,Comercio al por menor de vidrios y espejos,otro,0 a 5 personas,25.63696087,-100.29339925,1652.0,1-2 km
11789848,ROSEDAL OPTICAS,Comercio al por menor de lentes,otro,0 a 5 personas,25.65437125,-100.2939932,559.0,500 m-1 km
6217245,ROSET,Comercio al por menor de artículos y aparatos deportivos,otro,0 a 5 personas,25.65322248,-100.30050343,1121.0,1-2 km
10646104,ROSY,"Comercio al por menor en tiendas de abarrotes, ultramarinos y misceláneas",abarrotes,0 a 5 personas,25.66605017,-100.29218003,1651.0,1-2 km
6365749,ROTO CRISTALES SUCURSAL GARZA SADA,"Comercio al por menor de partes y refacciones nuevas para automóviles, camionetas y camiones",otro,11 a 30 personas,25.6555829,-100.29517283,735.0,500 m-1 km
7889054,ROVI REPARACION JOYAS,Comercio al por menor de artículos de joyería y relojes,otro,0 a 5 personas,25.64045859,-100.28357892,1354.0,1-2 km
9772037,RUNAUTO,Comercio al por menor de automóviles y camionetas usados,otro,6 a 10 personas,25.65908442,-100.29603851,1077.0,1-2 km
8550465,SACKYS JOYERIA,Comercio al por menor de artículos de joyería y relojes,otro,0 a 5 personas,25.63619594,-100.28257993,1827.0,1-2 km
3039971,SAGA FERRETERA,Comercio al por menor en ferreterías y tlapalerías,otro,0 a 5 personas,25.64038164,-100.30581775,2044.0,> 2 km
9675016,SAGARZA,Comercio al por menor de artículos desechables,otro,6 a 10 personas,25.65922087,-100.30344472,1646.0,1-2 km
6501230,SAHARIS,Comercio al por menor de instrumentos musicales,otro,6 a 10 personas,25.64289212,-100.27645501,1614.0,1-2 km
6371886,SALLY BEAUTY SUPPLY SUCURSAL 8101 GUERRERO,Comercio al por menor de artículos de perfumería y cosméticos,otro,0 a 5 personas,25.65916486,-100.30356266,1653.0,1-2 km
6371893,SALLY BEAUTY SUPPLY SUCURSAL 8115 COUNTRY,Comercio al por menor de artículos de perfumería y cosméticos,otro,0 a 5 personas,25.63911981,-100.28440913,1458.0,1-2 km
6707024,SALLY BEAUTY SUPPLY SUCURSAL 8302 NUEVO SUR,Comercio al por menor de artículos de perfumería y cosméticos,otro,0 a 5 personas,25.65249892,-100.27653107,1306.0,1-2 km
6852576,SALLY BEAUTY SUPPLY SUCURSAL 8372 URBAN VILLAGE GARZA SADA,Comercio al por menor de artículos de perfumería y cosméticos,otro,0 a 5 personas,25.64196581,-100.28617947,1101.0,1-2 km
8970817,SALMA,"Comercio al por menor en tiendas de abarrotes, ultramarinos y misceláneas",abarrotes,0 a 5 personas,25.66509831,-100.294124,1592.0,1-2 km
9503781,SALYERI,"Comercio al por menor de mobiliario, equipo y accesorios de cómputo",otro,11 a 30 personas,25.66050905,-100.29930977,1412.0,1-2 km
6369985,SANBORNS MONTERREY NUEVO SUR,Comercio al por menor en tiendas departamentales,otro,51 a 100 personas,25.65249892,-100.27653107,1306.0,1-2 km
2995018,SANCK SIN NOMBRE,"Comercio al por menor en tiendas de abarrotes, ultramarinos y misceláneas",abarrotes,0 a 5 personas,25.64131075,-100.27195767,2086.0,> 2 km
11147720,SEA YOU SUN,"Comercio al por menor de ropa, excepto de bebé y lencería",otro,0 a 5 personas,25.64501924,-100.28814604,722.0,500 m-1 km
11243004,SEMENTAL BOOTS,"Comercio al por menor de ropa, excepto de bebé y lencería",otro,0 a 5 personas,25.64156158,-100.29572271,1259.0,1-2 km
10681518,SEMILLAS Y CEREALES,"Comercio al por menor de semillas y granos alimenticios, especias y chiles secos",otro,0 a 5 personas,25.65717751,-100.30219411,1425.0,1-2 km
6879550,SERVICIO AYUTLA,Comercio al por menor de gasolina y diesel,otro,6 a 10 personas,25.66075711,-100.3009005,1545.0,1-2 km
3040036,SERVICIOS AUDITIVOS,Comercio al por menor de artículos ortopédicos,otro,0 a 5 personas,25.64336425,-100.29925325,1324.0,1-2 km
11586741,SERVICIOS DEL HOGAR DE HOY,Comercio al por menor de artículos para albercas y otros artículos,otro,0 a 5 personas,25.66180745,-100.30237339,1733.0,1-2 km
8642240,SERVICIOS MADO,Comercio al por menor de artículos para la limpieza,otro,0 a 5 personas,25.66647504,-100.27756094,2060.0,> 2 km
12333506,SHARIS,Comercio al por menor de discos y casetes,otro,0 a 5 personas,25.64287461,-100.27645577,1615.0,1-2 km
11629956,SIMASFARMACIA,Farmacias con minisúper,farmacia,0 a 5 personas,25.66708806,-100.28932376,1745.0,1-2 km
6224033,SISTEMA INTEGRAL AR,"Comercio al por menor de partes y refacciones nuevas para automóviles, camionetas y camiones",otro,0 a 5 personas,25.65188379,-100.30607309,1662.0,1-2 km
10600579,SIX,Comercio al por menor de cerveza,otro,6 a 10 personas,25.66596706,-100.28541507,1671.0,1-2 km
3039331,SIX 22 GARZA LEAL,Comercio al por menor de cerveza,otro,0 a 5 personas,25.66602128,-100.27521514,2166.0,> 2 km
8297137,SIX 22 RONDA,"Comercio al por menor en tiendas de abarrotes, ultramarinos y misceláneas",abarrotes,0 a 5 personas,25.65266541,-100.3105783,2117.0,> 2 km
10584885,SIX INSURGENTES,Comercio al por menor de cerveza,otro,0 a 5 personas,25.63309995,-100.28897676,2036.0,> 2 km
10775877,SIX MIKE 22,Comercio al por menor de cerveza,otro,0 a 5 personas,25.65420811,-100.30367505,1455.0,1-2 km
8778659,SIX REVOLUCION,Comercio al por menor de cerveza,otro,0 a 5 personas,25.63534268,-100.28869064,1787.0,1-2 km
11243067,SLPOPEBED,Comercio al por menor de muebles para el hogar,otro,0 a 5 personas,25.64002557,-100.27286059,2093.0,> 2 km
6370479,SMART CONTRY,Comercio al por menor en supermercados,otro,101 a 250 personas,25.63733453,-100.28372338,1668.0,1-2 km
8649189,SMOKE PARADISE,"Comercio al por menor de cigarros, puros y tabaco",otro,0 a 5 personas,25.64807544,-100.28484671,595.0,500 m-1 km
9851480,SNACK,Comercio al por menor de paletas de hielo y helados,otro,0 a 5 personas,25.63920491,-100.27699001,1847.0,1-2 km
2990911,SNACK BAJA,"Comercio al por menor en tiendas de abarrotes, ultramarinos y misceláneas",abarrotes,0 a 5 personas,25.65885139,-100.30868794,2094.0,> 2 km
3039000,SNACK MAYRA,"Comercio al por menor en tiendas de abarrotes, ultramarinos y misceláneas",abarrotes,0 a 5 personas,25.66284747,-100.28107481,1528.0,1-2 km
9698926,SOA FARMACIAS,Farmacias sin minisúper,farmacia,0 a 5 personas,25.65837512,-100.29774795,1134.0,1-2 km
2994018,SOGA,Comercio al por menor de artículos para la limpieza,otro,11 a 30 personas,25.66291245,-100.28668612,1311.0,1-2 km
3040313,SOLGAR,Comercio al por menor de equipo y material fotográfico,otro,11 a 30 personas,25.64598135,-100.27508634,1565.0,1-2 km
9296319,SOLO PUERTAS Y MAS,Comercio al por menor de otros artículos de uso personal,otro,0 a 5 personas,25.65852548,-100.30458424,1707.0,1-2 km
6366248,SORIANA HIPER CONTRY SUCURSAL 0007,Comercio al por menor en supermercados,otro,101 a 250 personas,25.63873072,-100.28416871,1507.0,1-2 km
6366520,SORIANA HIPER GARZA SADA SUCURSAL 0343,Comercio al por menor en supermercados,otro,51 a 100 personas,25.66085921,-100.29703245,1295.0,1-2 km
10729969,SOY PARRILLERO.MX,Comercio al por menor de electrodomésticos menores y aparatos de línea blanca,otro,0 a 5 personas,25.63953249,-100.28464722,1406.0,1-2 km
11761853,SPAZZIO,Comercio al por menor de muebles para el hogar,otro,11 a 30 personas,25.65620144,-100.30176481,1340.0,1-2 km
11285228,SPORTS 1 NUTRITION,Comercio al por menor de artículos y aparatos deportivos,otro,0 a 5 personas,25.64002557,-100.27286059,2093.0,> 2 km
9713089,STORE MAGGY,Comercio al por menor de artículos de perfumería y cosméticos,otro,0 a 5 personas,25.64196581,-100.28617947,1101.0,1-2 km
11790955,SUAL CAPITAL,"Comercio al por menor de semillas y granos alimenticios, especias y chiles secos",otro,0 a 5 personas,25.64411701,-100.27457719,1701.0,1-2 km
10260595,SUBLICENTRO MONTERREY,"Comercio al por menor de ropa, excepto de bebé y lencería",otro,6 a 10 personas,25.66705177,-100.28987499,1741.0,1-2 km
6725240,SUNGLASS HUT,Comercio al por menor de lentes,otro,0 a 5 personas,25.65203998,-100.27615797,1339.0,1-2 km
3039561,SUPER 6227,"Comercio al por menor en tiendas de abarrotes, ultramarinos y misceláneas",abarrotes,0 a 5 personas,25.6410895,-100.29506456,1275.0,1-2 km
3034596,SUPER ABARROTES CHELA,"Comercio al por menor en tiendas de abarrotes, ultramarinos y misceláneas",abarrotes,0 a 5 personas,25.65521556,-100.30633037,1740.0,1-2 km
3040275,SUPER BOULEVARD,"Comercio al por menor en tiendas de abarrotes, ultramarinos y misceláneas",abarrotes,0 a 5 personas,25.64899336,-100.28013795,976.0,500 m-1 km
3039021,SUPER CANTU,"Comercio al por menor en tiendas de abarrotes, ultramarinos y misceláneas",abarrotes,0 a 5 personas,25.66250718,-100.27931683,1602.0,1-2 km
2994510,SUPER CARNES CONTRY,Comercio al por menor en minisupers,minisuper_conveniencia,6 a 10 personas,25.64500808,-100.27884804,1283.0,1-2 km
11126317,SUPER CARNES RODRIGUEZ,Comercio al por menor de carnes rojas,otro,0 a 5 personas,25.64930568,-100.31108011,2176.0,> 2 km
3039653,SUPER CARNES VAZQUEZ,Comercio al por menor de carnes rojas,otro,0 a 5 personas,25.64442418,-100.30193021,1468.0,1-2 km
6371259,SUPER COLCHONES SUCURSAL CHAPULTEPEC,Comercio al por menor de muebles para el hogar,otro,0 a 5 personas,25.66692055,-100.28300197,1845.0,1-2 km
6366257,SUPER COLCHONES SUCURSAL CONTRY,Comercio al por menor de muebles para el hogar,otro,0 a 5 personas,25.63750831,-100.2833894,1662.0,1-2 km
6370544,SUPER COLCHONES SUCURSAL REVOLUCION,Comercio al por menor de muebles para el hogar,otro,0 a 5 personas,25.64230217,-100.27349979,1896.0,1-2 km
3034804,SUPER DON MANUEL,"Comercio al por menor en tiendas de abarrotes, ultramarinos y misceláneas",abarrotes,0 a 5 personas,25.65678849,-100.3101194,2152.0,> 2 km
2995772,SUPER ESTRADA,"Comercio al por menor en tiendas de abarrotes, ultramarinos y misceláneas",abarrotes,0 a 5 personas,25.63371275,-100.29097952,1972.0,1-2 km
3040284,SUPER GARZA,"Comercio al por menor en tiendas de abarrotes, ultramarinos y misceláneas",abarrotes,0 a 5 personas,25.64878719,-100.27292289,1687.0,1-2 km
3039352,SUPER GEMINIS,"Comercio al por menor en tiendas de abarrotes, ultramarinos y misceláneas",abarrotes,0 a 5 personas,25.6603138,-100.27261171,1962.0,1-2 km
11587606,SUPER GLUTEN FREE,"Comercio al por menor de productos naturistas, medicamentos homeopáticos y de complementos alimenticios",otro,0 a 5 personas,25.64143014,-100.28025595,1445.0,1-2 km
2994046,SUPER JULIO,"Comercio al por menor en tiendas de abarrotes, ultramarinos y misceláneas",abarrotes,0 a 5 personas,25.66646394,-100.28952658,1675.0,1-2 km
3040268,SUPER KAVATEK---A,"Comercio al por menor en tiendas de abarrotes, ultramarinos y misceláneas",abarrotes,0 a 5 personas,25.64730654,-100.28422667,698.0,500 m-1 km
11484972,SUPER R,"Comercio al por menor en tiendas de abarrotes, ultramarinos y misceláneas",abarrotes,6 a 10 personas,25.66734219,-100.28701868,1790.0,1-2 km
3034580,SUPER RODRIGUEZ,"Comercio al por menor en tiendas de abarrotes, ultramarinos y misceláneas",abarrotes,0 a 5 personas,25.65657826,-100.30913957,2051.0,> 2 km
3034338,SUPER SPLUS,"Comercio al por menor en tiendas de abarrotes, ultramarinos y misceláneas",abarrotes,0 a 5 personas,25.66050745,-100.30012786,1470.0,1-2 km
2995043,SUPER Y CARNES ROJAS,Comercio al por menor en minisupers,minisuper_conveniencia,6 a 10 personas,25.6328686,-100.28563044,2097.0,> 2 km
6724159,SUPERAMA NUEVO SUR 2574,Comercio al por menor en supermercados,otro,51 a 100 personas,25.6523066,-100.27637621,1319.0,1-2 km
8279452,SUPERCARNES MAJAVI,Comercio al por menor de carnes rojas,otro,0 a 5 personas,25.66022554,-100.2706673,2128.0,> 2 km
6370596,SUPERCENTER CHAPULTEPEC 4137,Comercio al por menor en supermercados,otro,101 a 250 personas,25.66658092,-100.27965559,1955.0,1-2 km
6876355,SUSPENSIONES GR CHAPULTEPEC,"Comercio al por menor de partes y refacciones nuevas para automóviles, camionetas y camiones",otro,11 a 30 personas,25.66713759,-100.288706,1752.0,1-2 km
9469110,T076 LUMEN GARZA SADA,Comercio al por menor de artículos de papelería,papeleria,6 a 10 personas,25.63619594,-100.28257993,1827.0,1-2 km
8635029,TALLER DE ALUMINIO Y VIDRIO,Comercio al por menor de vidrios y espejos,otro,0 a 5 personas,25.64156655,-100.30309018,1747.0,1-2 km
8411065,TALLER DE ALUMINIO Y VIDRIO EL RIVERA,Comercio al por menor de vidrios y espejos,otro,0 a 5 personas,25.63543062,-100.28877452,1777.0,1-2 km
10725535,TALLER DE RELOJERIA,Comercio al por menor de artículos de joyería y relojes,otro,0 a 5 personas,25.66171297,-100.28633879,1190.0,1-2 km
8778711,TALLER DE VENTANAS DE ALUMINIO Y VIDRIO,Comercio al por menor de vidrios y espejos,otro,0 a 5 personas,25.63372448,-100.29514476,2045.0,> 2 km
8437206,TALLER EL ARABE,"Comercio al por menor de partes y refacciones nuevas para automóviles, camionetas y camiones",otro,11 a 30 personas,25.66614528,-100.29837474,1865.0,1-2 km
10132748,TANER GALA Y NOVIAS,"Comercio al por menor de ropa, excepto de bebé y lencería",otro,0 a 5 personas,25.65727772,-100.29626478,942.0,500 m-1 km
11338281,TEC VIVERO,Comercio al por menor de plantas y flores naturales,otro,0 a 5 personas,25.65282696,-100.28328373,643.0,500 m-1 km
2995741,TECATE SIX,Comercio al por menor de cerveza,otro,0 a 5 personas,25.63542545,-100.29329835,1817.0,1-2 km
2994383,TECATE SIX,Comercio al por menor de cerveza,otro,0 a 5 personas,25.65242144,-100.30294209,1352.0,1-2 km
3042180,TECATE SIX CERVECERIA CUEUTEMOC MOTEZUMA,Comercio al por menor de cerveza,otro,0 a 5 personas,25.6325531,-100.29599653,2195.0,> 2 km
9369461,TECATE SIX HUAJUCO,Comercio al por menor de cerveza,otro,0 a 5 personas,25.65965349,-100.27169354,2007.0,> 2 km
8970657,TECKIE TECHNOLOGY EXPERTS,Comercio al por menor de teléfonos y otros aparatos de comunicación,otro,0 a 5 personas,25.64955551,-100.287763,269.0,0-500 m
9463498,TELAS EXCLUSIVAS,Comercio al por menor de telas,otro,0 a 5 personas,25.64232178,-100.27386321,1864.0,1-2 km
6722991,TELAS PARISINA 1920 GARZA SADA UV,Comercio al por menor de telas,otro,11 a 30 personas,25.64196581,-100.28617947,1101.0,1-2 km
6215971,TELCEL ISLA,Comercio al por menor de teléfonos y otros aparatos de comunicación,otro,0 a 5 personas,25.63619594,-100.28257993,1827.0,1-2 km
10075532,TENDENCE DECORACION DE INTERIORES,"Comercio al por menor de alfombras, cortinas, tapices y similares",otro,0 a 5 personas,25.65240698,-100.28180997,779.0,500 m-1 km
10470322,TES TECNOLOGIA EN SISTEMAS,"Comercio al por menor de mobiliario, equipo y accesorios de cómputo",otro,0 a 5 personas,25.66494948,-100.29706906,1687.0,1-2 km
10635003,TEXAS OUTLET & BAZAR,Comercio al por menor de artículos usados,otro,0 a 5 personas,25.65742482,-100.30300094,1510.0,1-2 km
8805546,TGM COMERCIAL,"Comercio al por menor de aceites y grasas lubricantes, aditivos y similares para vehículos de motor",otro,6 a 10 personas,25.65813391,-100.27829067,1350.0,1-2 km
8778882,THE GOODIES STORE,Comercio al por menor de bisutería y accesorios de vestir,otro,0 a 5 personas,25.65029029,-100.2926183,336.0,0-500 m
3040201,TIA ANI,"Comercio al por menor en tiendas de abarrotes, ultramarinos y misceláneas",abarrotes,0 a 5 personas,25.64660956,-100.28760508,566.0,500 m-1 km
8970767,TICO TOYS,Comercio al por menor de juguetes,otro,0 a 5 personas,25.65977184,-100.28907017,932.0,500 m-1 km
10651222,TIENDA,"Comercio al por menor en tiendas de abarrotes, ultramarinos y misceláneas",abarrotes,0 a 5 personas,25.64168901,-100.30082186,1567.0,1-2 km
3039685,TIENDA ABARROTES SIN NOMBRE,"Comercio al por menor en tiendas de abarrotes, ultramarinos y misceláneas",abarrotes,0 a 5 personas,25.64825345,-100.30630659,1721.0,1-2 km
9446948,TIENDA DE ABARROTES,"Comercio al por menor en tiendas de abarrotes, ultramarinos y misceláneas",abarrotes,0 a 5 personas,25.64329046,-100.29992547,1380.0,1-2 km
7805667,TIENDA DE ABARROTES,"Comercio al por menor en tiendas de abarrotes, ultramarinos y misceláneas",abarrotes,0 a 5 personas,25.65783254,-100.27386306,1723.0,1-2 km
8734611,TIENDA DE ABARROTES,"Comercio al por menor en tiendas de abarrotes, ultramarinos y misceláneas",abarrotes,0 a 5 personas,25.64580525,-100.31032293,2178.0,> 2 km
7813065,TIENDA DE ABARROTES,"Comercio al por menor en tiendas de abarrotes, ultramarinos y misceláneas",abarrotes,0 a 5 personas,25.66112704,-100.28496392,1173.0,1-2 km
3042146,TIENDA DE ABARROTES,"Comercio al por menor en tiendas de abarrotes, ultramarinos y misceláneas",abarrotes,0 a 5 personas,25.63285128,-100.29538517,2145.0,> 2 km
11097648,TIENDA DE ABARROTES,"Comercio al por menor en tiendas de abarrotes, ultramarinos y misceláneas",abarrotes,0 a 5 personas,25.66422835,-100.27828714,1816.0,1-2 km
10943099,TIENDA DE ABARROTES,"Comercio al por menor en tiendas de abarrotes, ultramarinos y misceláneas",abarrotes,0 a 5 personas,25.63431258,-100.29029013,1902.0,1-2 km
8441140,TIENDA DE ABARROTES,"Comercio al por menor en tiendas de abarrotes, ultramarinos y misceláneas",abarrotes,0 a 5 personas,25.66156411,-100.2901864,1132.0,1-2 km
3039746,TIENDA DE ABARROTES,"Comercio al por menor en tiendas de abarrotes, ultramarinos y misceláneas",abarrotes,0 a 5 personas,25.6445504,-100.30844957,2046.0,> 2 km
3040046,TIENDA DE ABARROTES,"Comercio al por menor en tiendas de abarrotes, ultramarinos y misceláneas",abarrotes,0 a 5 personas,25.63613255,-100.30237212,2132.0,> 2 km
3039955,TIENDA DE ABARROTES BLANCA,"Comercio al por menor en tiendas de abarrotes, ultramarinos y misceláneas",abarrotes,0 a 5 personas,25.64171384,-100.30359034,1776.0,1-2 km
3045096,TIENDA DE ABARROTES CATALINA,"Comercio al por menor en tiendas de abarrotes, ultramarinos y misceláneas",abarrotes,0 a 5 personas,25.6345316,-100.28895439,1876.0,1-2 km
3040021,TIENDA DE ABARROTES DON CELE,"Comercio al por menor en tiendas de abarrotes, ultramarinos y misceláneas",abarrotes,0 a 5 personas,25.63758596,-100.30339472,2074.0,> 2 km
8038977,TIENDA DE ABARROTES EUNICE,"Comercio al por menor en tiendas de abarrotes, ultramarinos y misceláneas",abarrotes,0 a 5 personas,25.6563172,-100.27146762,1888.0,1-2 km
6217319,TIENDA DE ABARROTES KARINA,"Comercio al por menor en tiendas de abarrotes, ultramarinos y misceláneas",abarrotes,0 a 5 personas,25.66448911,-100.29554445,1577.0,1-2 km
3042110,TIENDA DE ABARROTES LA PASADITA,"Comercio al por menor en tiendas de abarrotes, ultramarinos y misceláneas",abarrotes,0 a 5 personas,25.63386668,-100.29571332,2047.0,> 2 km
8441199,TIENDA DE ABARROTES PRIMEL,"Comercio al por menor en tiendas de abarrotes, ultramarinos y misceláneas",abarrotes,0 a 5 personas,25.66570653,-100.27859193,1930.0,1-2 km
3040011,TIENDA DE ABARROTES SIN NOMBRE,"Comercio al por menor en tiendas de abarrotes, ultramarinos y misceláneas",abarrotes,0 a 5 personas,25.63999171,-100.30466486,1980.0,1-2 km
3034413,TIENDA DE ABARROTES SIN NOMBRE,"Comercio al por menor en tiendas de abarrotes, ultramarinos y misceláneas",abarrotes,0 a 5 personas,25.65791691,-100.30090334,1353.0,1-2 km
8038978,TIENDA DE ABARROTES TERE,"Comercio al por menor en tiendas de abarrotes, ultramarinos y misceláneas",abarrotes,0 a 5 personas,25.6566065,-100.27142849,1902.0,1-2 km
2995436,TIENDA DE DON ARNULFO,"Comercio al por menor en tiendas de abarrotes, ultramarinos y misceláneas",abarrotes,0 a 5 personas,25.64082607,-100.30057003,1617.0,1-2 km
3039951,TIENDA DE DON BLAS,"Comercio al por menor en tiendas de abarrotes, ultramarinos y misceláneas",abarrotes,0 a 5 personas,25.64230394,-100.30299146,1689.0,1-2 km
11171082,TIENDA DE PRODUCTOS ORGANICOS,"Comercio al por menor de productos naturistas, medicamentos homeopáticos y de complementos alimenticios",otro,0 a 5 personas,25.63619594,-100.28257993,1827.0,1-2 km
8297292,TIENDA DE REGALOS,Comercio al por menor de regalos,otro,0 a 5 personas,25.65690536,-100.31010273,2154.0,> 2 km
11486915,TIENDA DE ROPA SIN NOMBRE,"Comercio al por menor de ropa, excepto de bebé y lencería",otro,0 a 5 personas,25.66174458,-100.29226566,1183.0,1-2 km
9679685,TIENDA DON CHUY,"Comercio al por menor en tiendas de abarrotes, ultramarinos y misceláneas",abarrotes,0 a 5 personas,25.65092603,-100.31140274,2196.0,> 2 km
2995330,TIENDA DOÑA FLOR,"Comercio al por menor en tiendas de abarrotes, ultramarinos y misceláneas",abarrotes,0 a 5 personas,25.63959401,-100.30110923,1754.0,1-2 km
9894321,TIENDA MEDICA HEALTH CARE,Comercio al por menor de artículos ortopédicos,otro,0 a 5 personas,25.64285222,-100.277103,1564.0,1-2 km
11481671,TIENDA NATURISTA,"Comercio al por menor de productos naturistas, medicamentos homeopáticos y de complementos alimenticios",otro,0 a 5 personas,25.63770197,-100.28702911,1543.0,1-2 km
3034341,TIENDA PAPELERIA,Comercio al por menor de artículos de papelería,papeleria,0 a 5 personas,25.66011157,-100.29939911,1387.0,1-2 km
3038953,TIENDA SAMUEL,"Comercio al por menor en tiendas de abarrotes, ultramarinos y misceláneas",abarrotes,0 a 5 personas,25.66225972,-100.28682488,1237.0,1-2 km
9454111,TIENDAS DE LIMPIEZA KEY,Comercio al por menor de artículos para la limpieza,otro,0 a 5 personas,25.63812001,-100.28421245,1569.0,1-2 km
11724658,TIENDIA DE REGALOS,Comercio al por menor de artículos de papelería,papeleria,0 a 5 personas,25.6424951,-100.30072913,1499.0,1-2 km
11490291,TIENDITA,Comercio al por menor de frutas y verduras frescas,otro,0 a 5 personas,25.65528021,-100.31088444,2186.0,> 2 km
9852588,TIENDITA,"Comercio al por menor en tiendas de abarrotes, ultramarinos y misceláneas",abarrotes,0 a 5 personas,25.64521807,-100.30785641,1964.0,1-2 km
8441721,TIENDITA,Comercio al por menor de otros alimentos,otro,0 a 5 personas,25.65492622,-100.27585572,1423.0,1-2 km
10792879,TIENDITA,"Comercio al por menor en tiendas de abarrotes, ultramarinos y misceláneas",abarrotes,0 a 5 personas,25.64596435,-100.30479984,1648.0,1-2 km
8411574,TIERRA ORGANICA,"Comercio al por menor en tiendas de abarrotes, ultramarinos y misceláneas",abarrotes,0 a 5 personas,25.65625172,-100.29687154,915.0,500 m-1 km
11683068,TINKI TINKI,Comercio al por menor de artículos de joyería y relojes,otro,0 a 5 personas,25.65322729,-100.29327543,430.0,0-500 m
9478592,TKT SIX CARACOL,Comercio al por menor de cerveza,otro,0 a 5 personas,25.66474508,-100.29705679,1666.0,1-2 km
9483643,TKT SIX CHIAPAS,Comercio al por menor de cerveza,otro,0 a 5 personas,25.65217712,-100.30299537,1355.0,1-2 km
9474089,TKT SIX ROMA,Comercio al por menor de cerveza,otro,0 a 5 personas,25.6442004,-100.29775996,1152.0,1-2 km
9239099,TKT SIX SONORA,Comercio al por menor de cerveza,otro,0 a 5 personas,25.66357086,-100.30164925,1821.0,1-2 km
9484158,TKT SIX ZAMORA,Comercio al por menor de cerveza,otro,0 a 5 personas,25.65355625,-100.27685997,1289.0,1-2 km
9931809,TOBALA,Comercio al por menor de calzado,otro,0 a 5 personas,25.64188952,-100.27927822,1472.0,1-2 km
6371716,TODO GAS SUC. MORONES 1,Comercio al por menor de gas L. P. en cilindros y para tanques estacionarios,otro,11 a 30 personas,25.66225509,-100.30563419,2018.0,> 2 km
10101487,TODO LIMPIEZA,Comercio al por menor de artículos para la limpieza,otro,0 a 5 personas,25.66022057,-100.28588982,1045.0,1-2 km
9413983,TODO MODA TM LA SILLA MTY,Comercio al por menor de bisutería y accesorios de vestir,otro,0 a 5 personas,25.63619594,-100.28257993,1827.0,1-2 km
3034429,TODO PARA TSURU,"Comercio al por menor de partes y refacciones nuevas para automóviles, camionetas y camiones",otro,0 a 5 personas,25.65856206,-100.30457596,1708.0,1-2 km
10877838,TODO SUBLIMABLE,"Comercio al por menor de ropa, excepto de bebé y lencería",otro,0 a 5 personas,25.66693354,-100.29181797,1743.0,1-2 km
6269690,TONY SUC MTY CHAPULTEPEC,Comercio al por menor de artículos de papelería,papeleria,31 a 50 personas,25.66704134,-100.28232665,1882.0,1-2 km
12295881,TORRES INDUSTRIAL SOLUTION,Comercio al por menor de materiales para la construcción en tiendas de autoservicio especializadas,otro,0 a 5 personas,25.66685514,-100.28207048,1873.0,1-2 km
10838058,TOSCANA GOURMET,Comercio al por menor de otros alimentos,otro,0 a 5 personas,25.64285105,-100.27710642,1564.0,1-2 km
12313798,TOSTADORA DE CAFE,"Comercio al por menor de semillas y granos alimenticios, especias y chiles secos",otro,0 a 5 personas,25.65909288,-100.28394588,1021.0,1-2 km
9420846,TOTAL CAKE,Comercio al por menor de dulces y materias primas para repostería,otro,0 a 5 personas,25.64319891,-100.30132648,1496.0,1-2 km
12273746,TOTAL MOTOS MTY,Comercio al por menor de motocicletas,otro,0 a 5 personas,25.65463514,-100.30547808,1641.0,1-2 km
12295106,TOTAL TOOLING,Comercio al por menor en ferreterías y tlapalerías,otro,0 a 5 personas,25.66775635,-100.2823207,1956.0,1-2 km
6845752,TOUS MONTERREY COUNTRY,Comercio al por menor de artículos de joyería y relojes,otro,0 a 5 personas,25.64188952,-100.27927822,1472.0,1-2 km
6809325,TOYO FOODS MTY COUNTRY,Comercio al por menor en minisupers,minisuper_conveniencia,0 a 5 personas,25.63590812,-100.28283912,1847.0,1-2 km
6725226,TRAMONTINA DE MEXICO,"Comercio al por menor de cristalería, loza y utensilios de cocina",otro,6 a 10 personas,25.64285222,-100.277103,1564.0,1-2 km
11657328,TRAZZO,Comercio al por menor de artículos de papelería,papeleria,0 a 5 personas,25.66592127,-100.29427375,1684.0,1-2 km
8970759,TREBA LIMPIEZA,Comercio al por menor de artículos para la limpieza,otro,6 a 10 personas,25.66671824,-100.29514399,1795.0,1-2 km
3034462,TRENDY CHIOP,"Comercio al por menor de ropa, excepto de bebé y lencería",otro,0 a 5 personas,25.65590317,-100.30532047,1663.0,1-2 km
2994411,TROFEOS M.X,Comercio al por menor de artículos y aparatos deportivos,otro,31 a 50 personas,25.65566472,-100.29384707,644.0,500 m-1 km
9394208,TSK CHAPULTEPEC,Comercio al por menor de carnes rojas,otro,0 a 5 personas,25.66708984,-100.28930158,1745.0,1-2 km
6226360,TU MARCO GALERIA,Comercio al por menor de otros artículos para la decoración de interiores,otro,0 a 5 personas,25.63747421,-100.28329852,1669.0,1-2 km
10381839,TURBO,"Comercio al por menor de partes y refacciones nuevas para automóviles, camionetas y camiones",otro,0 a 5 personas,25.66665504,-100.28030151,1931.0,1-2 km
12326489,UNIFORMES DE TAMPICO MONTERREY5,"Comercio al por menor de ropa, excepto de bebé y lencería",otro,0 a 5 personas,25.65064227,-100.29215789,279.0,0-500 m
3034554,UNIFORMES Y ARTICULOS DEPORTIVOS DEPORTIVOS,Comercio al por menor de artículos y aparatos deportivos,otro,0 a 5 personas,25.65797348,-100.30643574,1848.0,1-2 km
3038560,UNION CARACOL,Comercio al por menor de cerveza,otro,0 a 5 personas,25.66618863,-100.29041709,1647.0,1-2 km
12326253,UNITAM,"Comercio al por menor de ropa, excepto de bebé y lencería",otro,0 a 5 personas,25.65094954,-100.29233428,288.0,0-500 m
3039554,URBANA BOUTIQUE,"Comercio al por menor de ropa, excepto de bebé y lencería",otro,0 a 5 personas,25.64456338,-100.29586448,992.0,500 m-1 km
10621325,URBANITY,"Comercio al por menor de ropa, excepto de bebé y lencería",otro,0 a 5 personas,25.65976232,-100.27497501,1727.0,1-2 km
9357537,VALENTINAS GIFT SHOP,Comercio al por menor de artículos de papelería,papeleria,0 a 5 personas,25.63449131,-100.28395748,1961.0,1-2 km
3040450,VALERIE BOUTIQUE MEXICO MAGICO,"Comercio al por menor de ropa, excepto de bebé y lencería",otro,0 a 5 personas,25.63619594,-100.28257993,1827.0,1-2 km
12296222,VALORES AUTOMOTORES,Comercio al por menor de automóviles y camionetas usados,otro,251 y más personas,25.63454625,-100.28198094,2020.0,> 2 km
9760050,VASO MANIA,"Comercio al por menor de cristalería, loza y utensilios de cocina",otro,0 a 5 personas,25.6676592,-100.27708904,2195.0,> 2 km
11392042,VELOQUIO BOUTIQUE,"Comercio al por menor de ropa, excepto de bebé y lencería",otro,0 a 5 personas,25.64143014,-100.28025595,1445.0,1-2 km
9814730,VEN POR MASFUNDAS Y PROTECTORES,Comercio al por menor de teléfonos y otros aparatos de comunicación,otro,0 a 5 personas,25.64196581,-100.28617947,1101.0,1-2 km
10134977,VENTA DE ABARROTES,"Comercio al por menor en tiendas de abarrotes, ultramarinos y misceláneas",abarrotes,0 a 5 personas,25.64532121,-100.30705264,1885.0,1-2 km
8778771,VENTA DE ACEITE,"Comercio al por menor de aceites y grasas lubricantes, aditivos y similares para vehículos de motor",otro,0 a 5 personas,25.64073669,-100.29443643,1285.0,1-2 km
9158889,VENTA DE ARTICULOS AMERICANOS,"Comercio al por menor en tiendas de abarrotes, ultramarinos y misceláneas",abarrotes,0 a 5 personas,25.64574483,-100.30175299,1380.0,1-2 km
8411246,VENTA DE BAZAR,Comercio al por menor de artículos usados,otro,0 a 5 personas,25.65640911,-100.30793777,1930.0,1-2 km
8844510,VENTA DE FLORES,Comercio al por menor de plantas y flores naturales,otro,0 a 5 personas,25.64332412,-100.29969486,1360.0,1-2 km
10586066,VENTA DE PECERA Y PECES,Comercio al por menor de mascotas,otro,0 a 5 personas,25.66113445,-100.30347212,1770.0,1-2 km
10828828,VENTA DE POMADAS,"Comercio al por menor de productos naturistas, medicamentos homeopáticos y de complementos alimenticios",otro,0 a 5 personas,25.65014976,-100.31030083,2090.0,> 2 km
10891309,VENTA DE PRODUCTOS DE LIMPIEZA SIN NOMBRE,Comercio al por menor de artículos para la limpieza,otro,0 a 5 personas,25.65289633,-100.30629276,1691.0,1-2 km
10102537,VENTA DE REFRESCOS,Comercio al por menor de bebidas no alcohólicas y hielo,otro,0 a 5 personas,25.64727759,-100.30963494,2070.0,> 2 km
10820998,VENTA DE REFRESCOS,Comercio al por menor de bebidas no alcohólicas y hielo,otro,0 a 5 personas,25.64839334,-100.31079737,2161.0,> 2 km
6215849,VENTA DE REFRESCOS ALICIA,Comercio al por menor de bebidas no alcohólicas y hielo,otro,0 a 5 personas,25.66601198,-100.29279111,1658.0,1-2 km
2995258,VENTEO DE NIEVES Y ABARROTES,Comercio al por menor de paletas de hielo y helados,otro,0 a 5 personas,25.63987423,-100.29735008,1504.0,1-2 km
9311746,VENUS SEX SHOP,Comercio al por menor de otros artículos de uso personal,otro,0 a 5 personas,25.66637058,-100.27790246,2030.0,> 2 km
8970479,VENUS SEX SHOP,Comercio al por menor de artículos y aparatos deportivos,otro,0 a 5 personas,25.64802375,-100.2744277,1557.0,1-2 km
2994844,VIDA ABUELO,Comercio al por menor de artículos ortopédicos,otro,0 a 5 personas,25.64237072,-100.27841191,1498.0,1-2 km
10796528,VIDA FARMACIA,"Comercio al por menor de productos naturistas, medicamentos homeopáticos y de complementos alimenticios",otro,0 a 5 personas,25.65977294,-100.27499399,1727.0,1-2 km
3034241,VIDRIERA FAMA,Comercio al por menor de vidrios y espejos,otro,0 a 5 personas,25.66345917,-100.29768847,1572.0,1-2 km
3034245,VIDRIERA FAMA,Comercio al por menor de vidrios y espejos,otro,0 a 5 personas,25.6631299,-100.29743216,1528.0,1-2 km
11480995,VIDRIERA FAMA,Comercio al por menor de vidrios y espejos,otro,0 a 5 personas,25.66338595,-100.29770452,1566.0,1-2 km
3034430,VIDRIOS CAVAZOS,Comercio al por menor de vidrios y espejos,otro,6 a 10 personas,25.65837969,-100.3037314,1624.0,1-2 km
8297094,VIDRIOS DEL SUR,Comercio al por menor de vidrios y espejos,otro,0 a 5 personas,25.65789289,-100.30472725,1688.0,1-2 km
9950187,VIDRIOS SIN NOMBRE,Comercio al por menor de vidrios y espejos,otro,0 a 5 personas,25.63887392,-100.30578301,2146.0,> 2 km
3039323,VILLANTAS,"Comercio al por menor de llantas y cámaras para automóviles, camionetas y camiones",otro,0 a 5 personas,25.6661997,-100.27658398,2094.0,> 2 km
11817134,VINILES E IMPRIMIBLES CONTRY,Comercio al por menor de bisutería y accesorios de vestir,otro,0 a 5 personas,25.64211732,-100.27344701,1912.0,1-2 km
11570021,VIVERO TJM,Comercio al por menor de plantas y flores naturales,otro,6 a 10 personas,25.65907199,-100.30217766,1531.0,1-2 km
8411572,VS GLOBAL INJESTION,"Comercio al por menor de partes y refacciones nuevas para automóviles, camionetas y camiones",otro,0 a 5 personas,25.65909621,-100.29735869,1163.0,1-2 km
8806034,WILPOINT,Comercio al por menor de teléfonos y otros aparatos de comunicación,otro,0 a 5 personas,25.64046962,-100.28439258,1319.0,1-2 km
10412632,WONDERHIGH,"Comercio al por menor de cigarros, puros y tabaco",otro,0 a 5 personas,25.65223756,-100.28082035,875.0,500 m-1 km
6215937,WORLD BEER STORE,Comercio al por menor de cerveza,otro,0 a 5 personas,25.64120861,-100.29499644,1260.0,1-2 km
11034521,XIBALBA VENTA DE CUARZOS,Comercio al por menor de bisutería y accesorios de vestir,otro,0 a 5 personas,25.63619594,-100.28257993,1827.0,1-2 km
11611772,XIMI,Comercio al por menor de juguetes,otro,0 a 5 personas,25.65335157,-100.27519493,1450.0,1-2 km
2994860,ZAGO VETERINARIA,Comercio al por menor de mascotas,otro,11 a 30 personas,25.64181292,-100.27944127,1467.0,1-2 km
10278961,ZAPATERIA PALOMA,Comercio al por menor de calzado,otro,0 a 5 personas,25.66003886,-100.29177775,987.0,500 m-1 km
6370329,ZAPATERIAS BULL RIDER BOOTS SUCURSAL PLAZA LA SILLA,Comercio al por menor de calzado,otro,0 a 5 personas,25.63619594,-100.28257993,1827.0,1-2 km
11761124,ZENHOME,Comercio al por menor de muebles para el hogar,otro,0 a 5 personas,25.66134783,-100.29946742,1491.0,1-2 km
10830699,ZERO PRESTAMOS,Comercio al por menor de automóviles y camionetas usados,otro,0 a 5 personas,25.65994413,-100.29789119,1269.0,1-2 km
12270088,,Autotransporte local de materiales para la construcción,otro,0 a 5 personas,25.66007352,-100.30436036,1774.0,1-2 km
6159160,AGROTRANSPORTES DELTA ,Autotransporte foráneo de productos agrícolas sin refrigeración,otro,11 a 30 personas,25.66721292,-100.2870513,1775.0,1-2 km
3034521,AUTOBUSES DEL NORESTE,Transporte colectivo foráneo de pasajeros de ruta fija,otro,0 a 5 personas,25.65872421,-100.29712739,1117.0,1-2 km
12270253,CARVAL LOGISTIC,Otro autotransporte local de carga especializado,otro,6 a 10 personas,25.6423858,-100.27388093,1859.0,1-2 km
6694898,DX XPRESS,Otro autotransporte foráneo de carga general,otro,251 y más personas,25.65476198,-100.27867131,1148.0,1-2 km
6159640,EASY COOL TRANSPORT,Autotransporte foráneo con refrigeración,otro,11 a 30 personas,25.6608973,-100.301648,1612.0,1-2 km
9288232,FLETES DE RETIRO DE ESCOMBRO,Autotransporte local de materiales para la construcción,otro,0 a 5 personas,25.6599114,-100.30439756,1768.0,1-2 km
6159209,FLETES INDUSTRIALES REGIOMONTANOS,Otro autotransporte foráneo de carga general,otro,101 a 250 personas,25.66006853,-100.28406416,1107.0,1-2 km
8297034,GRUAS CHAVANA,Servicios de grúa,otro,0 a 5 personas,25.65539457,-100.3022066,1349.0,1-2 km
8297125,GRUAS MANIOBRAS Y TRASLADOS,Servicios de grúa,otro,51 a 100 personas,25.65742967,-100.30393499,1595.0,1-2 km
9014270,GRUAS MONTERREY,Servicios de grúa,otro,101 a 250 personas,25.66836636,-100.2803226,2099.0,> 2 km
8437239,GRUAS SIN NOMBRE,Servicios de grúa,otro,0 a 5 personas,25.6564455,-100.31018988,2148.0,> 2 km
6159553,JERA TRANSPORTES,Otro autotransporte foráneo de carga general,otro,6 a 10 personas,25.66291032,-100.28488,1361.0,1-2 km
9395677,OMNIBUS DE MEXICO,Transporte colectivo foráneo de pasajeros de ruta fija,otro,11 a 30 personas,25.65833782,-100.29688714,1069.0,1-2 km
8971045,QUALITY GRUAS,Servicios de grúa,otro,0 a 5 personas,25.66747022,-100.28695064,1805.0,1-2 km
9327913,SEGHESA,Transporte escolar y de personal,otro,11 a 30 personas,25.66700599,-100.2906273,1739.0,1-2 km
8648957,TERRENAL EXPRESS,Otro autotransporte foráneo de carga especializado,otro,11 a 30 personas,25.6423858,-100.27388093,1859.0,1-2 km
11837740,TIBA MEXICO,Otros servicios de intermediación para el transporte de carga,otro,0 a 5 personas,25.64064394,-100.28583808,1251.0,1-2 km
6159498,TRACTO LINEAS MEXICANAS,Autotransporte foráneo con refrigeración,otro,251 y más personas,25.65329826,-100.29376279,477.0,0-500 m
9405788,TRANSPAIS MONTERREY GARZA SADA,Transporte colectivo foráneo de pasajeros de ruta fija,otro,6 a 10 personas,25.6562906,-100.2956792,824.0,500 m-1 km
12276153,TRANSPAT,Otro autotransporte foráneo de carga general,otro,0 a 5 personas,25.63929012,-100.27269824,2156.0,> 2 km
6159581,TRANSPORTACION INTELIGENTE MARCAM,Otro autotransporte foráneo de carga general,otro,11 a 30 personas,25.66535774,-100.29019238,1554.0,1-2 km
9327911,TRANSPORTE BARBA,Otro autotransporte foráneo de carga general,otro,0 a 5 personas,25.65371009,-100.30223915,1302.0,1-2 km
6155945,TRANSPORTES AGUILA DE ORO,Autotransporte foráneo con refrigeración,otro,251 y más personas,25.6601064,-100.28406314,1111.0,1-2 km
6159201,TRANSPORTES GUADALUPE MORALES,Otro autotransporte foráneo de carga general,otro,11 a 30 personas,25.65549878,-100.27658279,1373.0,1-2 km
6159313,TRANSPORTES LOCE ,Autotransporte local de materiales para la construcción,otro,11 a 30 personas,25.66740942,-100.2862249,1810.0,1-2 km
6159200,TRANSPORTES MONTERREY ENSENADA,Otro autotransporte foráneo de carga general,otro,31 a 50 personas,25.66983135,-100.28475002,2104.0,> 2 km
9327914,TRANSPORTES NATMA LOGISTICA,Otro autotransporte foráneo de carga general,otro,11 a 30 personas,25.66596932,-100.28142587,1811.0,1-2 km
2994358,TRANSPORTES TAMAULIPAS,Transporte colectivo foráneo de pasajeros de ruta fija,otro,6 a 10 personas,25.65772424,-100.2965434,996.0,500 m-1 km
9295192,TRANSPORTES UNIMEX,Otro autotransporte foráneo de carga general,otro,11 a 30 personas,25.64175388,-100.27334981,1942.0,1-2 km
12318414,XPD GLOBAL,Otros servicios de intermediación para el transporte de carga,otro,251 y más personas,25.66378824,-100.28338375,1508.0,1-2 km
8532977,ALMEX,Servicios de mensajería y paquetería foránea,otro,0 a 5 personas,25.66430931,-100.2843179,1527.0,1-2 km
2926653,BODEGA DEL CID MENSAJERIA,Servicios de mensajería y paquetería foránea,otro,0 a 5 personas,25.63619324,-100.28301586,1812.0,1-2 km
9288389,BOX AND MAIL,Servicios de mensajería y paquetería foránea,otro,11 a 30 personas,25.63619594,-100.28257993,1827.0,1-2 km
9307317,BUCA RECUBRIMIENTOS,Otros servicios de almacenamiento general sin instalaciones especializadas,otro,11 a 30 personas,25.65962291,-100.27864995,1421.0,1-2 km
6498532,C.P.E. NUEVO LEON,Servicios postales,otro,31 a 50 personas,25.66536515,-100.28392816,1650.0,1-2 km
8041932,C.P.E. NUEVO LEON,Servicios postales,otro,0 a 5 personas,25.65343174,-100.29006843,233.0,0-500 m
10060074,DAK PAQUET,Servicios de mensajería y paquetería foránea,otro,0 a 5 personas,25.66536009,-100.28134632,1754.0,1-2 km
3045032,ESTAFETA,Servicios de mensajería y paquetería foránea,otro,0 a 5 personas,25.63812001,-100.28421245,1569.0,1-2 km
8649245,ESTAFETA MEXICANA,Servicios de mensajería y paquetería foránea,otro,0 a 5 personas,25.65249892,-100.27653107,1306.0,1-2 km
9014253,ESTAFETA MEXICANA,Servicios de mensajería y paquetería foránea,otro,0 a 5 personas,25.66133825,-100.28244432,1312.0,1-2 km
12318762,FEDEX,Servicios de mensajería y paquetería foránea,otro,6 a 10 personas,25.66510469,-100.29707333,1702.0,1-2 km
2995184,FEDEX,Servicios de mensajería y paquetería foránea,otro,0 a 5 personas,25.63908462,-100.28438843,1462.0,1-2 km
12318979,INBOX MONTERREY-3 (GARZA SADA),Servicios de mensajería y paquetería foránea,otro,6 a 10 personas,25.65624102,-100.2956504,818.0,500 m-1 km
9014299,IPS PAQUETERIA,Servicios de mensajería y paquetería local,otro,0 a 5 personas,25.64348112,-100.27588485,1624.0,1-2 km
10124009,J&T CHAPULTEPEC,Servicios de mensajería y paquetería foránea,otro,11 a 30 personas,25.66708806,-100.28932376,1745.0,1-2 km
9469691,MTY - PLAZA LA SILLA,Servicios de mensajería y paquetería foránea,otro,6 a 10 personas,25.63619594,-100.28257993,1827.0,1-2 km
2994138,MTY - REVOLUCION,Servicios de mensajería y paquetería foránea,otro,0 a 5 personas,25.66133825,-100.28244432,1312.0,1-2 km
9239290,PIRINEOS,Servicios de mensajería y paquetería foránea,otro,0 a 5 personas,25.65322729,-100.29327543,430.0,0-500 m
12318763,PUNTO EXPRESS,Servicios de mensajería y paquetería foránea,otro,0 a 5 personas,25.66414165,-100.2835247,1538.0,1-2 km
12319312,QP SERVICIOS DE LOGISTICA ESPECIALIZADA,Servicios de mensajería y paquetería local,otro,101 a 250 personas,25.66647939,-100.27759563,2058.0,> 2 km
9582008,QUALITY POST,Servicios de mensajería y paquetería foránea,otro,0 a 5 personas,25.66463441,-100.27335284,2187.0,> 2 km
9327274,QUALITY POST,Servicios de mensajería y paquetería foránea,otro,0 a 5 personas,25.66284393,-100.27340626,2055.0,> 2 km
6800942,QUALITYPOST,Servicios de mensajería y paquetería foránea,otro,11 a 30 personas,25.66282073,-100.27387405,2016.0,> 2 km
2995063,REDPACK,Servicios de mensajería y paquetería foránea,otro,0 a 5 personas,25.639228,-100.27268843,2161.0,> 2 km
11308156,RETAC,Servicios de mensajería y paquetería foránea,otro,0 a 5 personas,25.64002557,-100.27286059,2093.0,> 2 km
8411242,SCT - GARZA SADA,Servicios de mensajería y paquetería foránea,otro,0 a 5 personas,25.64782785,-100.29037486,407.0,0-500 m
9310413,TECNIPOL,Otros servicios de almacenamiento general sin instalaciones especializadas,otro,11 a 30 personas,25.65980744,-100.27869447,1431.0,1-2 km
12319248,TRALOCSA LOGISTICA,Servicios de mensajería y paquetería foránea,otro,101 a 250 personas,25.64876119,-100.27389031,1592.0,1-2 km
12332591,AT&T,Operadores de servicios de telecomunicaciones alámbricas,otro,0 a 5 personas,25.63952583,-100.27311352,2107.0,> 2 km
9301711,ATT,Otros servicios de telecomunicaciones,otro,6 a 10 personas,25.63619594,-100.28257993,1827.0,1-2 km
3054882,BIBLIOTECA,Bibliotecas y archivos del sector público,otro,0 a 5 personas,25.65540868,-100.26817918,2183.0,> 2 km
3038994,BIBLIOTECA COMUNITARIA JARDIN ESPAÑOL,Bibliotecas y archivos del sector público,otro,0 a 5 personas,25.66284047,-100.27957305,1615.0,1-2 km
3038579,BIBLIOTECA MUNICIPAL MARIA W BENAVIDES,Bibliotecas y archivos del sector público,otro,0 a 5 personas,25.6687711,-100.29226522,1951.0,1-2 km
3034709,BIBLIOTECA NUMERO 10 PROFESORA JULIA GARZA ALMAGUER,Bibliotecas y archivos del sector público,otro,0 a 5 personas,25.65032268,-100.30406483,1465.0,1-2 km
8779094,BIBLIOTECA NUMERO 6,Bibliotecas y archivos del sector público,otro,0 a 5 personas,25.65355644,-100.30973563,2042.0,> 2 km
6775657,CAC CONTRY,Operadores de servicios de telecomunicaciones inalámbricas,otro,11 a 30 personas,25.63953249,-100.28464722,1406.0,1-2 km
9239316,CAC EXPRESS NUEVO SUR,Operadores de servicios de telecomunicaciones inalámbricas,otro,11 a 30 personas,25.65263348,-100.27662082,1298.0,1-2 km
6366482,CINEPOLIS LAS AMÉRICAS (MONTERREY),Exhibición de películas y otros materiales audiovisuales,otro,31 a 50 personas,25.64363964,-100.28729501,891.0,500 m-1 km
9239305,CINEPOLIS NUEVO SUR,Exhibición de películas y otros materiales audiovisuales,otro,31 a 50 personas,25.65249892,-100.27653107,1306.0,1-2 km
6794731,CINEPOLIS VIP NUEVO SUR,Exhibición de películas y otros materiales audiovisuales,otro,31 a 50 personas,25.65249892,-100.27653107,1306.0,1-2 km
9428048,CLANWARE,Otros servicios de telecomunicaciones,otro,0 a 5 personas,25.66302289,-100.28308378,1444.0,1-2 km
9414640,COLONIA TECNOLÓGICO DE MONTERREY,Operadores de servicios de telecomunicaciones alámbricas,otro,0 a 5 personas,25.64787269,-100.29040362,403.0,0-500 m
9411004,CONSORCIO TV CABLE CHAPULTEPEC,Operadores de servicios de telecomunicaciones alámbricas,otro,0 a 5 personas,25.66683796,-100.28186483,1879.0,1-2 km
6364994,CONTPAQI,Edición de software,otro,6 a 10 personas,25.6602317,-100.28115812,1290.0,1-2 km
6366379,EDITORIAL LIMUSA,Edición de libros integrada con la impresión,otro,0 a 5 personas,25.65166862,-100.29274791,327.0,0-500 m
11846064,FINITO LAB,Edición de otros materiales integrada con la impresión,otro,0 a 5 personas,25.65691249,-100.29350007,732.0,500 m-1 km
11846067,GRAFICOS REGIOS,Edición de otros materiales integrada con la impresión,otro,11 a 30 personas,25.66005961,-100.30424055,1764.0,1-2 km
6365858,GRAFOTEC DE MEXICO,Edición de otros materiales integrada con la impresión,otro,31 a 50 personas,25.65989525,-100.30232761,1595.0,1-2 km
6323115,INSTITUTO TECNOLOGICO DE TELEFONOS DE MEXICO,Operadores de servicios de telecomunicaciones alámbricas,otro,0 a 5 personas,25.66026934,-100.28040765,1343.0,1-2 km
11845912,INSTITUTO TECNOLOGICO Y DE ESTUDIOS SUPERIORES DE MONTERREY,Bibliotecas y archivos del sector privado,otro,6 a 10 personas,25.65402407,-100.28990662,295.0,0-500 m
12332059,IZZI NUEVO SUR,Operadores de servicios de telecomunicaciones alámbricas,otro,6 a 10 personas,25.65249892,-100.27653107,1306.0,1-2 km
6792033,IZZI PASEO TEC,Operadores de servicios de telecomunicaciones alámbricas,otro,6 a 10 personas,25.65322075,-100.29327132,429.0,0-500 m
9600860,KONEXION,Otros servicios de telecomunicaciones,otro,11 a 30 personas,25.66029136,-100.30652338,1972.0,1-2 km
11845911,LOS 40,Estaciones de transmisión de programas de radio,otro,6 a 10 personas,25.66740392,-100.28415359,1858.0,1-2 km
6235013,MILENIO DIARIO DE MONTERREY,Edición de periódicos integrada con la impresión,otro,101 a 250 personas,25.65805436,-100.29888997,1197.0,1-2 km
9405807,MOVISTAR 99040022 SMART STORE NUEVO SUR,Operadores de servicios de telecomunicaciones inalámbricas,otro,0 a 5 personas,25.65238482,-100.2764392,1314.0,1-2 km
6368895,MULTIMEDIOS,Estaciones de transmisión de programas de radio,otro,101 a 250 personas,25.6572592,-100.29906471,1159.0,1-2 km
6235282,MULTIMEDIOS ESTRELLAS DE ORO,Estaciones de transmisión de programas de radio,otro,31 a 50 personas,25.65834986,-100.29882277,1213.0,1-2 km
12332086,RED NACIONAL ULTIMA MILLA,Operadores de servicios de telecomunicaciones alámbricas,otro,11 a 30 personas,25.66028178,-100.28015944,1361.0,1-2 km
12332305,RED NACIONAL ULTIMA MILLA,Operadores de servicios de telecomunicaciones alámbricas,otro,11 a 30 personas,25.66028505,-100.28009429,1366.0,1-2 km
12332434,RED NACIONAL ULTIMA MILLA,Operadores de servicios de telecomunicaciones alámbricas,otro,11 a 30 personas,25.65074421,-100.29446161,503.0,500 m-1 km
9303614,SKY,Operadores de servicios de telecomunicaciones alámbricas,otro,0 a 5 personas,25.66569689,-100.28394857,1684.0,1-2 km
8297701,TD TELECOMUNICACIONES DIGITAL,Otros servicios de telecomunicaciones,otro,11 a 30 personas,25.64404585,-100.29769079,1159.0,1-2 km
9298406,TDA MONTERREY PLAZA G3,Operadores de servicios de telecomunicaciones inalámbricas,otro,0 a 5 personas,25.66024525,-100.28088802,1309.0,1-2 km
8970660,TECH MAKE,Operadores de servicios de telecomunicaciones inalámbricas,otro,0 a 5 personas,25.64955551,-100.287763,269.0,0-500 m
9239309,TELMEX BRISAS,Operadores de servicios de telecomunicaciones alámbricas,otro,11 a 30 personas,25.63619594,-100.28257993,1827.0,1-2 km
10662480,TILDE EDITORES Y CAFEBRERIA,Edición de libros integrada con la impresión,otro,6 a 10 personas,25.65246712,-100.28204847,756.0,500 m-1 km
12332757,TV CABLE,Operadores de servicios de telecomunicaciones alámbricas,otro,6 a 10 personas,25.66695401,-100.28161823,1901.0,1-2 km
3039346,TV CABLE DIGITAL,Operadores de servicios de telecomunicaciones alámbricas,otro,0 a 5 personas,25.66282073,-100.27387405,2016.0,> 2 km
9409439,XEAU AM,Estaciones de transmisión de programas de radio,otro,0 a 5 personas,25.65772233,-100.29896546,1181.0,1-2 km
9466292,XET AM,Estaciones de transmisión de programas de radio,otro,0 a 5 personas,25.65807706,-100.2988848,1198.0,1-2 km
6444843,XET FM,Estaciones de transmisión de programas de radio,otro,31 a 50 personas,25.65823347,-100.29884924,1206.0,1-2 km
9405543,XETKR AM,Estaciones de transmisión de programas de radio,otro,0 a 5 personas,25.65770607,-100.29896916,1180.0,1-2 km
6846378,XHLUPE FM,Estaciones de transmisión de programas de radio,otro,11 a 30 personas,25.65685533,-100.29915687,1142.0,1-2 km
9453698,XHPJ FM,Estaciones de transmisión de programas de radio,otro,0 a 5 personas,25.65775813,-100.29895732,1183.0,1-2 km
12301846,,Centros cambiarios,otro,0 a 5 personas,25.65415117,-100.27775656,1216.0,1-2 km
12287678,ADC SERVICIOS GLOBALES,Otras instituciones de intermediación crediticia y financiera no bursátil,otro,11 a 30 personas,25.64822033,-100.29062662,371.0,0-500 m
2964107,AFORE XXI BANORTE,Administración de cajas de pensión y de seguros independientes,otro,11 a 30 personas,25.65934241,-100.29683928,1149.0,1-2 km
11647988,"AGENTES, AJUSTADORES Y GESTORES DE SEGUROS Y FIANZAS SIN NOMBRE","Agentes, ajustadores y gestores de seguros y fianzas",otro,0 a 5 personas,25.6429531,-100.27581185,1663.0,1-2 km
11785864,AHORRA ASI,Otras instituciones de ahorro y préstamo,otro,11 a 30 personas,25.63619594,-100.28257993,1827.0,1-2 km
11835647,ALIADOS SEGUROS,"Agentes, ajustadores y gestores de seguros y fianzas",otro,6 a 10 personas,25.66082034,-100.30123433,1575.0,1-2 km
9238340,ARRENDADORA VE POR MAS,Sociedades financieras de objeto múltiple,otro,31 a 50 personas,25.65222037,-100.27630678,1326.0,1-2 km
6446411,BANAMEX BUENOS AIRES,Banca múltiple,otro,11 a 30 personas,25.66688921,-100.28108962,1918.0,1-2 km
9239393,BANAMEX GARZA SADA,Banca múltiple,otro,11 a 30 personas,25.63953424,-100.28368253,1443.0,1-2 km
6699523,BANAMEX PASEO TEC,Banca múltiple,otro,11 a 30 personas,25.65420505,-100.29388892,539.0,500 m-1 km
9239414,BANCO AZTECA,Banca múltiple,otro,11 a 30 personas,25.64326438,-100.30093446,1460.0,1-2 km
9239351,BANCO COMPARTAMOS MONTERREY SUR,Banca múltiple,otro,31 a 50 personas,25.63619594,-100.28257993,1827.0,1-2 km
2994492,BANCO DEL BAJIO SUCURSAL TECNOLOGICO,Banca múltiple,otro,6 a 10 personas,25.65322729,-100.29327543,430.0,0-500 m
2994088,BANCO INBURSA SC 456,Banca múltiple,otro,0 a 5 personas,25.66660363,-100.27985343,1948.0,1-2 km
2994713,BANCO INBURSA SC 465,Banca múltiple,otro,0 a 5 personas,25.64990792,-100.29169266,275.0,0-500 m
8441509,BANCO MERCANTIL DEL NORTE,Banca múltiple,otro,11 a 30 personas,25.6608476,-100.28236141,1271.0,1-2 km
6508008,BANCO MERCANTIL DEL NORTE INSTITUCION DE BANCA MULTIPLE GRUPO FINANCIERO BA,Banca múltiple,otro,251 y más personas,25.65244633,-100.27709341,1249.0,1-2 km
2994555,BANCO MIFEL,Banca múltiple,otro,11 a 30 personas,25.65322729,-100.29327543,430.0,0-500 m
3054403,BANCO SANTANDER BOX SELECT REVOLUCION,Banca múltiple,otro,11 a 30 personas,25.64073042,-100.27307607,2029.0,> 2 km
9238719,BANCO SANTANDER CONTRY,Banca múltiple,otro,11 a 30 personas,25.63618444,-100.28257242,1829.0,1-2 km
2994032,BANCO SANTANDER CORNER SELECT LADRILLERA,Banca múltiple,otro,11 a 30 personas,25.66534085,-100.28439526,1632.0,1-2 km
2994062,BANCO SANTANDER SATELITE,Banca múltiple,otro,6 a 10 personas,25.66164638,-100.29705292,1368.0,1-2 km
3041073,BANCO SANTANDER TEC DE MONTERREY,Banca múltiple,otro,11 a 30 personas,25.64897978,-100.29060752,291.0,0-500 m
2932392,BANCO SANTANDER TECNOLOGICO,Banca múltiple,otro,6 a 10 personas,25.66164578,-100.2970529,1368.0,1-2 km
2994071,BANORTE CHAPULTEPEC MONTERREY,Banca múltiple,otro,11 a 30 personas,25.66686137,-100.28253104,1856.0,1-2 km
3054545,BANORTE ESTADIO TEC,Banca múltiple,otro,11 a 30 personas,25.65915031,-100.2967996,1130.0,1-2 km
3054543,BANORTE GARZA SADA,Banca múltiple,otro,31 a 50 personas,25.63911981,-100.28440913,1458.0,1-2 km
2932298,BANORTE MONTERREY CONTRY,Banca múltiple,otro,31 a 50 personas,25.63377922,-100.28106459,2134.0,> 2 km
2994991,BANORTE MONTERREY REVOLUCION,Banca múltiple,otro,11 a 30 personas,25.64111022,-100.27317765,1997.0,1-2 km
2932320,BANORTE MONTERREY TECNOLOGICO,Banca múltiple,otro,31 a 50 personas,25.6509956,-100.29187654,242.0,0-500 m
6507954,BANORTE TORRE DEL SUR,Banca múltiple,otro,11 a 30 personas,25.65251643,-100.27714591,1245.0,1-2 km
9464675,BANREGIO EDIFICIO NUEVO SUR,Banca múltiple,otro,251 y más personas,25.6533408,-100.27670215,1301.0,1-2 km
3054428,BANREGIO SUCURSAL CONTRY,Banca múltiple,otro,11 a 30 personas,25.63911981,-100.28440913,1458.0,1-2 km
8649363,BBVA BANCOMER GUADALUPE CENTRO,Banca múltiple,otro,11 a 30 personas,25.65249892,-100.27653107,1306.0,1-2 km
9239360,BBVA BANCOMER MONTERREY CAMPUS TEC,Banca múltiple,otro,11 a 30 personas,25.64577716,-100.28862018,631.0,500 m-1 km
9239372,BBVA BANCOMER MONTERREY CHAPULTEPEC,Banca múltiple,otro,11 a 30 personas,25.66735127,-100.28414577,1853.0,1-2 km
2994871,BBVA BANCOMER MONTERREY COUNTRY,Banca múltiple,otro,11 a 30 personas,25.63955322,-100.28467471,1403.0,1-2 km
3054439,BBVA BANCOMER MONTERREY NUEVO REPUEBLO,Banca múltiple,otro,11 a 30 personas,25.65877864,-100.30453171,1716.0,1-2 km
9239370,BBVA BANCOMER MONTERREY NUEVO SUR,Banca múltiple,otro,11 a 30 personas,25.65219854,-100.2762892,1327.0,1-2 km
9239374,BBVA BANCOMER MONTERREY REVOLUCION,Banca múltiple,otro,11 a 30 personas,25.64210889,-100.27344476,1912.0,1-2 km
2994428,BBVA BANCOMER MONTERREY TEC,Banca múltiple,otro,11 a 30 personas,25.65305978,-100.2936149,452.0,0-500 m
11774864,BODEGA DE BANORTE,Banca múltiple,otro,0 a 5 personas,25.65886031,-100.30604533,1854.0,1-2 km
9276876,BUENOS AIRES,Administración de cajas de pensión y de seguros independientes,otro,51 a 100 personas,25.66689466,-100.28113451,1916.0,1-2 km
6215841,CAJA BUENOS AIRES,Cajas de ahorro popular,otro,0 a 5 personas,25.666858,-100.29299958,1754.0,1-2 km
6215967,CAJA BUENOS AIRES,Cajas de ahorro popular,otro,0 a 5 personas,25.63747421,-100.28329852,1669.0,1-2 km
6883988,CAJA BUENOS AIRES,Cajas de ahorro popular,otro,0 a 5 personas,25.66031372,-100.30430526,1785.0,1-2 km
3039742,CAJA CERRO DE LA SILLA ALTAMIRA,Cajas de ahorro popular,otro,0 a 5 personas,25.64086086,-100.30525642,1967.0,1-2 km
3054360,CAJA POPULAR MEXICANA SUCURSAL CHAPULTEPEC,Cajas de ahorro popular,otro,6 a 10 personas,25.66695401,-100.28161823,1901.0,1-2 km
6699543,CAMBIO DE DOLARES,Centros cambiarios,otro,0 a 5 personas,25.63619594,-100.28257993,1827.0,1-2 km
9014248,CAMBIO DE DOLARES CENTRO CAMBIARIO,Centros cambiarios,otro,0 a 5 personas,25.64143014,-100.28025595,1445.0,1-2 km
6719483,CAMBIO DE DOLARES CENTRO LISAG,Centros cambiarios,otro,0 a 5 personas,25.64203511,-100.27896834,1483.0,1-2 km
6447189,CASA DE EMPEÑO MONTE PIO SOLUCIONES Y PRESTAMOS,Casas de empeño,otro,0 a 5 personas,25.63479342,-100.28786377,1854.0,1-2 km
3040354,CENTRO CAMBIARIO DIVISAS SENDERO,Centros cambiarios,otro,0 a 5 personas,25.63911981,-100.28440913,1458.0,1-2 km
2994714,CENTRO CAMBIARIO EFICAZ,Centros cambiarios,otro,0 a 5 personas,25.64954605,-100.29145719,285.0,0-500 m
9485599,CENTRO CAMBIARIO EXPRESS DE DIVISAS,Centros cambiarios,otro,0 a 5 personas,25.6411743,-100.28080046,1433.0,1-2 km
11724762,CENTRO CAMBIARIO JUSTO ALA MEDIDA,Centros cambiarios,otro,0 a 5 personas,25.66651761,-100.27790031,2044.0,> 2 km
8947831,CENTRO CAMBIARIO LISAG,Centros cambiarios,otro,0 a 5 personas,25.65531568,-100.29500627,703.0,500 m-1 km
11843189,CENTRO DE CAMBIO RIO,Centros cambiarios,otro,0 a 5 personas,25.65704075,-100.29611691,913.0,500 m-1 km
11818367,CETNTRO CAMBIARIO AS DE OROS,Centros cambiarios,otro,0 a 5 personas,25.63619594,-100.28257993,1827.0,1-2 km
2994500,CI BANCO PASEO TEC,Banca múltiple,otro,6 a 10 personas,25.65322729,-100.29327543,430.0,0-500 m
11048463,CRECIMIENTO DESARROLLO FAMILIAR,Sociedades financieras de objeto múltiple,otro,6 a 10 personas,25.64168425,-100.27854591,1540.0,1-2 km
6880929,CREDICLUB SUC 45 MONTERREY SUR,Cajas de ahorro popular,otro,11 a 30 personas,25.66702251,-100.28381331,1828.0,1-2 km
8411460,CREDITARIA TEC,Otras instituciones de intermediación crediticia y financiera no bursátil,otro,0 a 5 personas,25.64085291,-100.28096154,1452.0,1-2 km
8970604,DIVEX,Centros cambiarios,otro,0 a 5 personas,25.65436586,-100.29398982,558.0,500 m-1 km
7988764,DIVEX CENTRO CAMBIARIO,Centros cambiarios,otro,0 a 5 personas,25.64760892,-100.29022291,428.0,0-500 m
8648788,DIVISAS CONTRY,Centros cambiarios,otro,0 a 5 personas,25.64232178,-100.27386321,1864.0,1-2 km
3054458,DIVISAS SAN JORGE CASA DE CAMBIO ACTIVIDAD AUXILIAR DEL CREDITO,Casas de cambio,otro,0 a 5 personas,25.66696653,-100.28172007,1898.0,1-2 km
12301600,DIVISAS SAN JORGE CASA DE CAMBIO SUC 5 TECNOLOGICO,Casas de cambio,otro,6 a 10 personas,25.64928532,-100.29130619,297.0,0-500 m
3039645,DIVISAS SAN NICOLAS,Centros cambiarios,otro,0 a 5 personas,25.64653363,-100.28956361,541.0,500 m-1 km
11754066,DOLARES REGIO DIVISAS,Centros cambiarios,otro,0 a 5 personas,25.65317474,-100.27595676,1372.0,1-2 km
12301841,DOLARES SANTA ELENA,Centros cambiarios,otro,0 a 5 personas,25.64482039,-100.28838243,740.0,500 m-1 km
8331899,EMPEÑO FACIL 85391 BUENOS AIRES,Casas de empeño,otro,0 a 5 personas,25.66682861,-100.28178903,1882.0,1-2 km
12287453,EXITUS CAPITAL MONTERREY,Sociedades financieras de objeto múltiple,otro,0 a 5 personas,25.64022777,-100.28556895,1303.0,1-2 km
12287323,EXITUS CONTIGO,Sociedades financieras de objeto múltiple,otro,6 a 10 personas,25.66437089,-100.28361614,1558.0,1-2 km
8493580,FIRST CASH SUCURSAL 179 NL,Casas de empeño,otro,0 a 5 personas,25.65640492,-100.30804259,1940.0,1-2 km
8764793,FIRST CASH SUCURSAL 181 NL,Casas de empeño,otro,0 a 5 personas,25.66644057,-100.27728616,2073.0,> 2 km
8493424,FIRST CASH SUCURSAL 718 NL,Casas de empeño,otro,0 a 5 personas,25.64312429,-100.30169288,1530.0,1-2 km
6721746,GRUPO ESTRATEGAS EMM,"Agentes, ajustadores y gestores de seguros y fianzas",otro,11 a 30 personas,25.64045859,-100.28357893,1354.0,1-2 km
11762678,HERTZ DOLLAR,Centros cambiarios,otro,0 a 5 personas,25.6531633,-100.27600609,1367.0,1-2 km
6323189,HIR CASA MONTERREY REVOLUCION,Compañías de autofinanciamiento,otro,11 a 30 personas,25.65371863,-100.27790832,1190.0,1-2 km
3038439,HSBC SUC CHAPULTEPEC,Banca múltiple,otro,11 a 30 personas,25.66695401,-100.28161823,1901.0,1-2 km
2932483,HSBC SUC TECNOLOGICO,Banca múltiple,otro,11 a 30 personas,25.64809056,-100.29054338,383.0,0-500 m
8779076,INSTANT CAR,Otras instituciones de ahorro y préstamo,otro,0 a 5 personas,25.63812001,-100.28421245,1569.0,1-2 km
9412521,MAPFRE,Compañías de seguros,otro,0 a 5 personas,25.63811861,-100.28421158,1569.0,1-2 km
9406865,MAPFRE,Compañías de seguros,otro,0 a 5 personas,25.63952867,-100.2731142,2107.0,> 2 km
9309969,MULTIPLAN AUTOS,Compañías de autofinanciamiento,otro,6 a 10 personas,25.66643191,-100.28399112,1760.0,1-2 km
11003529,MVSC SOLUTIONS,Sociedades financieras de objeto múltiple,otro,0 a 5 personas,25.64411701,-100.27457719,1701.0,1-2 km
9301861,NACIONAL MONTE DE PIEDAD NUEVO LEON 108,Montepíos,otro,0 a 5 personas,25.66133825,-100.28244432,1312.0,1-2 km
10931248,NISSAN RVERO HP,Compañías de autofinanciamiento,otro,6 a 10 personas,25.63751272,-100.29099953,1551.0,1-2 km
8780102,PRE STAR CASAS DE EMPEÑO SUCURSAL AYUTLA,Casas de empeño,otro,0 a 5 personas,25.66096119,-100.30199148,1643.0,1-2 km
8780127,PRE STAR CASAS DE EMPEÑO SUCURSAL HILARIO,Casas de empeño,otro,0 a 5 personas,25.65408537,-100.30558542,1640.0,1-2 km
2994139,PRE STAR CASAS DE EMPEÑO SUCURSAL REVOLUCION,Casas de empeño,otro,6 a 10 personas,25.66371002,-100.28334843,1501.0,1-2 km
6447113,PRESTAMO EXPRESS SUCURSAL CHAPULTEPEC,Casas de empeño,otro,6 a 10 personas,25.66652492,-100.27795855,2041.0,> 2 km
12287079,PRESTAMO SEGURO,Casas de empeño,otro,0 a 5 personas,25.66134783,-100.29946742,1491.0,1-2 km
9239797,PRESTAMOS RELAMPAGO SUCURSAL CHAPULTEPEC,Sociedades financieras de objeto múltiple,otro,6 a 10 personas,25.666844,-100.28191389,1878.0,1-2 km
12286381,PROGRAMA ASI,Fondos y fideicomisos financieros,otro,11 a 30 personas,25.63549062,-100.28211948,1918.0,1-2 km
11837753,QUANTUM,Centros cambiarios,otro,0 a 5 personas,25.64844603,-100.27495779,1494.0,1-2 km
11737858,QUATUM,Centros cambiarios,otro,0 a 5 personas,25.64085291,-100.28096154,1452.0,1-2 km
8779038,RESFIN SOLUCIONES INTEGRALES,Casas de empeño,otro,0 a 5 personas,25.65312366,-100.29365497,458.0,0-500 m
2932509,SCOTIABANK NUEVO SUR,Banca múltiple,otro,11 a 30 personas,25.65249892,-100.27653107,1306.0,1-2 km
2932511,SCOTIABANK TECNOLOGICO DE MONTERREY,Banca múltiple,otro,11 a 30 personas,25.65322729,-100.29327543,430.0,0-500 m
11793555,SEBASTIAN SEGUROS,"Agentes, ajustadores y gestores de seguros y fianzas",otro,0 a 5 personas,25.65832929,-100.28789884,787.0,500 m-1 km
10495842,SEGUROS NL,"Agentes, ajustadores y gestores de seguros y fianzas",otro,0 a 5 personas,25.63619594,-100.28257993,1827.0,1-2 km
9412756,SEGUROS VE POR MAS,Compañías de seguros,otro,11 a 30 personas,25.6527501,-100.27596264,1365.0,1-2 km
11573517,SILLER ASESORES DE SEGUROS,"Agentes, ajustadores y gestores de seguros y fianzas",otro,0 a 5 personas,25.65758312,-100.2942503,836.0,500 m-1 km
12287613,SOLIDAR,Sociedades financieras de objeto múltiple,otro,0 a 5 personas,25.64857035,-100.29085114,343.0,0-500 m
9412712,SOLIDAR GARZA SADA,Sociedades financieras de objeto múltiple,otro,6 a 10 personas,25.64980212,-100.29162382,277.0,0-500 m
9294019,SUCURSAL CONTRY,Banca múltiple,otro,6 a 10 personas,25.65322729,-100.29327543,430.0,0-500 m
9310975,ADMINISTRACION DE LA PLAZA,Servicios de administración de bienes raíces,otro,0 a 5 personas,25.64196581,-100.28617947,1101.0,1-2 km
11782013,ADMINISTRACION DE LA PLAZA,Alquiler sin intermediación de viviendas amuebladas,otro,0 a 5 personas,25.65415601,-100.27820679,1173.0,1-2 km
8812856,ADMINISTRACION DE LA PLAZA,Servicios de administración de bienes raíces,otro,11 a 30 personas,25.64045859,-100.28357892,1354.0,1-2 km
2995045,ADMINISTRACION MICROPOLIS COMERCIAL,Servicios de administración de bienes raíces,otro,0 a 5 personas,25.63411912,-100.28170523,2074.0,> 2 km
10902875,ADMINISTRACION PLAZA 8-H,Alquiler sin intermediación de viviendas amuebladas,otro,0 a 5 personas,25.64984001,-100.28666011,333.0,0-500 m
3045030,ADMINISTRACION PLAZA GARZA SADA,Servicios de administración de bienes raíces,otro,0 a 5 personas,25.63590174,-100.28536414,1772.0,1-2 km
11457478,ADMINISTRACION TORRE OLIVO,Servicios de administración de bienes raíces,otro,0 a 5 personas,25.67069245,-100.28526862,2187.0,> 2 km
6860827,ADMINISTRADORA DE SERVICIOS PROFESIONALES ESPECIALIZADOS,Alquiler sin intermediación de oficinas y locales comerciales,otro,0 a 5 personas,25.65243245,-100.27708302,1250.0,1-2 km
10784382,ADMINSTRACION PLAZA GALERIA COMERCIAL EHKO,Alquiler sin intermediación de oficinas y locales comerciales,otro,0 a 5 personas,25.64501924,-100.28814604,722.0,500 m-1 km
9993370,ALENA SUR,Alquiler sin intermediación de viviendas amuebladas,otro,0 a 5 personas,25.66134783,-100.29946742,1491.0,1-2 km
9553461,ALQUILER SIN INTERMEDIACION DE OFICINAS Y LOCALES COMERCIALES SIN NOMBRE,Alquiler sin intermediación de oficinas y locales comerciales,otro,0 a 5 personas,25.66005731,-100.27599371,1661.0,1-2 km
9447557,ALQUILER SIN INTERMEDIACIÓN DE OFICINAS Y LOCALES COMERCIALES SIN NOMBRE,Alquiler sin intermediación de oficinas y locales comerciales,otro,6 a 10 personas,25.64044484,-100.28570932,1276.0,1-2 km
9280344,ALTEA DESARROLLOS,Inmobiliarias y corredores de bienes raíces,otro,0 a 5 personas,25.65775249,-100.29618804,974.0,500 m-1 km
11835465,ASOCIACION PABELLON TEC,Servicios de administración de bienes raíces,otro,0 a 5 personas,25.64815995,-100.28959239,360.0,0-500 m
11126609,ATRACIONES MENDOZA,"Alquiler de mesas, sillas, vajillas y similares",otro,0 a 5 personas,25.65838192,-100.26988484,2114.0,> 2 km
10279295,AVASA ARRENDADORA DE VEHICULOS,Alquiler de automóviles sin chofer,otro,0 a 5 personas,25.65169629,-100.27587011,1367.0,1-2 km
8879903,BARLOW CAPITAL INMOBILIARIA,Otros servicios relacionados con los servicios inmobiliarios,otro,0 a 5 personas,25.64295436,-100.27623209,1628.0,1-2 km
10365475,BKPITAL BUSINESS CENTER,Alquiler sin intermediación de oficinas y locales comerciales,otro,0 a 5 personas,25.64501924,-100.28814604,722.0,500 m-1 km
11801632,BODEGA,Alquiler de otros artículos para el hogar y personales,otro,0 a 5 personas,25.65869275,-100.30668135,1904.0,1-2 km
8533287,BODEGA AUXILIAR RADIADORES DIAZ,Alquiler sin intermediación de oficinas y locales comerciales,otro,0 a 5 personas,25.65993385,-100.27529435,1711.0,1-2 km
10161363,BOMBASTIC,Alquiler sin intermediación de salones para fiestas y convenciones,otro,0 a 5 personas,25.64196581,-100.28617947,1101.0,1-2 km
10039099,CASTILLO ENTERTAINMENT,Alquiler sin intermediación de salones para fiestas y convenciones,otro,0 a 5 personas,25.6672678,-100.2890213,1765.0,1-2 km
8649366,CENTRO DE VALIDACION,Inmobiliarias y corredores de bienes raíces,otro,0 a 5 personas,25.65322729,-100.29327543,430.0,0-500 m
10596788,CENTURY 21,Inmobiliarias y corredores de bienes raíces,otro,0 a 5 personas,25.64102011,-100.2805936,1459.0,1-2 km
10663637,CENTURY BIENES RAICES,Inmobiliarias y corredores de bienes raíces,otro,0 a 5 personas,25.6631302,-100.30260204,1851.0,1-2 km
10604297,CLIMOVIL,Alquiler de aparatos eléctricos y electrónicos para el hogar y personales,otro,0 a 5 personas,25.63293507,-100.29561441,2143.0,> 2 km
10088398,COMERCIALIZADORA DE RESIDUOS PARA LABORATORIOS Y HOSPITALES,Alquiler sin intermediación de otros bienes raíces,otro,0 a 5 personas,25.65861402,-100.30357945,1623.0,1-2 km
9125189,COMIZA MAX,Alquiler sin intermediación de oficinas y locales comerciales,otro,0 a 5 personas,25.66307704,-100.28310464,1448.0,1-2 km
9325911,COMPAÑIA DE TELEFONOS Y BIENES RAICES,Inmobiliarias y corredores de bienes raíces,otro,101 a 250 personas,25.65075668,-100.29444668,501.0,500 m-1 km
8805976,COVEDA CONSULTORES,Servicios de administración de bienes raíces,otro,11 a 30 personas,25.64501924,-100.28814604,722.0,500 m-1 km
11002052,CUBEE,Inmobiliarias y corredores de bienes raíces,otro,0 a 5 personas,25.65584464,-100.29484428,729.0,500 m-1 km
10386403,CUSPIDE,Alquiler sin intermediación de viviendas amuebladas,otro,6 a 10 personas,25.64501924,-100.28814604,722.0,500 m-1 km
8970541,DEPARTAMENTOS LIRIOS,Alquiler sin intermediación de viviendas no amuebladas,otro,0 a 5 personas,25.65519806,-100.28860004,432.0,0-500 m
8431020,DEPARTAMENTOS TECNOLOGICOS,Inmobiliarias y corredores de bienes raíces,otro,0 a 5 personas,25.64931147,-100.29459754,561.0,500 m-1 km
9110053,EDIFICIO LIBRA,Servicios de administración de bienes raíces,otro,0 a 5 personas,25.65545667,-100.29276827,557.0,500 m-1 km
12302559,EL CASTILLO EVENTOS,Alquiler sin intermediación de salones para fiestas y convenciones,otro,11 a 30 personas,25.66695401,-100.28161823,1901.0,1-2 km
8805640,ELITE EVENTOS,Alquiler sin intermediación de salones para fiestas y convenciones,otro,0 a 5 personas,25.6653389,-100.28439511,1632.0,1-2 km
6372307,ELITE TUXEDO GARZA SADA,Alquiler de prendas de vestir,otro,0 a 5 personas,25.65522704,-100.29495102,693.0,500 m-1 km
2995009,ELLAS VENDE,Inmobiliarias y corredores de bienes raíces,otro,6 a 10 personas,25.64216674,-100.2783119,1520.0,1-2 km
11086207,ESPACIOS LOUNGE,"Alquiler de mesas, sillas, vajillas y similares",otro,6 a 10 personas,25.63294329,-100.2955242,2139.0,> 2 km
9014246,EVA DRESSES,Alquiler de prendas de vestir,otro,0 a 5 personas,25.64102011,-100.2805936,1459.0,1-2 km
9339353,EVENING DRESSES,Alquiler de prendas de vestir,otro,0 a 5 personas,25.64022823,-100.28556925,1303.0,1-2 km
11738529,EVENTOS CHAPULTEPEC SRC,Alquiler sin intermediación de salones para fiestas y convenciones,otro,0 a 5 personas,25.66660998,-100.29655703,1833.0,1-2 km
9538440,EZRIDE,Alquiler de automóviles sin chofer,otro,0 a 5 personas,25.65890122,-100.30627454,1877.0,1-2 km
10254175,FIESTAS INFANTILES EL ANGEL,Alquiler sin intermediación de salones para fiestas y convenciones,otro,0 a 5 personas,25.65832413,-100.307771,1987.0,1-2 km
2991616,FRBC ARRENDADORA MONTERREY,Servicios de administración de bienes raíces,otro,6 a 10 personas,25.65239293,-100.27644573,1313.0,1-2 km
2994863,GARLE,Alquiler de prendas de vestir,otro,0 a 5 personas,25.64143014,-100.28025595,1445.0,1-2 km
10165484,GRUPO BIENES RAICES Y TURISMOS,Servicios de administración de bienes raíces,otro,11 a 30 personas,25.65909621,-100.29735869,1163.0,1-2 km
6368421,GRUPO NASSA,Otros servicios relacionados con los servicios inmobiliarios,otro,51 a 100 personas,25.65390878,-100.2780807,1178.0,1-2 km
10481851,GRUPO NASSA,Otros servicios relacionados con los servicios inmobiliarios,otro,31 a 50 personas,25.65909621,-100.29735869,1163.0,1-2 km
9433383,HERTZ MTY61,Alquiler de automóviles sin chofer,otro,11 a 30 personas,25.65279843,-100.27672971,1289.0,1-2 km
8805243,HM EVENTOS GARDEN,Alquiler sin intermediación de salones para fiestas y convenciones,otro,11 a 30 personas,25.66019455,-100.2818989,1240.0,1-2 km
11096738,HM EVENTOS GARDEN SALON,Alquiler sin intermediación de oficinas y locales comerciales,otro,0 a 5 personas,25.66019455,-100.2818989,1240.0,1-2 km
11181147,INMABOLARIA GASETRIA,Servicios de administración de bienes raíces,otro,0 a 5 personas,25.66019455,-100.2818989,1240.0,1-2 km
12302614,INMOBILIARIA OXITIPA,Alquiler sin intermediación de oficinas y locales comerciales,otro,0 a 5 personas,25.65678884,-100.29595974,882.0,500 m-1 km
10626591,JUBKIDS,Alquiler sin intermediación de salones para fiestas y convenciones,otro,0 a 5 personas,25.65415601,-100.27820679,1173.0,1-2 km
10671580,LA HIDALGO MERCERIA Y PAPELERIA,Alquiler sin intermediación de otros bienes raíces,otro,0 a 5 personas,25.65901177,-100.30263185,1565.0,1-2 km
3034538,LAPSI LAND,Alquiler sin intermediación de salones para fiestas y convenciones,otro,0 a 5 personas,25.65620796,-100.29776536,986.0,500 m-1 km
11062005,LEAL Y ASOCIANOS BIENES RAICES,Inmobiliarias y corredores de bienes raíces,otro,0 a 5 personas,25.64002557,-100.27286059,2093.0,> 2 km
11357255,LRH DEL NORTE,Alquiler de automóviles sin chofer,otro,6 a 10 personas,25.66708806,-100.28932376,1745.0,1-2 km
11554614,MARILA EVENTOS,Alquiler sin intermediación de salones para fiestas y convenciones,otro,0 a 5 personas,25.64188952,-100.27927822,1472.0,1-2 km
8649186,MARVER EVENTOS,"Alquiler de mesas, sillas, vajillas y similares",otro,6 a 10 personas,25.6523572,-100.28011046,947.0,500 m-1 km
10679150,MAXI SPACE,Alquiler sin intermediación de otros bienes raíces,otro,0 a 5 personas,25.66938029,-100.28113854,2168.0,> 2 km
11842416,MAXI SPACE MONTERREY,Alquiler sin intermediación de otros bienes raíces,otro,0 a 5 personas,25.6695166,-100.28078886,2196.0,> 2 km
9733689,MG LAS TORRES AGENCIA DE AUTOS,Alquiler de automóviles sin chofer,otro,0 a 5 personas,25.65329703,-100.27628491,1341.0,1-2 km
10497080,MINI BODEGAS INKO,Alquiler sin intermediación de otros bienes raíces,otro,0 a 5 personas,25.65500308,-100.28403822,678.0,500 m-1 km
6858589,MM DURANGO INVERSIONES,Otros servicios relacionados con los servicios inmobiliarios,otro,11 a 30 personas,25.65830071,-100.29883395,1210.0,1-2 km
10951097,MOONLIGHT VESTIDOS,Alquiler de prendas de vestir,otro,0 a 5 personas,25.64002557,-100.27286059,2093.0,> 2 km
10360823,MULTI SERVICIOS INDUSTRIALES ACERO,Alquiler sin intermediación de edificios industriales dentro de un parque industrial,otro,0 a 5 personas,25.65579367,-100.28417043,724.0,500 m-1 km
11648629,NURS ALTA COSTURA,Alquiler de prendas de vestir,otro,0 a 5 personas,25.64793526,-100.29044376,397.0,0-500 m
8649310,OFICINAS ADMINISTRACION GRAN CIUDAD,Servicios de administración de bienes raíces,otro,0 a 5 personas,25.65169629,-100.27587011,1367.0,1-2 km
8970650,OFICINAS ADMINISTRATIVAS PASEO TEC,Alquiler sin intermediación de oficinas y locales comerciales,otro,0 a 5 personas,25.65322729,-100.29327543,430.0,0-500 m
10959852,OFICINAS DE ADMINISTRACION,Alquiler sin intermediación de oficinas y locales comerciales,otro,0 a 5 personas,25.65549028,-100.29294895,571.0,500 m-1 km
10527712,ONSTAGE,Alquiler de aparatos eléctricos y electrónicos para el hogar y personales,otro,0 a 5 personas,25.63881473,-100.27262364,2196.0,> 2 km
9469063,PANINOS LAND,Alquiler sin intermediación de salones para fiestas y convenciones,otro,0 a 5 personas,25.64022823,-100.28556925,1303.0,1-2 km
10772163,PASAPORTES Y VISAS,Otros servicios relacionados con los servicios inmobiliarios,otro,0 a 5 personas,25.65549028,-100.29294895,571.0,500 m-1 km
10203594,PATRIMONIO INTELIGENTE,Inmobiliarias y corredores de bienes raíces,otro,0 a 5 personas,25.66082963,-100.30128432,1579.0,1-2 km
8805688,PIMPOITOS PARTY SALON DE EVENTOS,Alquiler sin intermediación de salones para fiestas y convenciones,otro,0 a 5 personas,25.6653389,-100.28439511,1632.0,1-2 km
2991654,PLANIGRUPO,Servicios de administración de bienes raíces,otro,101 a 250 personas,25.64196581,-100.28617947,1101.0,1-2 km
12302796,REACTIVOS Y QUIMICOS,Alquiler sin intermediación de otros bienes raíces,otro,11 a 30 personas,25.66023072,-100.28117773,1288.0,1-2 km
3038984,REGIO ALARMAS,Alquiler sin intermediación de salones para fiestas y convenciones,otro,0 a 5 personas,25.66382318,-100.28339767,1511.0,1-2 km
8297089,RENMAQ,"Alquiler de maquinaria y equipo para construcción, minería y actividades forestales",otro,6 a 10 personas,25.66044466,-100.30414144,1779.0,1-2 km
11477043,RENTA DE MOBILIARIO,"Alquiler de mesas, sillas, vajillas y similares",otro,0 a 5 personas,25.64996242,-100.28422155,553.0,500 m-1 km
10419688,RENTA DE VESTIDOS,Alquiler de prendas de vestir,otro,0 a 5 personas,25.64316454,-100.30083782,1460.0,1-2 km
10960442,RENTA DE VESTIDOS LUMINA DRESSES,Alquiler de prendas de vestir,otro,0 a 5 personas,25.65590317,-100.30532047,1663.0,1-2 km
9805326,ROUS EVENTOS,Alquiler sin intermediación de salones para fiestas y convenciones,otro,0 a 5 personas,25.66061811,-100.28406355,1161.0,1-2 km
10941384,ROYAL MOUNTVIEW,Alquiler sin intermediación de viviendas no amuebladas,otro,0 a 5 personas,25.63909268,-100.28016661,1658.0,1-2 km
8441427,SALON DE FIESTAS,Alquiler sin intermediación de salones para fiestas y convenciones,otro,0 a 5 personas,25.64149093,-100.27327949,1964.0,1-2 km
9014328,SALON DE FIESTAS GIGI FUN PLACE,Alquiler sin intermediación de salones para fiestas y convenciones,otro,6 a 10 personas,25.6667981,-100.28033876,1943.0,1-2 km
8441258,SALON DE FIESTAS LA ESPAÑOLA EVENTOS,Alquiler sin intermediación de salones para fiestas y convenciones,otro,0 a 5 personas,25.66512984,-100.27492663,2113.0,> 2 km
6215838,SALON DE FIESTAS TRAVESURAS,Alquiler sin intermediación de salones para fiestas y convenciones,otro,6 a 10 personas,25.66429508,-100.28431683,1525.0,1-2 km
11239356,SANTA BONITA,Alquiler de prendas de vestir,otro,0 a 5 personas,25.64188952,-100.27927822,1472.0,1-2 km
8524519,SILLAS Y MESAS RAMIREZ,"Alquiler de mesas, sillas, vajillas y similares",otro,0 a 5 personas,25.66585058,-100.27816532,1968.0,1-2 km
9853067,SKIN CLEEN,Alquiler de otros artículos para el hogar y personales,otro,0 a 5 personas,25.6670498,-100.29249704,1766.0,1-2 km
11778616,SUMINISTROS ALIMENTICIOS,Inmobiliarias y corredores de bienes raíces,otro,6 a 10 personas,25.66523649,-100.27495561,2119.0,> 2 km
3038443,SUPER KIDS,Alquiler sin intermediación de salones para fiestas y convenciones,otro,0 a 5 personas,25.66687812,-100.28099824,1920.0,1-2 km
9424943,TIC TAC TOE FIESTA,Alquiler sin intermediación de salones para fiestas y convenciones,otro,0 a 5 personas,25.63633481,-100.28310362,1794.0,1-2 km
3039566,TOTAL FEST,"Alquiler de mesas, sillas, vajillas y similares",otro,0 a 5 personas,25.64867109,-100.29586923,707.0,500 m-1 km
6213223,USA MACHINERY AND RENTALS,"Alquiler de maquinaria y equipo para mover, levantar y acomodar materiales",otro,11 a 30 personas,25.65324361,-100.30037728,1109.0,1-2 km
11740721,YAMOS PARTY,Alquiler sin intermediación de salones para fiestas y convenciones,otro,0 a 5 personas,25.66019455,-100.2818989,1240.0,1-2 km
12330625,,Servicios de elaboración de mapas,otro,0 a 5 personas,25.65105163,-100.30524085,1578.0,1-2 km
9955349,360 ESTRATEGIA DIGITAL,Agencias de anuncios publicitarios,otro,11 a 30 personas,25.64547675,-100.27504786,1591.0,1-2 km
10686082,4D ESTUDIO FOTO Y VIDEO,Servicios de fotografía y videograbación,otro,0 a 5 personas,25.64149093,-100.27327949,1964.0,1-2 km
9699348,ACCE CONSULTORES,Otros servicios relacionados con la contabilidad,otro,0 a 5 personas,25.65483464,-100.27763646,1249.0,1-2 km
10655628,ACENCIA DE PUBLICIDAD CAFETERA,Agencias de publicidad,otro,6 a 10 personas,25.64501924,-100.28814604,722.0,500 m-1 km
9036857,ADMINISTRACION DE PLAZA COMERCIAL COLIBRI,Servicios de contabilidad y auditoría,otro,0 a 5 personas,25.6668223,-100.28401425,1801.0,1-2 km
11615756,ADMINISTRADORA ORKUA,Otros servicios relacionados con la contabilidad,otro,11 a 30 personas,25.66698822,-100.29345875,1778.0,1-2 km
6880655,AGENCIA PROMOTORA DE PUBLICACIONES,Agencias de publicidad,otro,51 a 100 personas,25.6575444,-100.29889148,1163.0,1-2 km
8649139,AHORRO Y CALIDAD DE ENERGIA ELECTRICA,Servicios de consultoría en medio ambiente,otro,0 a 5 personas,25.65514284,-100.27700004,1320.0,1-2 km
10094873,AISA SERVICIOS ESPECIALIZADOS SA DE CV,Servicios de consultoría en administración,otro,11 a 30 personas,25.65909621,-100.29735869,1163.0,1-2 km
9458696,ALIOTH SISTEMAS,Diseño gráfico,otro,0 a 5 personas,25.66188483,-100.28563966,1228.0,1-2 km
3039014,ARGUELLES VILLAGOMEZ Y ASOCIADOS,Servicios de contabilidad y auditoría,otro,0 a 5 personas,25.66155072,-100.28203334,1354.0,1-2 km
11191079,ARQUIETECTURA Y CONSTRUCION,Servicios de ingeniería,otro,0 a 5 personas,25.63722604,-100.27726121,1997.0,1-2 km
3034261,ARTE CREATIVO DISEÑO,Servicios de rotulación y otros servicios de publicidad,otro,11 a 30 personas,25.6634397,-100.30349262,1939.0,1-2 km
3034546,ARTICULOS PROMOCIONALES AB,Agencias de publicidad,otro,11 a 30 personas,25.65853251,-100.30943064,2149.0,> 2 km
3039361,ASESORES ESPECIALIZADOS TAMEZ,Servicios de consultoría en administración,otro,0 a 5 personas,25.66161242,-100.27140496,2140.0,> 2 km
3038873,ASESORES Y AUDITORES,Servicios de contabilidad y auditoría,otro,0 a 5 personas,25.66505388,-100.29291391,1556.0,1-2 km
2993997,ASESORIA ADMINISTRAT6IVA FISCAL Y FINANCIERA,Servicios de contabilidad y auditoría,otro,0 a 5 personas,25.66189918,-100.29085318,1175.0,1-2 km
9014309,ASESORIA Y CONSULTORES PERMART,Servicios de contabilidad y auditoría,otro,0 a 5 personas,25.66721394,-100.28572896,1799.0,1-2 km
9641369,ASESORIAS POLANCO,Servicios de contabilidad y auditoría,otro,11 a 30 personas,25.66544267,-100.28393292,1658.0,1-2 km
10095718,AUXILIAR ALMACEN -A,Servicios de fotografía y videograbación,otro,0 a 5 personas,25.64834934,-100.27440659,1550.0,1-2 km
10891297,AVALUOS Y ARQUITECTURA,Servicios de arquitectura,otro,0 a 5 personas,25.66467283,-100.29928867,1772.0,1-2 km
3039045,AYALA V ASESORES CO SCL,Servicios de contabilidad y auditoría,otro,11 a 30 personas,25.66166623,-100.28067813,1444.0,1-2 km
2994425,BACIT-TECHNOLOGIES,Servicios de consultoría en administración,otro,0 a 5 personas,25.65531568,-100.29500627,703.0,500 m-1 km
12331337,BAMSA MTY,"Servicios de investigación científica y desarrollo en ciencias naturales y exactas, ingeniería, y ciencias de la vida, prestados por el sector privado",otro,0 a 5 personas,25.66577333,-100.29549435,1707.0,1-2 km
11596047,BELTRAN Y ASOCIADOS SERVICIOS CORPORATIVO,Servicios de contabilidad y auditoría,otro,6 a 10 personas,25.66133825,-100.28244432,1312.0,1-2 km
10936076,BLFC,Servicios de contabilidad y auditoría,otro,11 a 30 personas,25.66544267,-100.28393292,1658.0,1-2 km
8970810,BORDADOS GELOS,Diseño gráfico,otro,0 a 5 personas,25.65584089,-100.2922384,565.0,500 m-1 km
2935477,BUFETE DE ABOGADOS,Bufetes jurídicos,otro,0 a 5 personas,25.66016108,-100.30827881,2119.0,> 2 km
3040092,BUFETE GUZMAN Y ASOCIADOS,Bufetes jurídicos,otro,0 a 5 personas,25.6557445,-100.29241832,565.0,500 m-1 km
10799661,CANNIS HOSPITAL VETERINARIO,Servicios veterinarios para mascotas prestados por el sector privado,otro,0 a 5 personas,25.64723284,-100.29511703,729.0,500 m-1 km
8648739,CAOBA FILMS,Servicios de fotografía y videograbación,otro,0 a 5 personas,25.66414165,-100.2835247,1538.0,1-2 km
12316128,CASA BOLT,Servicios de ingeniería,otro,0 a 5 personas,25.66657413,-100.27849068,2016.0,> 2 km
10911450,CENTRO VET Y SPA,Servicios veterinarios para mascotas prestados por el sector privado,otro,0 a 5 personas,25.66053506,-100.29919947,1406.0,1-2 km
10549375,CIBA GROUP,Servicios de consultoría en administración,otro,0 a 5 personas,25.64230252,-100.27385788,1866.0,1-2 km
11636506,CIERTO Y SEGUROS LABORATORIO DE ANALISIS,Laboratorios de pruebas,otro,0 a 5 personas,25.66442517,-100.2836378,1563.0,1-2 km
8410683,CIMA LABORATORIOS DE CONTROL DE CALIDA,Laboratorios de pruebas,otro,0 a 5 personas,25.65893396,-100.29868486,1245.0,1-2 km
9996101,CINCO CERO,Agencias de publicidad,otro,6 a 10 personas,25.64285105,-100.27710642,1564.0,1-2 km
8970986,CLINICA VETERINARIA CAN CAN,Servicios veterinarios para mascotas prestados por el sector privado,otro,0 a 5 personas,25.66039751,-100.27981348,1394.0,1-2 km
3039646,CLINICA VETERINARIA TEC,Servicios veterinarios para mascotas prestados por el sector privado,otro,6 a 10 personas,25.6463847,-100.28946008,558.0,500 m-1 km
8440968,CNC MARKETING,Agencias de publicidad,otro,0 a 5 personas,25.66576847,-100.29559845,1711.0,1-2 km
8524521,CONSULTORES BLFC,Servicios de apoyo para efectuar trámites legales,otro,6 a 10 personas,25.66341285,-100.28323398,1476.0,1-2 km
10856055,CONSULTORIA DE INGENIERIA AUTORIZADA DE VG,Servicios de contabilidad y auditoría,otro,6 a 10 personas,25.64874856,-100.27297056,1683.0,1-2 km
11195289,CONSULTORIA LEGAL,Bufetes jurídicos,otro,0 a 5 personas,25.64172362,-100.27907006,1500.0,1-2 km
8411173,CONSULTORIA MANGLAR,Servicios de consultoría en administración,otro,0 a 5 personas,25.63812001,-100.28421245,1569.0,1-2 km
3034234,CONTADOR ALFONSO SALAZAR LOPEZ,Servicios de contabilidad y auditoría,otro,6 a 10 personas,25.66410467,-100.30049382,1792.0,1-2 km
9280256,CONTPAQI SOFWARE EMPRESARIAL,Servicios de diseño de sistemas de cómputo y servicios relacionados,otro,6 a 10 personas,25.66019455,-100.2818989,1240.0,1-2 km
10515072,CORE TOOLS CONSULTING,Otros servicios de consultoría científica y técnica,otro,6 a 10 personas,25.64172362,-100.27907006,1500.0,1-2 km
11615365,CORNER36,Diseño gráfico,otro,0 a 5 personas,25.66134783,-100.29946742,1491.0,1-2 km
8648906,CORONADO Y ASESORES CONTABLES Y FISCALES,Servicios de contabilidad y auditoría,otro,0 a 5 personas,25.64295325,-100.27586188,1659.0,1-2 km
8440972,CRAFT ROOM,Diseño gráfico,otro,0 a 5 personas,25.66704809,-100.28993551,1741.0,1-2 km
11623405,CREATIVO JURIDICO MOELER,Bufetes jurídicos,otro,0 a 5 personas,25.64561291,-100.30047385,1274.0,1-2 km
6217229,CREMASCOTA MONTERREY,Servicios veterinarios para mascotas prestados por el sector privado,otro,0 a 5 personas,25.65716122,-100.29619209,928.0,500 m-1 km
6757903,CTE CONSULTORES EN TELEINFORMATICA EMPRESARIAL,Servicios de diseño de sistemas de cómputo y servicios relacionados,otro,11 a 30 personas,25.6529724,-100.29835825,905.0,500 m-1 km
10589643,CYTRUM,Servicios de ingeniería,otro,11 a 30 personas,25.64478008,-100.29640603,1010.0,1-2 km
8297124,CZG,Servicios de contabilidad y auditoría,otro,0 a 5 personas,25.6588156,-100.30452336,1717.0,1-2 km
12315995,DECOES ARQUITECTOS ,Servicios de arquitectura,otro,0 a 5 personas,25.64172362,-100.27907006,1500.0,1-2 km
10028838,DEMOLICIONES Y ESCABACIONES GONZALEZ AGUIRRE,Servicios de ingeniería,otro,11 a 30 personas,25.65146134,-100.30804812,1859.0,1-2 km
10515122,DEMOSCOPIA DIGITAL,Diseño gráfico,otro,6 a 10 personas,25.63619594,-100.28257993,1827.0,1-2 km
10002808,DERMATOLOGO VETERINARIO,Servicios veterinarios para mascotas prestados por el sector privado,otro,0 a 5 personas,25.64102878,-100.27421625,1918.0,1-2 km
11270090,DESARROLLO CROSAS,Servicios de ingeniería,otro,0 a 5 personas,25.66544267,-100.28393292,1658.0,1-2 km
9602126,DESARROLLO GRAFICO,Agencias de publicidad,otro,0 a 5 personas,25.66704445,-100.28999524,1740.0,1-2 km
11479898,DESIGN DISEÑO,Diseño y decoración de interiores,otro,6 a 10 personas,25.6434727,-100.27648652,1574.0,1-2 km
11434002,DESPACHO CONTABLE,Servicios de contabilidad y auditoría,otro,0 a 5 personas,25.66147051,-100.3009607,1604.0,1-2 km
3040591,DESPACHO CONTABLE Y FISCAL,Servicios de contabilidad y auditoría,otro,0 a 5 personas,25.64233678,-100.27351114,1893.0,1-2 km
10574723,DESPACHO JURIDICO,Bufetes jurídicos,otro,0 a 5 personas,25.63928723,-100.27269779,2157.0,> 2 km
10071867,DESPACHO LOZANO Y PROFESIONISTAS Y ASOCIADOS,Servicios de contabilidad y auditoría,otro,6 a 10 personas,25.66709084,-100.30251539,2179.0,> 2 km
9438135,DIFUSION PANORAMICA MONTERREY,Agencias de anuncios publicitarios,otro,6 a 10 personas,25.65797389,-100.29890826,1193.0,1-2 km
9943246,DISTRIBUCIÓN DE MATERIAL PUBLICITARIO SIN NOMBRE,Distribución de material publicitario,otro,0 a 5 personas,25.64804761,-100.27499445,1501.0,1-2 km
8440901,DITEM,Servicios de diseño de sistemas de cómputo y servicios relacionados,otro,11 a 30 personas,25.64486879,-100.28788533,744.0,500 m-1 km
3040298,DOGGIES HOSPITAL VETERINARIA-3419,Servicios veterinarios para mascotas prestados por el sector privado,otro,31 a 50 personas,25.64843095,-100.27440511,1549.0,1-2 km
8411292,DOGTOR BROW,Servicios veterinarios para mascotas prestados por el sector privado,otro,6 a 10 personas,25.65002343,-100.29417121,493.0,0-500 m
10930548,ECLECTICO BOUTIQUE,Servicios de contabilidad y auditoría,otro,0 a 5 personas,25.64678691,-100.28813815,531.0,500 m-1 km
8778991,EHS PARAMEDICS,Servicios de consultoría en medio ambiente,otro,0 a 5 personas,25.6617298,-100.29806553,1434.0,1-2 km
2914903,EL COLEGIO DE LA FRONTERA NORTE,"Servicios de investigación científica y desarrollo en ciencias sociales y humanidades, prestados por el sector público",otro,11 a 30 personas,25.64582964,-100.29292647,708.0,500 m-1 km
11726056,ELEVATION STUDIO,Agencias de publicidad,otro,6 a 10 personas,25.65614201,-100.29298903,633.0,500 m-1 km
8297572,ESTETICA CANINA,Servicios veterinarios para mascotas prestados por el sector privado,otro,0 a 5 personas,25.64187461,-100.30408362,1805.0,1-2 km
3038425,ESTUDIO AYALA,Servicios de fotografía y videograbación,otro,0 a 5 personas,25.66622658,-100.27559252,2159.0,> 2 km
9693117,ESTUDIO FOTOGRAFICO,Servicios de fotografía y videograbación,otro,0 a 5 personas,25.65549028,-100.29294895,571.0,500 m-1 km
8723312,EXACOLOR LABORATORIES,Laboratorios de pruebas,otro,11 a 30 personas,25.64375067,-100.29212041,890.0,500 m-1 km
9973665,EXPER TEC,Servicios de diseño de sistemas de cómputo y servicios relacionados,otro,11 a 30 personas,25.64363964,-100.28729501,891.0,500 m-1 km
3040212,FAUTO TOVAR FOTOGRAFIA,Servicios de fotografía y videograbación,otro,0 a 5 personas,25.64801181,-100.28757351,423.0,0-500 m
2994431,FINTEL,Servicios de contabilidad y auditoría,otro,0 a 5 personas,25.65440992,-100.29444093,598.0,500 m-1 km
9831940,FISCADVISOR,Otros servicios relacionados con la contabilidad,otro,6 a 10 personas,25.66686916,-100.29526258,1814.0,1-2 km
11065661,FUNDACION MEXICANA DE LECTURA RAPIDA,Servicios de traducción e interpretación,otro,6 a 10 personas,25.65312366,-100.29365497,458.0,0-500 m
8778986,FUTURE ELECTRONICS,Servicios de consultoría en administración,otro,0 a 5 personas,25.64838127,-100.29744299,864.0,500 m-1 km
2994223,G & MAR ARQUITECTOS,Servicios de arquitectura,otro,6 a 10 personas,25.65613334,-100.29038899,534.0,500 m-1 km
11651640,GARZA ABOGADOS,Bufetes jurídicos,otro,0 a 5 personas,25.64155866,-100.27941465,1490.0,1-2 km
9971370,GEOTECNIA SERVICIOS DE INGENIERIA LC,Servicios de elaboración de mapas,otro,6 a 10 personas,25.6598352,-100.29782082,1255.0,1-2 km
10355532,GRABARTE,Servicios de fotografía y videograbación,otro,0 a 5 personas,25.64955551,-100.287763,269.0,0-500 m
11139893,GRABBO RECONOCIMIENTOS,Agencias de publicidad,otro,6 a 10 personas,25.64045859,-100.28357892,1354.0,1-2 km
12310568,GRAFICA DEL NORTE,Bufetes jurídicos,otro,6 a 10 personas,25.66422994,-100.29849977,1688.0,1-2 km
9496297,GRAFICOS REGIOS,Distribución de material publicitario,otro,11 a 30 personas,25.65984674,-100.30428741,1755.0,1-2 km
10901520,GRUPO CAMVIA,Servicios de consultoría en medio ambiente,otro,0 a 5 personas,25.65143514,-100.28027584,925.0,500 m-1 km
10022471,GRUPO CONSTRUGEST,Servicios de apoyo para efectuar trámites legales,otro,11 a 30 personas,25.64187939,-100.2911685,1072.0,1-2 km
12331261,GRUPO ISALI,Servicios de consultoría en medio ambiente,otro,31 a 50 personas,25.66105122,-100.3024734,1686.0,1-2 km
11176966,GRUPO MONROE,Diseño gráfico,otro,6 a 10 personas,25.66027441,-100.27409091,1833.0,1-2 km
6371245,GRUPO POL,Agencias de anuncios publicitarios,otro,101 a 250 personas,25.65815943,-100.29886607,1203.0,1-2 km
2993845,GUDEL,Servicios de diseño de sistemas de cómputo y servicios relacionados,otro,31 a 50 personas,25.66782094,-100.28241191,1959.0,1-2 km
8523895,HAPPY CLINIC VETERINARIA Y ESTETICA,Servicios veterinarios para mascotas prestados por el sector privado,otro,0 a 5 personas,25.6394683,-100.29677651,1514.0,1-2 km
8970813,HIJUELOS,Agencias de publicidad,otro,6 a 10 personas,25.66546901,-100.29367902,1620.0,1-2 km
10024336,HOME LUXURY,Diseño y decoración de interiores,otro,0 a 5 personas,25.64836316,-100.29744241,865.0,500 m-1 km
8410680,HTP IMPRENTA,Diseño gráfico,otro,6 a 10 personas,25.65911712,-100.29962717,1329.0,1-2 km
12331128,I24H,Servicios de consultoría en administración,otro,11 a 30 personas,25.64955551,-100.287763,269.0,0-500 m
11123761,IIPR INSTITUTO DE INGENIERIA EN POLITICA PUBLICA,Agencias de relaciones públicas,otro,0 a 5 personas,25.64908223,-100.2724081,1733.0,1-2 km
3034024,IMAGEN TEXTIL Y ETIQUETADO,Agencias de publicidad,otro,11 a 30 personas,25.66019423,-100.30786778,2085.0,> 2 km
11171368,IMIX & GO,Diseño gráfico,otro,0 a 5 personas,25.64955551,-100.287763,269.0,0-500 m
3039026,IMPRENTA DE LONAS PUNTO CMYK,Diseño gráfico,otro,6 a 10 personas,25.66039032,-100.27969383,1402.0,1-2 km
10917518,IMPRENTA SIN NOMBRE,Diseño gráfico,otro,0 a 5 personas,25.66751329,-100.29500325,1875.0,1-2 km
11556060,IMPRESOS CARACOL,Diseño gráfico,otro,0 a 5 personas,25.65789779,-100.30187995,1436.0,1-2 km
6215847,INDUSTRIAS ELECTRONICAS BASICAS,Servicios de ingeniería,otro,31 a 50 personas,25.6656363,-100.2903195,1585.0,1-2 km
10222976,INGENIERIA TECNICA TOTAL,Servicios de ingeniería,otro,0 a 5 personas,25.63843331,-100.29273081,1478.0,1-2 km
8649039,INK BUSSINES SERVICE,Servicios de contabilidad y auditoría,otro,0 a 5 personas,25.66696783,-100.28173067,1898.0,1-2 km
11841084,INK BUSSINEW SERVICE,Servicios de contabilidad y auditoría,otro,0 a 5 personas,25.66695401,-100.28161823,1901.0,1-2 km
12330623,INTEX,Servicios de elaboración de mapas,otro,0 a 5 personas,25.6598352,-100.29782082,1255.0,1-2 km
2994215,IRS,Servicios de contabilidad y auditoría,otro,6 a 10 personas,25.65600195,-100.29069265,525.0,500 m-1 km
9516361,ISALI,Servicios de consultoría en medio ambiente,otro,31 a 50 personas,25.66105679,-100.30250313,1689.0,1-2 km
12316013,IVONNE TAMEZ ARQUITECTOS,Servicios de arquitectura,otro,0 a 5 personas,25.64172362,-100.27907006,1500.0,1-2 km
8649182,JSP SOLUCIONES,Servicios de fotografía y videograbación,otro,0 a 5 personas,25.65266423,-100.28261622,704.0,500 m-1 km
3040137,JURADO GARCIA Y ASOCIADOS,Servicios de contabilidad y auditoría,otro,0 a 5 personas,25.65979849,-100.28841913,940.0,500 m-1 km
9902224,KIBO VETERINARIA Y ESTETICA,Servicios veterinarios para mascotas prestados por el sector privado,otro,0 a 5 personas,25.65248247,-100.28184828,776.0,500 m-1 km
11179035,LABORATORIO DE CONSTRUCCION,Servicios de ingeniería,otro,31 a 50 personas,25.65466537,-100.30314779,1415.0,1-2 km
9407560,LANNET MULTIMEDIOS,Servicios de diseño de sistemas de cómputo y servicios relacionados,otro,11 a 30 personas,25.65198027,-100.29952987,1007.0,1-2 km
11382851,LICEA ASESORES,Bufetes jurídicos,otro,0 a 5 personas,25.6579042,-100.30560721,1769.0,1-2 km
8970539,LIDAG,Laboratorios de pruebas,otro,0 a 5 personas,25.64998536,-100.28210705,758.0,500 m-1 km
10501737,LIDERES PUBLICITARIOS MASER,Agencias de anuncios publicitarios,otro,0 a 5 personas,25.6668223,-100.28401425,1801.0,1-2 km
8297093,LITHOPROCESOS,Servicios de rotulación y otros servicios de publicidad,otro,11 a 30 personas,25.65984674,-100.30428741,1755.0,1-2 km
10864458,LONAS E IMPRESIONES KEMANIA DEL NORESTE,Agencias de publicidad,otro,0 a 5 personas,25.66522455,-100.29561499,1655.0,1-2 km
8440954,LUHOTT-MERAKI ASESORES AMBIENTALES,Servicios de consultoría en medio ambiente,otro,6 a 10 personas,25.66207372,-100.28136491,1440.0,1-2 km
8970433,LUIS QUINTERO FOTOGRAFIAS,Servicios de fotografía y videograbación,otro,0 a 5 personas,25.64634397,-100.27512852,1546.0,1-2 km
3040297,MA DOLORES CANTU ESCUDERO ESTUDIO DE FOTOGRAFIA,Servicios de fotografía y videograbación,otro,0 a 5 personas,25.64816878,-100.27441634,1554.0,1-2 km
6225284,MANHATTANS TEC,Servicios de consultoría en administración,otro,0 a 5 personas,25.64774046,-100.28477921,624.0,500 m-1 km
9637309,MAR CO,Diseño y decoración de interiores,otro,0 a 5 personas,25.64285105,-100.27710642,1564.0,1-2 km
3034248,MC PROMOS,Agencias de publicidad,otro,11 a 30 personas,25.66255465,-100.29886463,1555.0,1-2 km
3034556,MEGA ROTULOS,Servicios de rotulación y otros servicios de publicidad,otro,0 a 5 personas,25.6579376,-100.30623741,1828.0,1-2 km
9974936,MEJORA SOFT,Servicios de diseño de sistemas de cómputo y servicios relacionados,otro,0 a 5 personas,25.63812001,-100.28421245,1569.0,1-2 km
11283745,MISITU SERVICIOS VETERINARIOS,Servicios veterinarios para mascotas prestados por el sector privado,otro,0 a 5 personas,25.66373738,-100.29591323,1515.0,1-2 km
11817059,MONTEMAYOR CONSULTORES,Servicios de contabilidad y auditoría,otro,6 a 10 personas,25.64932372,-100.27801021,1175.0,1-2 km
11127761,NC ALTA COSTURA,Diseño de modas y otros diseños especializados,otro,0 a 5 personas,25.64019339,-100.28902322,1247.0,1-2 km
3040377,NOTARIA PUBLICA 133,Notarías públicas,otro,11 a 30 personas,25.64263851,-100.27759103,1541.0,1-2 km
6217400,NOTARIA PUBLICA NO 5,Notarías públicas,otro,11 a 30 personas,25.65141267,-100.27628386,1325.0,1-2 km
9933040,OFICINA DE ABOGADO,Bufetes jurídicos,otro,0 a 5 personas,25.6637614,-100.28185123,1574.0,1-2 km
11212229,OFICINA VINIL,Servicios de dibujo,otro,0 a 5 personas,25.64085292,-100.28096153,1452.0,1-2 km
3034367,OFICINAS DE ABOGADO,Bufetes jurídicos,otro,0 a 5 personas,25.65979607,-100.30134082,1510.0,1-2 km
8533092,OPCION TU MEJOR CREDITO,Servicios de consultoría en administración,otro,0 a 5 personas,25.65909621,-100.29735869,1163.0,1-2 km
8778983,PEQUEÑO RAMIREZ Y ASOCIADOS,Servicios de contabilidad y auditoría,otro,0 a 5 personas,25.65166101,-100.29883178,936.0,500 m-1 km
8368903,PET S ANATOMY VETERINARY,Servicios veterinarios para mascotas prestados por el sector privado,otro,0 a 5 personas,25.65284815,-100.28365448,608.0,500 m-1 km
11465989,PETS HEALTH,Servicios veterinarios para mascotas prestados por el sector privado,otro,0 a 5 personas,25.6524227,-100.27933938,1025.0,1-2 km
10986850,PIACONSA,Servicios de ingeniería,otro,0 a 5 personas,25.65428362,-100.30546424,1632.0,1-2 km
12331340,PILLAR MONTERREY,"Servicios de investigación científica y desarrollo en ciencias naturales y exactas, ingeniería, y ciencias de la vida, prestados por el sector privado",otro,11 a 30 personas,25.66560848,-100.29057744,1584.0,1-2 km
6859948,POWER ENGINEERING SERVICES AND SOLUTIONS,Servicios de ingeniería,otro,31 a 50 personas,25.64787998,-100.28991472,394.0,0-500 m
11780786,PRESSKO,Diseño y decoración de interiores,otro,0 a 5 personas,25.65252062,-100.2788986,1070.0,1-2 km
2994272,PROTEGIDO POR HOGAR INTELIGENTE,Servicios de diseño de sistemas de cómputo y servicios relacionados,otro,0 a 5 personas,25.64892248,-100.2738947,1588.0,1-2 km
10049721,PROYECTOS Y CONSTRUCCIONES SULTANA,Servicios de arquitectura,otro,0 a 5 personas,25.63843331,-100.29273081,1478.0,1-2 km
2994889,PUBLI.COM,Servicios de diseño de sistemas de cómputo y servicios relacionados,otro,6 a 10 personas,25.63465052,-100.28138418,2032.0,> 2 km
8648982,PUBLICIDAD DGI,Diseño gráfico,otro,0 a 5 personas,25.66627817,-100.282819,1785.0,1-2 km
8440960,PUBLICIDAD TERRONES,Diseño gráfico,otro,0 a 5 personas,25.66704748,-100.28994546,1740.0,1-2 km
8332314,PUBLIMAX,Agencias de publicidad,otro,11 a 30 personas,25.64304097,-100.29644102,1161.0,1-2 km
11186110,PUNTO DTF,Diseño gráfico,otro,0 a 5 personas,25.66660727,-100.29185125,1707.0,1-2 km
12316164,PYROL,Servicios de ingeniería,otro,31 a 50 personas,25.65415601,-100.27820679,1173.0,1-2 km
8411237,REORGANIZA CONTABILIDAD EMPRESARIAL,Servicios de contabilidad y auditoría,otro,31 a 50 personas,25.63659457,-100.29711927,1815.0,1-2 km
11481421,RESPALDO JURIDICO PROFESIONAL SC,Bufetes jurídicos,otro,6 a 10 personas,25.6485664,-100.30599937,1684.0,1-2 km
3034018,RUIZ Y ASOCIADOS,Servicios de apoyo para efectuar trámites legales,otro,0 a 5 personas,25.66071561,-100.30829275,2150.0,> 2 km
2994280,SALAZAR RIOS Y ASOCIADOS DESPACHO CONTABLE,Servicios de contabilidad y auditoría,otro,0 a 5 personas,25.64900402,-100.27389691,1587.0,1-2 km
8778766,SAN ANGEL VETERINARIA,Servicios veterinarios para mascotas prestados por el sector privado,otro,6 a 10 personas,25.63829227,-100.29472585,1549.0,1-2 km
11431710,SENSE STUDIO,Servicios de fotografía y videograbación,otro,0 a 5 personas,25.64172362,-100.27907006,1500.0,1-2 km
10227706,SERVICIOS DE CONTABILIDAD Y AUDITORÍA SIN NOMBRE,Servicios de contabilidad y auditoría,otro,11 a 30 personas,25.638938,-100.29191006,1407.0,1-2 km
11106279,SERVICIOS DE CONTABILIDAD Y AUDITORÍA SIN NOMBRE,Servicios de contabilidad y auditoría,otro,0 a 5 personas,25.64045166,-100.29410972,1302.0,1-2 km
8297589,SERVICIOS DE DISEÑO DE SISTEMAS DE CÓMPUTO Y SERVICIOS RELACIONADOS SIN NOMBRE,Servicios de diseño de sistemas de cómputo y servicios relacionados,otro,11 a 30 personas,25.63714612,-100.28902066,1586.0,1-2 km
3039544,SERVICIOS VETERINARIOS PARA MASCOTAS PRESTADOS POR EL SECTOR PRIVADO SIN NOMBRE,Servicios veterinarios para mascotas prestados por el sector privado,otro,0 a 5 personas,25.64732849,-100.29537295,743.0,500 m-1 km
8642186,SERVICIOS VETERINARIOS PARA MASCOTAS ROMERO,Servicios veterinarios para mascotas prestados por el sector privado,otro,0 a 5 personas,25.66646837,-100.28149102,1858.0,1-2 km
6491679,SERVINTESP,Servicios de consultoría en medio ambiente,otro,0 a 5 personas,25.66281272,-100.28741773,1286.0,1-2 km
12330911,SETI CONSULTING,Servicios de diseño de sistemas de cómputo y servicios relacionados,otro,0 a 5 personas,25.66019455,-100.2818989,1240.0,1-2 km
10832368,SG CONSULTORIA CONTABLE Y FISCAL,Servicios de contabilidad y auditoría,otro,0 a 5 personas,25.66544267,-100.28393292,1658.0,1-2 km
9280486,SISTEMAS INDUSTRIALES DE CALIDAD,Servicios de consultoría en administración,otro,0 a 5 personas,25.65225849,-100.30211431,1268.0,1-2 km
8411329,SISTEMAS OPTIMOS CONSTRUCTIVOS,Servicios de ingeniería,otro,0 a 5 personas,25.64767416,-100.29046283,425.0,0-500 m
2994962,SISTEMAS TC,Servicios de diseño de sistemas de cómputo y servicios relacionados,otro,0 a 5 personas,25.64295334,-100.27589189,1656.0,1-2 km
3040080,SITIOS REGIOS.COM,Servicios de diseño de sistemas de cómputo y servicios relacionados,otro,6 a 10 personas,25.65858552,-100.29544729,997.0,500 m-1 km
11020761,SOLUCIONES CREATIVAS,Servicios de contabilidad y auditoría,otro,0 a 5 personas,25.64046962,-100.28439258,1319.0,1-2 km
8649129,SOLUCIONES VISUALES IVE,Agencias de publicidad,otro,6 a 10 personas,25.64871373,-100.27388902,1593.0,1-2 km
11178692,ST INGENIERIAS DISEÑO MEP,Servicios de ingeniería,otro,0 a 5 personas,25.64501924,-100.28814604,722.0,500 m-1 km
6859679,SUPER PUBLICIDAD,Agencias de publicidad,otro,0 a 5 personas,25.64321646,-100.29587895,1112.0,1-2 km
6857599,TANGO ADMINISTRADORA,Servicios de consultoría en administración,otro,51 a 100 personas,25.63644897,-100.29028052,1664.0,1-2 km
9758789,TAURUS FINANCIAL SERVICES,Servicios de diseño de sistemas de cómputo y servicios relacionados,otro,0 a 5 personas,25.66027839,-100.27661254,1626.0,1-2 km
9284391,TECNOLOGIA Y DESARROLLO EN INFORMATICA,Servicios de diseño de sistemas de cómputo y servicios relacionados,otro,51 a 100 personas,25.66158319,-100.28253768,1330.0,1-2 km
6786918,THE AMT ASSOCIATION FOR MANUFACTURING TECHNOLOGY,Otros servicios de consultoría científica y técnica,otro,31 a 50 personas,25.64740665,-100.2896238,444.0,0-500 m
11102196,THE ROYAL PETS HOTEL,Servicios veterinarios para mascotas prestados por el sector privado,otro,0 a 5 personas,25.63619594,-100.28257993,1827.0,1-2 km
6217208,TI SERVICIOS PROFESIONALES,Servicios de diseño de sistemas de cómputo y servicios relacionados,otro,0 a 5 personas,25.66362062,-100.30048852,1749.0,1-2 km
11494132,VEGA VALDEZ ASESORES FISCALES,Servicios de contabilidad y auditoría,otro,0 a 5 personas,25.66133825,-100.28244432,1312.0,1-2 km
3034467,VETERINARIA,Servicios veterinarios para mascotas prestados por el sector privado,otro,0 a 5 personas,25.65852641,-100.30471183,1718.0,1-2 km
3039560,VETERINARIA ALTAVISTA,Servicios veterinarios para mascotas prestados por el sector privado,otro,0 a 5 personas,25.64129648,-100.29532304,1266.0,1-2 km
3039662,VETERINARIA AMIGOS,Servicios veterinarios para mascotas prestados por el sector privado,otro,0 a 5 personas,25.64358459,-100.30178833,1507.0,1-2 km
3039537,VETERINARIA ANIMAL CARE,Servicios veterinarios para mascotas prestados por el sector privado,otro,0 a 5 personas,25.6484165,-100.29732748,852.0,500 m-1 km
2995176,VETERINARIA DOCTOR BRACHO,Servicios veterinarios para mascotas prestados por el sector privado,otro,0 a 5 personas,25.64058587,-100.28939012,1203.0,1-2 km
3034476,VETERINARIA HAPPY DOG,Servicios veterinarios para mascotas prestados por el sector privado,otro,0 a 5 personas,25.656587,-100.3033718,1505.0,1-2 km
2994729,VETERINARIA MY PET,Servicios veterinarios para mascotas prestados por el sector privado,otro,0 a 5 personas,25.64853633,-100.29641896,763.0,500 m-1 km
3040136,VETERINARIA PROTECCION CANINA,Servicios veterinarios para mascotas prestados por el sector privado,otro,0 a 5 personas,25.65977062,-100.28910011,932.0,500 m-1 km
6446413,VETERINARIA VALVET,Servicios veterinarios para mascotas prestados por el sector privado,otro,0 a 5 personas,25.66010941,-100.2917149,994.0,500 m-1 km
8648905,VIEMCON,Servicios de contabilidad y auditoría,otro,11 a 30 personas,25.64295328,-100.27587188,1658.0,1-2 km
9014300,VINERE INTERIORISMO ARQUITECTORES,Servicios de arquitectura,otro,0 a 5 personas,25.64348112,-100.27588485,1624.0,1-2 km
2994449,VISA EXPRESS,Servicios de apoyo para efectuar trámites legales,otro,0 a 5 personas,25.65531568,-100.29500627,703.0,500 m-1 km
2994002,VITAL SISTEMAS,Servicios de consultoría en administración,otro,11 a 30 personas,25.66251202,-100.28725809,1256.0,1-2 km
9471827,RESIDENCIA REGIONAL NORESTE,Corporativos,otro,0 a 5 personas,25.64347447,-100.28071104,1246.0,1-2 km
8297813,AETOS SEGURIDAD PRIVADA,"Servicios de investigación y de protección y custodia, excepto mediante monitoreo",otro,11 a 30 personas,25.66341461,-100.30143102,1793.0,1-2 km
10420623,AGENCIA DE VIAJE MAKTA,Agencias de viajes,otro,0 a 5 personas,25.64348112,-100.27588485,1624.0,1-2 km
9951129,AGENCIA DE VIAJES,Agencias de viajes,otro,0 a 5 personas,25.66194611,-100.29413241,1261.0,1-2 km
10490733,AGENCIA DE VIAJES EXCEL,Agencias de viajes,otro,0 a 5 personas,25.66133825,-100.28244432,1312.0,1-2 km
8970594,AGENCIA DE VIAJES NERY TRAVEL,Agencias de viajes,otro,0 a 5 personas,25.65169629,-100.27587011,1367.0,1-2 km
11238426,AS DE VIAJES,Agencias de viajes,otro,6 a 10 personas,25.64890435,-100.2738942,1589.0,1-2 km
3038893,AVIL TOURS VIAJES,Agencias de viajes,otro,0 a 5 personas,25.66305233,-100.29191901,1318.0,1-2 km
10535483,BALAM VACATOIN,Agencias de viajes,otro,0 a 5 personas,25.64793526,-100.29044376,397.0,0-500 m
6366529,BCD TRAVEL,Agencias de viajes,otro,101 a 250 personas,25.64188952,-100.27927822,1472.0,1-2 km
8297634,BEST COPY,"Servicios de fotocopiado, fax y afines",fotocopiado_impresion,0 a 5 personas,25.64295166,-100.30158307,1533.0,1-2 km
11449576,BOMBAS Y ALBERCAS DE MONTERREY,Otros servicios de limpieza,otro,0 a 5 personas,25.65590317,-100.30532047,1663.0,1-2 km
8806025,CANADA INCREDIBLE,Agencias de empleo temporal,otro,0 a 5 personas,25.64045859,-100.28357892,1354.0,1-2 km
2995718,CIBER,"Servicios de fotocopiado, fax y afines",fotocopiado_impresion,0 a 5 personas,25.63415174,-100.28724183,1931.0,1-2 km
10380550,CIBER CAFE 24 HORAS,Servicios de acceso a computadoras,otro,0 a 5 personas,25.65625172,-100.29687154,915.0,500 m-1 km
2994166,CIBER PRINT,Servicios de acceso a computadoras,otro,0 a 5 personas,25.66023248,-100.27522977,1735.0,1-2 km
8960566,CLEAN DOVE,Servicios de limpieza de inmuebles,otro,101 a 250 personas,25.65247512,-100.27795979,1163.0,1-2 km
10693199,CLEANWORK ORANGE,"Servicios de limpieza de tapicería, alfombras y muebles",otro,6 a 10 personas,25.65968473,-100.29851355,1290.0,1-2 km
3038970,CLUBERS MONTERREY,Otros servicios de apoyo a los negocios,otro,11 a 30 personas,25.6668223,-100.28401425,1801.0,1-2 km
6858175,COMERCIALIZADORA CONER,Otros servicios de apoyo a los negocios,otro,0 a 5 personas,25.6631502,-100.28313282,1454.0,1-2 km
8778760,COPIAS,"Servicios de fotocopiado, fax y afines",fotocopiado_impresion,0 a 5 personas,25.63819973,-100.29178235,1486.0,1-2 km
6269579,COPIMEX DE MONTERREY,"Servicios de fotocopiado, fax y afines",fotocopiado_impresion,11 a 30 personas,25.67044669,-100.28455951,2175.0,> 2 km
8297575,CYBER SIN NOMBRE,Servicios de acceso a computadoras,otro,0 a 5 personas,25.63980327,-100.30680356,2161.0,> 2 km
2995048,EBADER TOURS,Agencias de viajes,otro,0 a 5 personas,25.63472503,-100.28165774,2014.0,> 2 km
8411186,ESPECIALISTAS EN LIMPIEZA EXCELENT CLEAN,Servicios de limpieza de inmuebles,otro,31 a 50 personas,25.63870606,-100.2915873,1427.0,1-2 km
3040305,EXEL TOURS CONTRY,Agencias de viajes,otro,0 a 5 personas,25.64866383,-100.27495839,1489.0,1-2 km
9279077,EXTENSIONES DE PESTAÑAS MIRAME,Servicios de administración de negocios,otro,0 a 5 personas,25.64285105,-100.27710642,1564.0,1-2 km
8441493,FAMILY TRAVEL,Agencias de viajes,otro,0 a 5 personas,25.63911981,-100.28440913,1458.0,1-2 km
2994559,FOTOS Y COPIAS GUAJARDO,"Servicios de fotocopiado, fax y afines",fotocopiado_impresion,0 a 5 personas,25.65322729,-100.29327543,430.0,0-500 m
3034274,FUMIGACIONES MARRO KING,Servicios de control y exterminación de plagas,otro,0 a 5 personas,25.66233451,-100.30048422,1640.0,1-2 km
8970325,FUMIGATOR,Servicios de control y exterminación de plagas,otro,0 a 5 personas,25.66630582,-100.27621205,2126.0,> 2 km
2993849,GC TRATAMIENTO,Servicios de remediación de residuos por el sector privado,otro,0 a 5 personas,25.66870728,-100.28051168,2125.0,> 2 km
11639969,GEO ECOAVENTURA,Agencias de viajes,otro,6 a 10 personas,25.66803922,-100.28243578,1981.0,1-2 km
8411520,GLOBAL,"Servicios de investigación y de protección y custodia, excepto mediante monitoreo",otro,11 a 30 personas,25.66049904,-100.29739682,1285.0,1-2 km
8971050,GRUPO 4 A SEGU JETT,Servicios de protección y custodia mediante el monitoreo de sistemas de seguridad,otro,101 a 250 personas,25.66446952,-100.2836555,1567.0,1-2 km
6700782,GRUPO I24H,Servicios de acceso a computadoras,otro,0 a 5 personas,25.66672953,-100.2809506,1908.0,1-2 km
8411517,HG TRAVEL,Agencias de viajes,otro,0 a 5 personas,25.6517286,-100.30118363,1172.0,1-2 km
12300548,HOT TICKET,Otros servicios de reservaciones,otro,0 a 5 personas,25.64294033,-100.27642868,1613.0,1-2 km
8649193,I24,Servicios de acceso a computadoras,otro,0 a 5 personas,25.65365385,-100.28981721,253.0,0-500 m
11837481,I24H,Servicios de acceso a computadoras,otro,0 a 5 personas,25.64937095,-100.294656,564.0,500 m-1 km
8297193,IMPRIME POR MI,"Servicios de fotocopiado, fax y afines",fotocopiado_impresion,0 a 5 personas,25.65318403,-100.30388056,1455.0,1-2 km
9470001,INSTANKOP DE MONTERREY,"Servicios de fotocopiado, fax y afines",fotocopiado_impresion,0 a 5 personas,25.65128776,-100.29273438,324.0,0-500 m
8778814,JULIO VERNE TOURS,Agencias de viajes,otro,0 a 5 personas,25.6411757,-100.28991795,1138.0,1-2 km
12300516,LA SILLA TOUR,Agencias de viajes,otro,6 a 10 personas,25.63619594,-100.28257993,1827.0,1-2 km
8411123,MAYOLA TRAVEL,Agencias de viajes,otro,0 a 5 personas,25.63812001,-100.28421245,1569.0,1-2 km
9239496,MULTIMEDIOS ESTRELLAS DE ORO,Otros servicios de apoyo a los negocios,otro,0 a 5 personas,25.65789725,-100.29627373,991.0,500 m-1 km
10768918,MUNDO JOVEN,Agencias de viajes,otro,0 a 5 personas,25.64482039,-100.28838243,740.0,500 m-1 km
9308211,NEGOCIO NO ESPECIFICADO CARPINTERIA SODADOR,Servicios de administración de negocios,otro,0 a 5 personas,25.65996538,-100.30192633,1568.0,1-2 km
8779142,NEXT TRAVEL,Agencias de viajes,otro,0 a 5 personas,25.65590317,-100.30532047,1663.0,1-2 km
6769770,NIVEL ONCE,Servicios de limpieza de inmuebles,otro,11 a 30 personas,25.64255231,-100.29678274,1225.0,1-2 km
12300924,ONE TIERRA,Servicios de protección y custodia mediante el monitoreo de sistemas de seguridad,otro,6 a 10 personas,25.66353291,-100.30050771,1743.0,1-2 km
6809465,OPERADORA DE VIAJES SILVA GONZALEZ SENDERO,Agencias de viajes,otro,0 a 5 personas,25.66651418,-100.281497,1862.0,1-2 km
9453530,OPTIMUS SEGURIDAD PRIVADA,Suministro de personal permanente,otro,11 a 30 personas,25.65145837,-100.29763577,816.0,500 m-1 km
3034641,PAPELERIA E INTERNET,Servicios de acceso a computadoras,otro,0 a 5 personas,25.65084533,-100.30858087,1914.0,1-2 km
10699634,PROMO VIAJES,Otros servicios de reservaciones,otro,0 a 5 personas,25.66695401,-100.28161823,1901.0,1-2 km
9613026,PROMUEVE AGENCIA DE VIAJES,Agencias de viajes,otro,0 a 5 personas,25.64196581,-100.28617947,1101.0,1-2 km
3039007,PROTECCION TEGNOLOGICA CONTRA INCENDIOS,Servicios de protección y custodia mediante el monitoreo de sistemas de seguridad,otro,6 a 10 personas,25.66037659,-100.28256608,1216.0,1-2 km
11759401,PROTEXER SEGURIDAD PRIVADA,"Servicios de investigación y de protección y custodia, excepto mediante monitoreo",otro,11 a 30 personas,25.65554698,-100.29800169,969.0,500 m-1 km
7805641,QUIERO CHAMBA RECLUTAMIENTO,Agencias de empleo temporal,otro,11 a 30 personas,25.64586414,-100.28595201,711.0,500 m-1 km
6366905,RECOLECCIONES ECOLOGICAS,Manejo de residuos peligrosos y servicios de remediación a zonas dañadas por materiales o residuos peligrosos,otro,31 a 50 personas,25.6578692,-100.2827317,989.0,500 m-1 km
8433110,ROMATOURS,Agencias de viajes,otro,0 a 5 personas,25.66024764,-100.27063024,2132.0,> 2 km
9412247,RUTA MAYA TRAVEL,Agencias de viajes,otro,0 a 5 personas,25.65237917,-100.28169065,790.0,500 m-1 km
8411565,SAMTEX,Servicios de control y exterminación de plagas,otro,0 a 5 personas,25.66338595,-100.29770452,1566.0,1-2 km
6269808,SBIFCO COMPANY DE MÉXICO,Suministro de personal permanente,otro,101 a 250 personas,25.65892099,-100.30361681,1644.0,1-2 km
6856174,SERVIBEL,Servicios de recepción de llamadas telefónicas y promoción por teléfono,otro,51 a 100 personas,25.66348412,-100.30051838,1739.0,1-2 km
9735571,SERVICIOS DE ADMINISTRACION,Servicios de administración de negocios,otro,11 a 30 personas,25.64126688,-100.2735545,1956.0,1-2 km
6856868,SIGMA ALIMENTOS PROM,Servicios de administración de negocios,otro,0 a 5 personas,25.65946429,-100.28408037,1048.0,1-2 km
9312175,SUPER TAXI,Servicios combinados de apoyo en instalaciones,otro,0 a 5 personas,25.65143964,-100.28240957,711.0,500 m-1 km
8297706,TAINO TOURS,Organización de excursiones y paquetes turísticos para agencias de viajes,otro,11 a 30 personas,25.64754802,-100.29556278,743.0,500 m-1 km
6365045,TAINO TOURS,Organización de excursiones y paquetes turísticos para agencias de viajes,otro,11 a 30 personas,25.64780659,-100.29578638,746.0,500 m-1 km
10223942,TAINO TOURS,Agencias de viajes,otro,0 a 5 personas,25.6471713,-100.29523701,743.0,500 m-1 km
2994715,TEC TRAVEL,Agencias de viajes,otro,0 a 5 personas,25.64603138,-100.29246175,667.0,500 m-1 km
6447123,TECNO PRO DE MEXICO,"Servicios de investigación y de protección y custodia, excepto mediante monitoreo",otro,31 a 50 personas,25.66526887,-100.29571671,1663.0,1-2 km
6371846,TECNOVAL DE MEXICO,"Servicios de investigación y de protección y custodia, excepto mediante monitoreo",otro,101 a 250 personas,25.665276,-100.2957174,1664.0,1-2 km
10190602,TRAVELTICKET,Agencias de viajes,otro,0 a 5 personas,25.660967,-100.29703562,1305.0,1-2 km
11445931,TURISMO SAN ANGEL,Agencias de viajes,otro,0 a 5 personas,25.66488697,-100.29179535,1517.0,1-2 km
11453616,UANDER MX,Agencias de viajes,otro,0 a 5 personas,25.64085292,-100.28096153,1452.0,1-2 km
10711264,VAKT SOLUTIONS,"Servicios de investigación y de protección y custodia, excepto mediante monitoreo",otro,11 a 30 personas,25.65443953,-100.27711833,1286.0,1-2 km
8039015,VERANDA CONSULTORIA TURISTICA,Agencias de viajes,otro,0 a 5 personas,25.64501924,-100.28814604,722.0,500 m-1 km
3040596,VITA MÉDICA,Otros servicios de apoyo a los negocios,otro,51 a 100 personas,25.6414885,-100.27327885,1964.0,1-2 km
10406112,WILTECH MONTERREY,Servicios de preparación de documentos,otro,0 a 5 personas,25.64760892,-100.29022291,428.0,0-500 m
9014261,YAAX CONTROL DE PLAGAS,Servicios de control y exterminación de plagas,otro,0 a 5 personas,25.66133825,-100.28244432,1312.0,1-2 km
9556497,AARDEM,Escuelas de arte del sector privado,otro,6 a 10 personas,25.64137828,-100.27980538,1479.0,1-2 km
2994328,ACADEMIA DE BAILE BEMBE-B,Escuelas de arte del sector privado,otro,6 a 10 personas,25.64803278,-100.27442699,1557.0,1-2 km
12284736,ALGORITHMICS,Escuelas de computación del sector privado,otro,0 a 5 personas,25.64482039,-100.28838243,740.0,500 m-1 km
6371746,ALIANZA FRANCESA DE MONTERREY,Escuelas de idiomas del sector privado,otro,31 a 50 personas,25.64831088,-100.28939467,344.0,0-500 m
11438519,AQUA GYM,Escuelas de deporte del sector privado,otro,0 a 5 personas,25.65139955,-100.29968776,1021.0,1-2 km
11256891,ARTE Y PASION,Escuelas de arte del sector privado,otro,0 a 5 personas,25.66134783,-100.29946742,1491.0,1-2 km
3040118,ASESORIAS ACADEMICAS AVANZADAS,Servicios de profesores particulares,otro,0 a 5 personas,25.65693596,-100.29043385,623.0,500 m-1 km
6217231,BASSAR,Servicios de profesores particulares,otro,0 a 5 personas,25.65635208,-100.29856145,1062.0,1-2 km
9856126,BFFIES ACADEMY SUR,Escuelas de arte del sector privado,otro,0 a 5 personas,25.63465052,-100.28138418,2032.0,> 2 km
6224843,BOX FACTORY,Escuelas de deporte del sector privado,otro,6 a 10 personas,25.64788994,-100.27401347,1601.0,1-2 km
8844504,BRILIA KINDER,Escuelas de educación preescolar del sector privado,otro,6 a 10 personas,25.64038862,-100.28920731,1225.0,1-2 km
2995282,CARLA EUGENIA ESCUELA DE DANZA,Escuelas de arte del sector privado,otro,0 a 5 personas,25.63777622,-100.28764139,1526.0,1-2 km
10756667,CASA OJAL,Escuelas del sector privado dedicadas a la enseñanza de oficios,otro,0 a 5 personas,25.63812001,-100.28421245,1569.0,1-2 km
3042226,CENDI 5 CENTRO DE DESARROLLO INFANTIL NUMERO 5,Escuelas de educación preescolar del sector público,otro,51 a 100 personas,25.63386933,-100.29578611,2049.0,> 2 km
3039984,CENTRO DE BACHILLERATO TECNOLOGICO INDUSTRIAL Y SERVICIOS 99,Escuelas de educación media superior del sector público,otro,51 a 100 personas,25.63834642,-100.30565244,2175.0,> 2 km
2994006,CENTRO DE ESTUDIOS Y ASESORIAS ACADEMICAS,Servicios de profesores particulares,otro,31 a 50 personas,25.66010545,-100.28704472,999.0,500 m-1 km
3040239,CENTRO DE MAESTROS 1916 MONTERREY SUR,Otros servicios educativos proporcionados por el sector público,otro,6 a 10 personas,25.65065825,-100.2822473,732.0,500 m-1 km
2994776,CENTRO DE MEDITACION KADAMPA MTY,Escuelas de deporte del sector privado,otro,0 a 5 personas,25.64626491,-100.28996437,573.0,500 m-1 km
3038578,CENTRO DE RECURSOS DE EDUCACION ESPECIAL NUMERO 10,Otros servicios educativos proporcionados por el sector público,otro,6 a 10 personas,25.66809891,-100.29222186,1877.0,1-2 km
12269128,CENTRO EDUCATIVO ESPERANZA,Servicios de profesores particulares,otro,0 a 5 personas,25.66064515,-100.27413713,1851.0,1-2 km
9014351,CENTRO EDUCATIVO SER,Escuelas de educación preescolar del sector privado,otro,6 a 10 personas,25.6415928,-100.27934334,1492.0,1-2 km
2994070,CENTRO ROTARIO DE RECURSOS MATERIALES PARA LA ATENCION,Escuelas del sector público de educación para necesidades especiales,otro,6 a 10 personas,25.6656845,-100.28704868,1607.0,1-2 km
6368385,CENTRO ROTARIO DE RECURSOS PARA LA ATENCION A LAS NECESIDADES EDUCATIVAS ES,Escuelas del sector privado de educación para necesidades especiales,otro,31 a 50 personas,25.66460662,-100.28712159,1488.0,1-2 km
2929925,CENTURY PRECEPTORES,Servicios de profesores particulares,otro,0 a 5 personas,25.65996472,-100.29114763,967.0,500 m-1 km
9014302,CICAP ATENCION LENGUAJE LECTO ESCRITURA,Escuelas del sector privado de educación para necesidades especiales,otro,0 a 5 personas,25.64391044,-100.27455294,1714.0,1-2 km
10638374,CLASES DE PINTURA Y DIBUJO,Escuelas de arte del sector privado,otro,0 a 5 personas,25.64826556,-100.28287736,750.0,500 m-1 km
10597930,CLUB DE LEONES MTY PTE AC RICARDO MARTINEZ 19DPR1943R,Escuelas de educación primaria del sector público,otro,6 a 10 personas,25.64385917,-100.30652543,1901.0,1-2 km
3038936,CLUB DE LEONES NO19 ROMULO GARZA GUERRA,Escuelas de educación primaria del sector público,otro,11 a 30 personas,25.66189708,-100.28962204,1167.0,1-2 km
6366663,COLEGIO ANGLO ESPANOL,Escuelas del sector privado que combinan diversos niveles de educación,otro,101 a 250 personas,25.63974425,-100.27682777,1815.0,1-2 km
6368425,COLEGIO BILINGUE MADISON,Escuelas del sector privado que combinan diversos niveles de educación,otro,51 a 100 personas,25.64784544,-100.28187309,861.0,500 m-1 km
3040600,COLEGIO DE SAN NICOLAS DE BARI,Escuelas de educación preescolar del sector privado,otro,0 a 5 personas,25.63940208,-100.27676608,1846.0,1-2 km
3040302,COLEGIO SAN FELIPE DE MONTERREY MONTERREY NUEVO LEON,Escuelas del sector privado que combinan diversos niveles de educación,otro,31 a 50 personas,25.64955947,-100.27496508,1471.0,1-2 km
2994455,COMERCIAL TEC BLUE,Escuelas de educación técnica superior del sector privado,otro,6 a 10 personas,25.65128776,-100.29273438,324.0,0-500 m
10360845,CRAFT SCHOOL,Escuelas del sector privado dedicadas a la enseñanza de oficios,otro,0 a 5 personas,25.63619594,-100.28257993,1827.0,1-2 km
8805970,DACAPO ESCUELA DE MUSICA,Escuelas de arte del sector privado,otro,6 a 10 personas,25.64034817,-100.28259139,1411.0,1-2 km
9904849,DESTREZAS CENTRO DE ATENCION INFANTIL,Escuelas del sector privado de educación para necesidades especiales,otro,0 a 5 personas,25.64522964,-100.29354139,797.0,500 m-1 km
6368393,EDEC,Escuelas de educación superior del sector privado,otro,101 a 250 personas,25.66114548,-100.28288082,1271.0,1-2 km
3039551,EDUCRECE,Escuelas de educación preescolar del sector privado,otro,6 a 10 personas,25.6447706,-100.29565196,961.0,500 m-1 km
11291268,ELE INTERCAMBIOS,Servicios de apoyo a la educación,otro,0 a 5 personas,25.65019496,-100.29395031,466.0,0-500 m
8441499,ERASE UNA VEZ,Servicios de profesores particulares,otro,0 a 5 personas,25.66215793,-100.28910794,1197.0,1-2 km
3040316,ESCUELA DE BAILE CITLALI,Escuelas de arte del sector privado,otro,0 a 5 personas,25.64578054,-100.27671095,1426.0,1-2 km
3034008,ESCUELA DE EDUCACION ESPECIAL,Escuelas del sector público de educación para necesidades especiales,otro,0 a 5 personas,25.66844257,-100.30055079,2195.0,> 2 km
10448300,ESCUELA DE INGLES QUICK LEARNING,Escuelas de idiomas del sector privado,otro,6 a 10 personas,25.63953249,-100.28464722,1406.0,1-2 km
3039636,ESCUELA DR JAIME TORRES BODET,Escuelas de educación primaria del sector público,otro,31 a 50 personas,25.64413553,-100.28898521,809.0,500 m-1 km
3042956,ESCUELA EDUARDO AGUIRRE PEQUEÑO GUADALUPE NL,Escuelas de educación primaria del sector público,otro,0 a 5 personas,25.65517129,-100.27116144,1885.0,1-2 km
3042967,ESCUELA EUGENIO GARZA SADA PUBLICA GUADALUPE NUEVO LEON,Escuelas de educación primaria del sector público,otro,11 a 30 personas,25.65522916,-100.26849072,2148.0,> 2 km
3054946,ESCUELA LIC AGUSTIN YAÑEZ,Escuelas de educación primaria del sector público,otro,31 a 50 personas,25.64412487,-100.28898836,811.0,500 m-1 km
3039549,ESCUELA NAUTICA ACUATEC,Escuelas de deporte del sector privado,otro,0 a 5 personas,25.64464932,-100.29605435,998.0,500 m-1 km
3038577,ESCUELA PRIMARIA 13 DE SEPTIEMBRE,Escuelas de educación primaria del sector público,otro,11 a 30 personas,25.66773941,-100.2925888,1843.0,1-2 km
3040278,ESCUELA PRIMARIA ALBERTO JAUGERI LOPEZ,Escuelas de educación primaria del sector público,otro,51 a 100 personas,25.64720293,-100.27756547,1284.0,1-2 km
3039342,ESCUELA PRIMARIA ALFONSO REYES 19EPRO393X TIEMPO COMPLETO,Escuelas de educación primaria del sector público,otro,11 a 30 personas,25.66414916,-100.27408965,2097.0,> 2 km
3054983,ESCUELA PRIMARIA ALVARO AYALA SIERRA TURNO VESPERTINO,Escuelas de educación primaria del sector público,otro,6 a 10 personas,25.64026078,-100.29105347,1248.0,1-2 km
8734613,ESCUELA PRIMARIA CLUB DE LEONES RICARDO MARTINEZ,Escuelas de educación primaria del sector público,otro,6 a 10 personas,25.64384665,-100.30650846,1901.0,1-2 km
3039683,ESCUELA PRIMARIA FORD 17 PROFESORA URSULA VILLARREAL TURNO MATUTINO,Escuelas de educación primaria del sector público,otro,11 a 30 personas,25.64961126,-100.30809573,1875.0,1-2 km
3038993,ESCUELA PRIMARIA FORD 88 ALFREDO V BONFIL,Escuelas de educación primaria del sector público,otro,11 a 30 personas,25.66311414,-100.27970942,1631.0,1-2 km
3034344,ESCUELA PRIMARIA GENERAL JESUS M GARZA,Escuelas de educación primaria del sector público,otro,6 a 10 personas,25.66024259,-100.29871116,1349.0,1-2 km
3039618,ESCUELA PRIMARIA GUADALUPE VILLAREAL MUÑOZ,Escuelas de educación primaria del sector público,otro,11 a 30 personas,25.64008775,-100.29089431,1266.0,1-2 km
2994389,ESCUELA PRIMARIA JUAN DE LA BARRERA,Escuelas de educación primaria del sector público,otro,11 a 30 personas,25.65222032,-100.3046095,1517.0,1-2 km
3034010,ESCUELA PRIMARIA JULIA GARZA ALMAGUER,Escuelas de educación primaria del sector público,otro,11 a 30 personas,25.66847883,-100.30055115,2198.0,> 2 km
3038935,ESCUELA PRIMARIA LIC BENITO JUAREZ CLAVE 19EPR0394W TURNO MATUTINO,Escuelas de educación primaria del sector público,otro,6 a 10 personas,25.66356913,-100.28664764,1383.0,1-2 km
3042279,ESCUELA PRIMARIA MANUEL MARTINEZ CARRANZA,Escuelas de educación primaria del sector público,otro,0 a 5 personas,25.63517976,-100.2980765,1998.0,1-2 km
3040132,ESCUELA PRIMARIA MARIA DEL REFUGIO VDA DE BERARDI,Escuelas de educación primaria del sector público,otro,6 a 10 personas,25.65475345,-100.28991164,375.0,0-500 m
8970422,ESCUELA PRIMARIA MATUTINO PROFESOR JESUS URDIALES VERASTEGUI,Escuelas de educación primaria del sector público,otro,6 a 10 personas,25.65524385,-100.2711602,1887.0,1-2 km
3039680,ESCUELA PRIMARIA PRESIDENTE ADOLFO RUIZ CORTINES,Escuelas de educación primaria del sector público,otro,11 a 30 personas,25.6494418,-100.30673508,1741.0,1-2 km
3040277,ESCUELA PRIMARIA SERAFIN GARCIA DAVILA,Escuelas de educación primaria del sector público,otro,11 a 30 personas,25.64729425,-100.27742604,1294.0,1-2 km
3039708,ESCUELA PRIMARIA SOLEDAD ZAMORA TURNO MATUTINO,Escuelas de educación primaria del sector público,otro,11 a 30 personas,25.64574589,-100.30088223,1303.0,1-2 km
3039709,ESCUELA PRIMARIA TURNO VESPERTINO JAIME NUNCO,Escuelas de educación primaria del sector público,otro,6 a 10 personas,25.64575183,-100.30094163,1308.0,1-2 km
3034624,ESCUELA PROFESOR ALBERTO SANCHEZ,Escuelas de educación primaria del sector público,otro,6 a 10 personas,25.65442113,-100.30843783,1928.0,1-2 km
3039619,ESCUELA SECUNDARIA 35 PROF ELVIRA MALDONADO TM,Escuelas de educación secundaria general del sector público,otro,31 a 50 personas,25.63950872,-100.29069557,1328.0,1-2 km
2994107,ESCUELA SECUNDARIA 57 PROFESOR ROGER POMPA PEREZ 19EES01540,Escuelas de educación secundaria general del sector público,otro,31 a 50 personas,25.6629265,-100.28100817,1539.0,1-2 km
3040279,ESCUELA SECUNDARIA JOSE VASCONCELOS NUMERO 50,Escuelas de educación secundaria general del sector público,otro,31 a 50 personas,25.64796699,-100.27696727,1313.0,1-2 km
2994525,ESCUELA SECUNDARIA JOSE VAZCONCELOS NO66,Escuelas de educación secundaria general del sector público,otro,11 a 30 personas,25.6478414,-100.27700489,1313.0,1-2 km
3040143,ESCUELAS DEL SECTOR PUBLICO DE EDUCACION PARA NECESIDADES ESPECIALES,Escuelas del sector público de educación para necesidades especiales,otro,11 a 30 personas,25.65529138,-100.29006469,436.0,0-500 m
3039546,EUREKA,Escuelas de educación preescolar del sector privado,otro,6 a 10 personas,25.64593093,-100.29646717,926.0,500 m-1 km
9705493,FLAMENCO PHILLIA,Escuelas de arte del sector privado,otro,0 a 5 personas,25.65312366,-100.29365497,458.0,0-500 m
3039682,FORD 17 PROFESORA URSULA VILLARREAL TURNO VESPERTINO,Escuelas de educación primaria del sector público,otro,6 a 10 personas,25.64960224,-100.30809508,1875.0,1-2 km
11129740,FROGGING ESCUELA DE INGLES,Escuelas de educación primaria del sector privado,otro,0 a 5 personas,25.63812001,-100.28421245,1569.0,1-2 km
11104031,FUT VAL,Escuelas de deporte del sector privado,otro,0 a 5 personas,25.65544757,-100.28403678,709.0,500 m-1 km
3040379,HAPPY KIDS KINDER GARDEN,Escuelas de educación preescolar del sector privado,otro,6 a 10 personas,25.64174236,-100.27657847,1683.0,1-2 km
6213293,IDAP MONTERREY,Escuelas de educación superior del sector privado,otro,0 a 5 personas,25.64024455,-100.28281591,1410.0,1-2 km
2995792,INGENIERO MANUEL MARTINEZ CARRAZA,Escuelas de educación primaria del sector público,otro,11 a 30 personas,25.63511705,-100.29811798,2006.0,> 2 km
8970648,INGLES INDIDIDUAL TEC,Escuelas de idiomas del sector privado,otro,0 a 5 personas,25.65322729,-100.29327543,430.0,0-500 m
3040486,INSTITUTO BILINGUE LA SILLA PRIMARIA,Escuelas de educación primaria del sector privado,otro,11 a 30 personas,25.64483738,-100.28717689,766.0,500 m-1 km
3034712,INSTITUTO BILINGUE LA SILLA ROMA,Escuelas de educación preescolar del sector privado,otro,31 a 50 personas,25.6506502,-100.29871015,927.0,500 m-1 km
6368434,INSTITUTO BILINGUE LA SILLA UNIDAD LUX,Escuelas de educación secundaria general del sector privado,otro,31 a 50 personas,25.64095157,-100.28314979,1325.0,1-2 km
9734791,INSTITUTO DE BELLEZA CAMPUS PLAZA LA SILLA,Escuelas del sector privado dedicadas a la enseñanza de oficios,otro,0 a 5 personas,25.63619594,-100.28257993,1827.0,1-2 km
3039637,INSTITUTO DE ENSEÑANZA PREESCOLAR SC,Escuelas de educación preescolar del sector privado,otro,6 a 10 personas,25.64628982,-100.29211726,626.0,500 m-1 km
6368433,INSTITUTO EXCELSIOR DE MONTERREY,Escuelas del sector privado que combinan diversos niveles de educación,otro,101 a 250 personas,25.64689807,-100.28440029,715.0,500 m-1 km
9538119,INSTITUTO LA SILLA TAE KWON DO,Escuelas de deporte del sector privado,otro,0 a 5 personas,25.64198281,-100.27907965,1479.0,1-2 km
3039617,INSTITUTO LAMPAZOS GUARDERIA KINDER,Escuelas de educación preescolar del sector privado,otro,0 a 5 personas,25.63996565,-100.2915797,1288.0,1-2 km
2994992,INSTITUTO MENTES BRILLANTES,Escuelas de educación preescolar del sector privado,otro,11 a 30 personas,25.6392362,-100.27695448,1847.0,1-2 km
3040324,INSTITUTO PRIMAVERA,Escuelas del sector privado que combinan diversos niveles de educación,otro,11 a 30 personas,25.64546835,-100.27970123,1183.0,1-2 km
3034584,INSTITUTO PROFESORA MARIA GUADALUPE ALEJANDRO,Escuelas de educación preescolar del sector privado,otro,6 a 10 personas,25.65637798,-100.3081657,1951.0,1-2 km
6366593,INSTITUTO TECNOLOGICO Y DE ESTUDIOS SUPERIORES DE MONTERREY AUDITORIO LUIS ELIZONDO,Escuelas de educación superior del sector privado,otro,11 a 30 personas,25.64949269,-100.28622674,391.0,0-500 m
6366656,INSTITUTO TECNOLOGICO Y DE ESTUDIOS SUPERIORES DE MONTERREY CAMPUS MONTERREY,Escuelas de educación superior del sector privado,otro,251 y más personas,25.65104957,-100.29191076,245.0,0-500 m
2926862,INSTITUTO TECNOLOGICO Y DE ESTUDIOS SUPERIORES DE MONTERREY CENTRO DE INVESTIGACION SOLAR,Escuelas de educación superior del sector privado,otro,101 a 250 personas,25.6537673,-100.28887149,271.0,0-500 m
6217324,INSTITUTO TECNOLOGICO Y DE ESTUDIOS SUPERIORES DE MONTERREY ENCUBADORA SOCIAL CARACOL,Escuelas de educación superior del sector privado,otro,51 a 100 personas,25.66494666,-100.29372497,1565.0,1-2 km
6446423,INSTITUTO TECNOLOGICO Y DE ESTUDIOS SUPERIORES DE MONTERREY ESTACIONAMIENTO DEL TEC DE MONTERREY,Escuelas de educación superior del sector privado,otro,6 a 10 personas,25.65496161,-100.28903307,399.0,0-500 m
2994306,INSTITUTO VICENTE SUAREZ CONTRY,Escuelas del sector privado que combinan diversos niveles de educación,otro,11 a 30 personas,25.65527116,-100.27760636,1267.0,1-2 km
10126088,IQ ENGLISH,Escuelas de idiomas del sector privado,otro,6 a 10 personas,25.6664462,-100.277331,2070.0,> 2 km
12268797,ITEEM IDIOMA,Escuelas de idiomas del sector privado,otro,0 a 5 personas,25.64393894,-100.27511832,1663.0,1-2 km
3040276,JARDIN DE NIÑOS ALFONSO MARTINEZ DOMINGUEZ,Escuelas de educación preescolar del sector público,otro,11 a 30 personas,25.64838923,-100.27884255,1120.0,1-2 km
3039347,JARDIN DE NIÑOS ALFONSO REYES 19EJN0170Y MATUTINO,Escuelas de educación preescolar del sector público,otro,11 a 30 personas,25.6639006,-100.27312018,2151.0,> 2 km
3038995,JARDIN DE NIÑOS AMADEO MOZART,Escuelas de educación preescolar del sector público,otro,6 a 10 personas,25.66371078,-100.28135534,1594.0,1-2 km
3034692,JARDIN DE NIÑOS ANEXO NIÑOS HEROES,Escuelas de educación preescolar del sector público,otro,0 a 5 personas,25.6514653,-100.30482039,1536.0,1-2 km
3054917,JARDIN DE NIÑOS BENITO JUAREZ TV,Escuelas de educación preescolar del sector público,otro,6 a 10 personas,25.66336263,-100.2870844,1352.0,1-2 km
3040494,JARDIN DE NIÑOS BILINGUE NEW KIDS,Escuelas de educación preescolar del sector privado,otro,11 a 30 personas,25.6411063,-100.28111394,1420.0,1-2 km
2995760,JARDIN DE NIÑOS BUROCRATAS MUNICIPALES TM,Escuelas de educación preescolar del sector público,otro,0 a 5 personas,25.63522677,-100.29891894,2031.0,> 2 km
3040031,JARDIN DE NIÑOS CERRO DE LA CAMPANA,Escuelas de educación preescolar del sector público,otro,0 a 5 personas,25.63999267,-100.29837607,1549.0,1-2 km
3039634,JARDIN DE NIÑOS DR JAIME TORRES BODET VESPERTINO,Escuelas de educación preescolar del sector público,otro,11 a 30 personas,25.64372022,-100.28940003,854.0,500 m-1 km
3045082,JARDIN DE NIÑOS EL PEQUEÑO LUCHADOR,Escuelas de educación preescolar del sector público,otro,6 a 10 personas,25.63512462,-100.28986948,1810.0,1-2 km
3034707,JARDIN DE NIÑOS FRANCISCA RAMIREZANGUIANO,Escuelas de educación preescolar del sector público,otro,6 a 10 personas,25.65066433,-100.30591083,1647.0,1-2 km
3039757,JARDIN DE NIÑOS INDEPENDENCIA,Escuelas de educación preescolar del sector público,otro,6 a 10 personas,25.65027156,-100.3113218,2191.0,> 2 km
3054943,JARDIN DE NIÑOS JAIME NUNO TV,Escuelas de educación preescolar del sector público,otro,0 a 5 personas,25.64060537,-100.29592033,1362.0,1-2 km
3054949,JARDIN DE NIÑOS JAIME TORRES BODET TURNO MATUTINO,Escuelas de educación preescolar del sector público,otro,11 a 30 personas,25.64371735,-100.2893805,854.0,500 m-1 km
3054994,JARDIN DE NIÑOS JESUS SAAVEDRA SANCHEZ,Escuelas de educación preescolar del sector público,otro,6 a 10 personas,25.64037574,-100.30500057,1979.0,1-2 km
8778649,JARDIN DE NIÑOS JOSE GUADALUPE POSADA TURNO MATUTINO,Escuelas de educación preescolar del sector público,otro,6 a 10 personas,25.63433326,-100.29748788,2060.0,> 2 km
3042229,JARDIN DE NIÑOS JOSE GUADALUPE POSADA TURNO MATUTINO,Escuelas de educación preescolar del sector público,otro,6 a 10 personas,25.6351904,-100.29806946,1997.0,1-2 km
2995722,JARDIN DE NIÑOS JOSE GUADALUPE POSADA TURNO VESPERTINO,Escuelas de educación preescolar del sector público,otro,0 a 5 personas,25.63437201,-100.29754594,2058.0,> 2 km
3038639,JARDIN DE NIÑOS JUAN DE LA BARRERA,Escuelas de educación preescolar del sector público,otro,0 a 5 personas,25.66833501,-100.29223709,1903.0,1-2 km
3039710,JARDIN DE NIÑOS LA SALLE,Escuelas de educación preescolar del sector público,otro,6 a 10 personas,25.64642501,-100.30112226,1290.0,1-2 km
3033616,JARDIN DE NIÑOS MIGUEL F MARTINEZ,Escuelas de educación preescolar del sector público,otro,11 a 30 personas,25.67080616,-100.29373199,2199.0,> 2 km
9431589,JARDIN DE NIÑOS MIGUEL F MARTINEZ,Escuelas de educación preescolar del sector público,otro,6 a 10 personas,25.67080278,-100.29374027,2199.0,> 2 km
2995448,JARDIN DE NIÑOS PABLO A GONZALEZ,Escuelas de educación preescolar del sector público,otro,0 a 5 personas,25.63926225,-100.30120541,1788.0,1-2 km
3034347,JARDIN DE NIÑOS PROFESOR FORTUNATO LOZANO,Escuelas de educación preescolar del sector público,otro,6 a 10 personas,25.66020076,-100.29927653,1385.0,1-2 km
3034622,JARDIN DE NIÑOS PROFESORA AMPARO ELIZONDO CADENA,Escuelas de educación preescolar del sector público,otro,6 a 10 personas,25.65387031,-100.30795053,1870.0,1-2 km
3034009,JARDIN DE NIÑOS PROFESORA JULIA GARZA ALMAGUER 19EJNO225K,Escuelas de educación preescolar del sector público,otro,6 a 10 personas,25.6684335,-100.3005507,2194.0,> 2 km
3034623,JARDIN DE NIÑOS T V,Escuelas de educación preescolar del sector público,otro,0 a 5 personas,25.65387031,-100.30795053,1870.0,1-2 km
3042958,JEAN PIAGET,Escuelas de educación preescolar del sector público,otro,6 a 10 personas,25.65570772,-100.27156918,1860.0,1-2 km
3054908,KINDER 21 DE MARZO,Escuelas de educación preescolar del sector público,otro,6 a 10 personas,25.66309991,-100.28710119,1323.0,1-2 km
3040070,KINDER GALILEO GALILEI,Escuelas de educación preescolar del sector público,otro,6 a 10 personas,25.65973727,-100.28982445,928.0,500 m-1 km
10075918,KUMON,Servicios de profesores particulares,otro,0 a 5 personas,25.66133825,-100.28244432,1312.0,1-2 km
3040485,KUMON,Servicios de profesores particulares,otro,0 a 5 personas,25.64460067,-100.2874986,782.0,500 m-1 km
10185981,LA NOTA NEGRA,Escuelas de arte del sector privado,otro,0 a 5 personas,25.66704385,-100.29000519,1740.0,1-2 km
10654566,LOGOS ASESORIAS,Escuelas de educación media técnica terminal del sector privado,otro,0 a 5 personas,25.65019496,-100.29395031,466.0,0-500 m
10979599,MAIA YOGA,Escuelas de deporte del sector privado,otro,0 a 5 personas,25.64821822,-100.29743777,871.0,500 m-1 km
10772435,MIXED MARTIAL ARTS,Escuelas de deporte del sector privado,otro,0 a 5 personas,25.63999956,-100.27194625,2169.0,> 2 km
2993983,MOO DUK KWAN,Escuelas de deporte del sector privado,otro,0 a 5 personas,25.66225584,-100.29553053,1350.0,1-2 km
8441142,MUSIC FACTORY CLASES DE ARTES,Escuelas de arte del sector privado,otro,0 a 5 personas,25.6597616,-100.28932027,930.0,500 m-1 km
10100354,MUZART TALLER DE ARTE,Escuelas de arte del sector privado,otro,0 a 5 personas,25.64470091,-100.29588318,982.0,500 m-1 km
2994687,PREESCOLAR GENERAL LA SALLE TURNO VESPERTINO,Escuelas de educación preescolar del sector público,otro,6 a 10 personas,25.64645186,-100.30111867,1288.0,1-2 km
3055103,PREPARATORIA NUMERO 15 UNIDAD FLORIDA,Escuelas de educación media superior del sector público,otro,101 a 250 personas,25.65786047,-100.28983797,719.0,500 m-1 km
9460145,PRIMARIA PROF OZIEL HINOJOSA GARCIA ANEXA,Escuelas de educación primaria del sector público,otro,31 a 50 personas,25.67052495,-100.29442248,2183.0,> 2 km
3042230,PRIMARIA PROFESOR LAURO G CALOCA TURNO VESPERTINO,Escuelas de educación primaria del sector público,otro,6 a 10 personas,25.63436014,-100.29752816,2059.0,> 2 km
3039603,PROFR ALVARO AYALA SIERRA JARDIN DE NIÑOS T M,Escuelas de educación preescolar del sector público,otro,6 a 10 personas,25.6405768,-100.29589195,1363.0,1-2 km
10336450,RESET STUDIO,Escuelas de deporte del sector privado,otro,0 a 5 personas,25.64878719,-100.27292289,1687.0,1-2 km
8805966,RETER CARPINTERIA,Escuelas del sector privado dedicadas a la enseñanza de oficios,otro,0 a 5 personas,25.64481585,-100.28720615,767.0,500 m-1 km
2994120,ROCKZONE,Escuelas de arte del sector privado,otro,0 a 5 personas,25.66036446,-100.27926346,1431.0,1-2 km
3039940,SECUNDARIA 19 EDUCADORES DE NUEVO LEON,Escuelas de educación secundaria general del sector público,otro,31 a 50 personas,25.64237028,-100.30280162,1669.0,1-2 km
3038915,SECUNDARIA 19 JESUS CANTU LEAL,Escuelas de educación secundaria general del sector público,otro,31 a 50 personas,25.6608933,-100.28940762,1056.0,1-2 km
3039650,SECUNDARIA 42 MIGUEL RAMOS ARIZPE TURNO VESPERTINO,Escuelas de educación secundaria general del sector público,otro,11 a 30 personas,25.63959897,-100.29062482,1317.0,1-2 km
3055001,SECUNDARIA 62 MAESTRO ALTAMIRANO,Escuelas de educación secundaria general del sector público,otro,11 a 30 personas,25.64236122,-100.30280203,1670.0,1-2 km
3038996,SECUNDARIA NO 51 PROF ARMANDO TREVIÑO LOZANO 19EES0019L,Escuelas de educación secundaria general del sector público,otro,51 a 100 personas,25.66288953,-100.28098982,1536.0,1-2 km
3039635,SECUNDARIA NUM 11 DR JAIME TORRES BODET,Escuelas de educación secundaria general del sector público,otro,31 a 50 personas,25.64415251,-100.2889802,808.0,500 m-1 km
2994779,SECUNDARIA NUM 29 DR JAIME TORRES BODET,Escuelas de educación secundaria general del sector público,otro,11 a 30 personas,25.64410789,-100.28899338,812.0,500 m-1 km
2994879,SPEAK UP SCHOOL OF ENGLISH,Escuelas de idiomas del sector privado,otro,0 a 5 personas,25.64221542,-100.27823448,1523.0,1-2 km
8805974,SYNERGY AREAL ARTS,Escuelas de arte del sector privado,otro,6 a 10 personas,25.64501924,-100.28814604,722.0,500 m-1 km
11405965,UDEI 41,Escuelas del sector público de educación para necesidades especiales,otro,0 a 5 personas,25.6684335,-100.3005507,2194.0,> 2 km
9643273,UDEI VI,Escuelas del sector público de educación para necesidades especiales,otro,11 a 30 personas,25.6684335,-100.3005507,2194.0,> 2 km
8437200,UDEI X,Escuelas del sector público de educación para necesidades especiales,otro,11 a 30 personas,25.64414308,-100.28794325,822.0,500 m-1 km
11356703,UDEI XX DEL ESTADO,Escuelas del sector público de educación para necesidades especiales,otro,0 a 5 personas,25.6684335,-100.3005507,2194.0,> 2 km
8437198,UNIDAD DE APOYO USAER 19,Escuelas del sector público de educación para necesidades especiales,otro,11 a 30 personas,25.64414308,-100.28794325,822.0,500 m-1 km
8437197,UNIDAD DE APOYO USAER 53,Escuelas del sector público de educación para necesidades especiales,otro,11 a 30 personas,25.64365262,-100.28764449,881.0,500 m-1 km
8437199,UNIDAD DE APOYO USAER 90 EDUCACION ESPECIAL FEDERAL,Escuelas del sector público de educación para necesidades especiales,otro,6 a 10 personas,25.64365262,-100.28764449,881.0,500 m-1 km
10335707,UNIDAD DE EDUCACION ESPECIAL DE INTEGRACION XL,Escuelas del sector público de educación para necesidades especiales,otro,6 a 10 personas,25.65065512,-100.28288299,668.0,500 m-1 km
3054954,UNIDAD DE EDUCACION INCLUSIVA NUM. 60,Escuelas del sector público de educación para necesidades especiales,otro,11 a 30 personas,25.64414308,-100.28794325,822.0,500 m-1 km
11640770,UNIDAD DE EDUCACION INCLUSIVA XX111 UDEI,Escuelas del sector público de educación para necesidades especiales,otro,11 a 30 personas,25.65063759,-100.28287953,669.0,500 m-1 km
11309702,UNIDAD DE INTEGRACION EDUCATIVA XXIX,Escuelas del sector público de educación para necesidades especiales,otro,11 a 30 personas,25.65064636,-100.28288126,669.0,500 m-1 km
2993724,UNIDAD DE SERVICIOS DE APOYO A LA ESCUELA REGULAR,Escuelas del sector público de educación para necesidades especiales,otro,0 a 5 personas,25.6684335,-100.3005507,2194.0,> 2 km
3054960,UNIDAD DE SERVICIOS DE APOYO REGULAR UDEI 7 TURNO VESPERTINO,Escuelas del sector público de educación para necesidades especiales,otro,11 a 30 personas,25.64414308,-100.28794325,822.0,500 m-1 km
2994483,USAER XL UNIDAD DE SERVICIOS DE APOYO A LA EDUCACION REGULAR,Escuelas del sector público de educación para necesidades especiales,otro,11 a 30 personas,25.65065512,-100.28288299,668.0,500 m-1 km
8806028,VONNACHER TAEKWONDO,Escuelas de deporte del sector privado,otro,0 a 5 personas,25.63982321,-100.28485032,1369.0,1-2 km
12282395,,"Consultorios del sector privado de audiología y de terapia ocupacional, física y del lenguaje",otro,0 a 5 personas,25.64102011,-100.28059359,1459.0,1-2 km
12325446,,Guarderías del sector privado,otro,0 a 5 personas,25.65064427,-100.29865583,922.0,500 m-1 km
2994422,ABELARDO GARZA,Consultorios de nutriólogos y dietistas del sector privado,otro,0 a 5 personas,25.65031121,-100.29780647,841.0,500 m-1 km
9719697,ACUSTIC ON,"Consultorios del sector privado de audiología y de terapia ocupacional, física y del lenguaje",otro,0 a 5 personas,25.6668223,-100.28401425,1801.0,1-2 km
2993783,ALBERGUE PERMANENTE EL REFUGIO DIF NUEVO LEON,Orfanatos y otras residencias de asistencia social del sector público,otro,6 a 10 personas,25.66797384,-100.29405209,1899.0,1-2 km
8812651,ALCOHOLICOS ANONIMOS,Agrupaciones de autoayuda para alcohólicos y personas con otras adicciones,otro,0 a 5 personas,25.646525,-100.29488956,765.0,500 m-1 km
9323101,ALFA MEDICAL CENTER,Consultorios de medicina general del sector privado,otro,0 a 5 personas,25.65589442,-100.30532235,1663.0,1-2 km
2932858,ALFA MEDICAL CENTER,Clínicas de consultorios médicos del sector privado,otro,0 a 5 personas,25.65590828,-100.30531938,1663.0,1-2 km
10289586,ASESORIA CAP,Clínicas de consultorios médicos del sector privado,otro,0 a 5 personas,25.65688715,-100.29037738,616.0,500 m-1 km
8532958,ASOCIACION REGIOMONTANA DE NINOS AUTISTAS,"Consultorios del sector privado de audiología y de terapia ocupacional, física y del lenguaje",otro,6 a 10 personas,25.65195488,-100.26779175,2177.0,> 2 km
11548435,AURA CENTRO HOLISTICO,Consultorios de quiropráctica del sector privado,otro,0 a 5 personas,25.64411701,-100.27457719,1701.0,1-2 km
11189587,AURO DENT,Consultorios dentales del sector privado,otro,0 a 5 personas,25.66740392,-100.28415359,1858.0,1-2 km
8297751,BEACH CLINICA DENTAL,Consultorios dentales del sector privado,otro,0 a 5 personas,25.64764846,-100.29564963,744.0,500 m-1 km
9786235,BENTAL STUDIO & LABORATORIO,Consultorios dentales del sector privado,otro,0 a 5 personas,25.66033822,-100.28215635,1237.0,1-2 km
2995054,BIOANALISIS SUCURSAL CONTRY,Laboratorios médicos y de diagnóstico del sector privado,otro,0 a 5 personas,25.63391756,-100.2810303,2121.0,> 2 km
2994349,BIOANALISIS SUCURSAL TECNOLOGICO,Laboratorios médicos y de diagnóstico del sector privado,otro,0 a 5 personas,25.65900766,-100.29730363,1152.0,1-2 km
11030046,BIOARMONIZATE,Otros consultorios del sector privado para el cuidado de la salud,otro,0 a 5 personas,25.64188952,-100.27927822,1472.0,1-2 km
10611721,BIOCUANTICA ENERGETICA APLICADA,Otros consultorios del sector privado para el cuidado de la salud,otro,0 a 5 personas,25.64501924,-100.28814604,722.0,500 m-1 km
10780137,BLUE OCEAN SPA,Consultorios de nutriólogos y dietistas del sector privado,otro,0 a 5 personas,25.64220011,-100.27747069,1581.0,1-2 km
10003801,BRELUD CLINICA DERMATOLOGICA,Clínicas de consultorios médicos del sector privado,otro,0 a 5 personas,25.64046962,-100.28439258,1319.0,1-2 km
3038845,CARITAS PARROQUIAL SANTA CECILIA,Consultorios de medicina general del sector privado,otro,0 a 5 personas,25.66323695,-100.28721426,1336.0,1-2 km
8411074,CASA DE REPOSO MINERVA,Asilos y otras residencias del sector privado para el cuidado de ancianos,otro,11 a 30 personas,25.64884054,-100.29943083,1035.0,1-2 km
9706705,CASA DE REPOSO PARA EL ADULTO MAYOR EL VERGEL,Asilos y otras residencias del sector privado para el cuidado de ancianos,otro,6 a 10 personas,25.64747814,-100.27686176,1340.0,1-2 km
3039545,CASA DE REPOSO VIRGEN DE GUADALUPE,Asilos y otras residencias del sector privado para el cuidado de ancianos,otro,31 a 50 personas,25.64611109,-100.29805309,1040.0,1-2 km
10743647,CASA DR FOOT PODOLOGOS,Otros consultorios del sector privado para el cuidado de la salud,otro,0 a 5 personas,25.63911981,-100.28440913,1458.0,1-2 km
8441496,CASA HOGAR EL REFUGIO DE MONTERREY,Orfanatos y otras residencias de asistencia social del sector privado,otro,6 a 10 personas,25.63953416,-100.28368267,1443.0,1-2 km
3040105,CASA HOGAR MARIA ESPERANZA NUESTRA,Asilos y otras residencias del sector privado para el cuidado de ancianos,otro,6 a 10 personas,25.6485945,-100.28882351,319.0,0-500 m
3040328,CASA HOGAR VILLA EUDES,Orfanatos y otras residencias de asistencia social del sector privado,otro,6 a 10 personas,25.64602543,-100.28051944,1081.0,1-2 km
8524006,CECOSAMA AMERICA 2 CENTRO COMUNITARIO DE SALUD MENTAL Y ADICCIONES,Centros del sector público de atención médica externa para enfermos mentales y adictos,otro,0 a 5 personas,25.65349877,-100.30939781,2008.0,> 2 km
9763244,CENTRO DE ASISTENCIA SOCIAL LAS LOMAS,Consultorios de medicina general del sector privado,otro,6 a 10 personas,25.65525433,-100.27697087,1327.0,1-2 km
3034015,CENTRO DE ESPECIALIDADES DENTALES,Consultorios dentales del sector público,otro,6 a 10 personas,25.66112159,-100.30820913,2165.0,> 2 km
3040292,CENTRO DE ESPECIALIDADES DENTALES,Consultorios dentales del sector privado,otro,0 a 5 personas,25.64900402,-100.27389691,1587.0,1-2 km
10826926,CENTRO DE ODONTOLOGIA LASER,Consultorios dentales del sector privado,otro,0 a 5 personas,25.64285222,-100.277103,1564.0,1-2 km
3042959,CENTRO DE SALUD ATOYAC DE ALVAREZ,Consultorios de medicina general del sector público,otro,0 a 5 personas,25.65569642,-100.2713091,1885.0,1-2 km
3039404,CENTRO DE SALUD BUENOS AIRES,Consultorios de medicina general del sector público,otro,0 a 5 personas,25.66421409,-100.27328823,2161.0,> 2 km
3040033,CENTRO DE SALUD BUROCRATAS MUNICIPALES,Consultorios de medicina general del sector público,otro,6 a 10 personas,25.63469996,-100.29931049,2101.0,> 2 km
3040027,CENTRO DE SALUD CERRO DE LA CAMPANA,Consultorios de medicina general del sector público,otro,6 a 10 personas,25.64278716,-100.29891799,1345.0,1-2 km
3039832,CENTRO DE SALUD COMUNITARIO CANTERAS Y ALTAMIRA,Clínicas de consultorios médicos del sector público,otro,6 a 10 personas,25.63879418,-100.30587644,2159.0,> 2 km
3045125,CENTRO DE SALUD REVOLUCION,Consultorios de medicina general del sector público,otro,0 a 5 personas,25.63267837,-100.28618701,2108.0,> 2 km
3038581,CENTRO DE SALUD UNIDAD CARACOL SERVICIOS DE SALUD DE NUEVO LEON,Clínicas de consultorios médicos del sector público,otro,0 a 5 personas,25.66759251,-100.29503278,1884.0,1-2 km
3039681,CENTRO DE SALUD URBANO ARTURO B DE LA GARZA,Consultorios de medicina general del sector público,otro,31 a 50 personas,25.6491297,-100.3094901,2020.0,> 2 km
3034021,CENTRO DE SEGURIDAD NUMERO 8,Clínicas de consultorios médicos del sector público,otro,11 a 30 personas,25.6616381,-100.30763182,2145.0,> 2 km
3039540,CENTRO DE TRAUMATOLGIA AVANZADA STA SOFIA,Consultorios de medicina especializada del sector privado,otro,0 a 5 personas,25.64895085,-100.29678047,779.0,500 m-1 km
2994864,CENTRO DENTAL ESPECIALIZADO,Consultorios dentales del sector privado,otro,0 a 5 personas,25.64143014,-100.28025595,1445.0,1-2 km
3034637,CENTRO MEDICO SUR,Consultorios de medicina general del sector privado,otro,0 a 5 personas,25.65153554,-100.30820951,1875.0,1-2 km
3034520,CENTRO OFTALMOLOGICO ROMA,Otros centros del sector privado para la atención de pacientes que no requieren hospitalización,otro,11 a 30 personas,25.65936866,-100.2975281,1197.0,1-2 km
10816786,CENTRO PSICOLOGICO ROMA,Consultorios de psicología del sector privado,otro,0 a 5 personas,25.64316765,-100.30081667,1458.0,1-2 km
11630401,CENTRO TAI,Consultorios de quiropráctica del sector privado,otro,0 a 5 personas,25.63988572,-100.28070998,1554.0,1-2 km
11662062,CENTRO TERAPEUTICO AVANZARE,"Consultorios del sector privado de audiología y de terapia ocupacional, física y del lenguaje",otro,0 a 5 personas,25.64381759,-100.2906107,850.0,500 m-1 km
8970661,CEQUIDE,Consultorios de quiropráctica del sector privado,otro,0 a 5 personas,25.64955551,-100.287763,269.0,0-500 m
2993790,CLINICA 2 DEL IMSS,Hospitales generales del sector público,otro,251 y más personas,25.66936416,-100.2973329,2146.0,> 2 km
3033620,CLINICA DE GINECOLOGIA DEL IMSS,Hospitales generales del sector público,otro,251 y más personas,25.66935601,-100.29735338,2146.0,> 2 km
6217232,CLINICA DE MEDICINA DEL DEPORTE Y REHABILITACION,Clínicas de consultorios médicos del sector privado,otro,0 a 5 personas,25.65372037,-100.29799551,890.0,500 m-1 km
8648676,CLINICA DE REHABILITACION,"Consultorios del sector privado de audiología y de terapia ocupacional, física y del lenguaje",otro,0 a 5 personas,25.64149093,-100.27327949,1964.0,1-2 km
12282154,CLINICA DE TERAPIA FISICA Y REHABILITACION,"Consultorios del sector privado de audiología y de terapia ocupacional, física y del lenguaje",otro,0 a 5 personas,25.66134783,-100.29946742,1491.0,1-2 km
8441440,CLINICA DENTAL DOCTORES SANCHEZ,Consultorios dentales del sector privado,otro,6 a 10 personas,25.66726726,-100.29001784,1765.0,1-2 km
2994460,CLINICA DENTAL ODONTO SMILE,Consultorios dentales del sector privado,otro,0 a 5 personas,25.65237556,-100.27955158,1003.0,1-2 km
2994221,CLINICA ROMA,Hospitales generales del sector privado,otro,11 a 30 personas,25.65768119,-100.29515082,899.0,500 m-1 km
6225818,CLINICA SONRIE,Consultorios dentales del sector privado,otro,0 a 5 personas,25.65023603,-100.29190617,274.0,0-500 m
10388879,CMASDENTAL SUCURSAL INDEPENDENCIA,Consultorios dentales del sector privado,otro,0 a 5 personas,25.65777468,-100.30490728,1699.0,1-2 km
3040301,COMPOSTURAS OLGA MARIA PRIETO,Consultorios dentales del sector privado,otro,0 a 5 personas,25.64838562,-100.27440593,1550.0,1-2 km
11780047,CONNSULTORIO DENTAL HEALTH,Consultorios dentales del sector privado,otro,0 a 5 personas,25.64814665,-100.28326845,722.0,500 m-1 km
8970376,CONSORCIO ODONTOLOGICO INTEGRAL,Consultorios dentales del sector privado,otro,0 a 5 personas,25.64908239,-100.27237809,1735.0,1-2 km
9036946,CONSULTORIO,Consultorios de medicina general del sector privado,otro,0 a 5 personas,25.65697827,-100.30055546,1270.0,1-2 km
11153348,CONSULTORIO DE CARDIOLOGIA,Consultorios de medicina especializada del sector privado,otro,0 a 5 personas,25.64824539,-100.29743864,870.0,500 m-1 km
8410690,CONSULTORIO DE PODOLOGIA,Otros consultorios del sector privado para el cuidado de la salud,otro,0 a 5 personas,25.65656677,-100.30205996,1384.0,1-2 km
3040203,CONSULTORIO DENTAL,Consultorios dentales del sector privado,otro,0 a 5 personas,25.64955551,-100.287763,269.0,0-500 m
2993981,CONSULTORIO DENTAL,Consultorios dentales del sector privado,otro,0 a 5 personas,25.66228966,-100.29569123,1361.0,1-2 km
8805244,CONSULTORIO DENTAL,Consultorios dentales del sector privado,otro,0 a 5 personas,25.66019455,-100.2818989,1240.0,1-2 km
3034687,CONSULTORIO DENTAL,Consultorios dentales del sector privado,otro,0 a 5 personas,25.65258727,-100.30489988,1549.0,1-2 km
8411568,CONSULTORIO DENTAL,Consultorios dentales del sector privado,otro,0 a 5 personas,25.66422818,-100.29755377,1639.0,1-2 km
3034399,CONSULTORIO DENTAL,Consultorios dentales del sector privado,otro,0 a 5 personas,25.65997424,-100.30438313,1770.0,1-2 km
3039044,CONSULTORIO DENTAL,Consultorios dentales del sector privado,otro,0 a 5 personas,25.66045379,-100.28648701,1051.0,1-2 km
3039676,CONSULTORIO DENTAL,Consultorios dentales del sector privado,otro,0 a 5 personas,25.64344898,-100.29964263,1347.0,1-2 km
3039631,CONSULTORIO DENTAL,Consultorios dentales del sector privado,otro,0 a 5 personas,25.64992016,-100.29451463,529.0,500 m-1 km
2994289,CONSULTORIO DENTAL,Consultorios dentales del sector privado,otro,0 a 5 personas,25.64896508,-100.27285767,1690.0,1-2 km
2994049,CONSULTORIO DENTAL,Consultorios dentales del sector privado,otro,0 a 5 personas,25.66571823,-100.29016996,1594.0,1-2 km
2994164,CONSULTORIO DENTAL,Consultorios dentales del sector privado,otro,0 a 5 personas,25.66030763,-100.27805349,1516.0,1-2 km
8970598,CONSULTORIO DENTAL,Consultorios dentales del sector privado,otro,0 a 5 personas,25.64559868,-100.28199452,991.0,500 m-1 km
8805254,CONSULTORIO DENTAL,Consultorios dentales del sector privado,otro,0 a 5 personas,25.65989396,-100.28633622,996.0,500 m-1 km
9036823,CONSULTORIO DENTAL,Consultorios dentales del sector privado,otro,0 a 5 personas,25.64188952,-100.27927822,1472.0,1-2 km
3034281,CONSULTORIO DENTAL,Consultorios dentales del sector privado,otro,0 a 5 personas,25.66075287,-100.29915024,1420.0,1-2 km
3034291,CONSULTORIO DENTAL,Consultorios dentales del sector privado,otro,0 a 5 personas,25.66116333,-100.30102773,1585.0,1-2 km
3034337,CONSULTORIO DENTAL DR JAVIER RAYGOZA ESPARZA,Consultorios dentales del sector privado,otro,0 a 5 personas,25.66021346,-100.30124194,1532.0,1-2 km
3034535,CONSULTORIO DENTAL DR RODOLFO ALBERTO CORTES BERNAL,Consultorios dentales del sector privado,otro,0 a 5 personas,25.65582702,-100.29569494,792.0,500 m-1 km
8734914,CONSULTORIO DENTAL SIN NOMBRE,Consultorios dentales del sector privado,otro,0 a 5 personas,25.64168425,-100.27854591,1540.0,1-2 km
3039614,CONSULTORIO DENTAL SIN NOMBRE,Consultorios dentales del sector privado,otro,6 a 10 personas,25.6403587,-100.29290731,1274.0,1-2 km
6215879,CONSULTORIO DENTAL SIN NOMBRE,Consultorios dentales del sector privado,otro,0 a 5 personas,25.65031121,-100.29780647,841.0,500 m-1 km
7805666,CONSULTORIO GINECOLOGICO,Consultorios de medicina especializada del sector privado,otro,0 a 5 personas,25.65989638,-100.2957082,1131.0,1-2 km
8805602,CONSULTORIO GINECOLOGICO,Consultorios de medicina especializada del sector privado,otro,0 a 5 personas,25.66019455,-100.2818989,1240.0,1-2 km
7872490,CONSULTORIO MEDICINA GENERAL,Consultorios de medicina general del sector privado,otro,0 a 5 personas,25.65989638,-100.2957082,1131.0,1-2 km
10580997,CONSULTORIO MEDICO,Consultorios de medicina general del sector privado,otro,0 a 5 personas,25.66615408,-100.2908376,1646.0,1-2 km
3039938,CONSULTORIO MEDICO,Consultorios de medicina general del sector privado,otro,0 a 5 personas,25.6431765,-100.30075659,1452.0,1-2 km
2994479,CONSULTORIO MEDICO,Consultorios de medicina general del sector privado,otro,0 a 5 personas,25.65210339,-100.28441376,516.0,500 m-1 km
8844474,CONSULTORIO MEDICO,Consultorios de medicina general del sector privado,otro,0 a 5 personas,25.659064,-100.27324714,1839.0,1-2 km
2991034,CONSULTORIO MEDICO,Consultorios de medicina general del sector privado,otro,0 a 5 personas,25.65316932,-100.30758846,1824.0,1-2 km
7872489,CONSULTORIO MEDICO FAMILIAR,Consultorios de medicina general del sector privado,otro,0 a 5 personas,25.65989638,-100.2957082,1131.0,1-2 km
8648738,CONSULTORIO MEDICO GENERAL,Consultorios de medicina general del sector privado,otro,0 a 5 personas,25.66162235,-100.28718873,1160.0,1-2 km
3038572,CONSULTORIO MEDICO JESUS TAMEZ,Consultorios de medicina general del sector privado,otro,0 a 5 personas,25.66885447,-100.28828781,1945.0,1-2 km
11535630,CONSULTORIO MEDICO MEDICINA GENERAL,Consultorios de medicina general del sector privado,otro,0 a 5 personas,25.65900215,-100.30684284,1933.0,1-2 km
3040009,CONSULTORIO MEDICO SIMENTAL,Otros consultorios del sector privado para el cuidado de la salud,otro,0 a 5 personas,25.64355237,-100.29798927,1219.0,1-2 km
10015854,CONSULTORIO MEDICO WECARE,Clínicas de consultorios médicos del sector privado,otro,0 a 5 personas,25.66695401,-100.28161823,1901.0,1-2 km
8844466,CONSULTORIO PEDIATRA,Consultorios de medicina especializada del sector privado,otro,0 a 5 personas,25.66424725,-100.27499577,2038.0,> 2 km
6225632,CONSULTORIO PODOLOGIA,Consultorios de medicina especializada del sector privado,otro,0 a 5 personas,25.65742134,-100.30843495,2013.0,> 2 km
10022540,CONSULTORIO PSICOLOGIA,Consultorios de psicología del sector privado,otro,0 a 5 personas,25.66589958,-100.28634661,1643.0,1-2 km
2994089,CONSULTORIO TODO ORTODOCIA,Consultorios dentales del sector privado,otro,0 a 5 personas,25.66665504,-100.28030151,1931.0,1-2 km
11056801,CONSULTORIOS DE MEDICINA ESPECIALIZADA DEL SECTOR PRIVADO SIN NOMBRE,Consultorios de medicina especializada del sector privado,otro,0 a 5 personas,25.64347844,-100.27568475,1641.0,1-2 km
9837907,CONSULTORIOS DENTALES DEL SECTOR PRIVADO SIN NOMBRE,Consultorios dentales del sector privado,otro,0 a 5 personas,25.64084978,-100.27366852,1973.0,1-2 km
9014244,CONSULTORIOS DENTALES DEL SECTOR PRIVADO SIN NOMBRE,Consultorios dentales del sector privado,otro,0 a 5 personas,25.64168425,-100.27854591,1540.0,1-2 km
9942971,CONSULTORIOS DENTALES DEL SECTOR PRIVADO SIN NOMBRE,Consultorios dentales del sector privado,otro,0 a 5 personas,25.64084978,-100.27366852,1973.0,1-2 km
8805657,CONSULTORIOS MEDICOS Y DENTALES REVMEDENTAL,Clínicas de consultorios médicos del sector privado,otro,11 a 30 personas,25.66019455,-100.2818989,1240.0,1-2 km
9508036,CONSULTORIOS WE CARE,Consultorios de medicina especializada del sector privado,otro,0 a 5 personas,25.66779253,-100.28232458,1960.0,1-2 km
10097236,COSULTORIO MEDICO,Consultorios de medicina general del sector privado,otro,0 a 5 personas,25.65406748,-100.2902515,306.0,0-500 m
6373707,CRECE Y APRENDE,Guarderías del sector privado,otro,31 a 50 personas,25.64754171,-100.28473283,642.0,500 m-1 km
3040267,CREESER,Servicios de orientación y trabajo social para la niñez y la juventud prestados por el sector privado,otro,11 a 30 personas,25.65194666,-100.28126031,828.0,500 m-1 km
11190430,CRISTO VIVE,Orfanatos y otras residencias de asistencia social del sector privado,otro,0 a 5 personas,25.6566889,-100.27167906,1881.0,1-2 km
3038934,CRUM REGULADOR DE URGENCIAS MEDICAS CRUM-NL,Clínicas de consultorios médicos del sector público,otro,31 a 50 personas,25.66436082,-100.28713823,1460.0,1-2 km
6370193,CUARTEL DIVICIONAL RIO BRAVO,Orfanatos y otras residencias de asistencia social del sector privado,otro,0 a 5 personas,25.63556005,-100.29173611,1776.0,1-2 km
3034522,CURA PIE PODOLOGO SALDAÑA,Otros consultorios del sector privado para el cuidado de la salud,otro,0 a 5 personas,25.65775794,-100.29694457,1028.0,1-2 km
8649299,DENT ARA ODONTOLOGIA INTEGRAL,Consultorios dentales del sector privado,otro,0 a 5 personas,25.65252062,-100.27889859,1070.0,1-2 km
8648963,DENTAGRAMA CLINICA DENTAL,Consultorios dentales del sector privado,otro,11 a 30 personas,25.64196046,-100.2791272,1477.0,1-2 km
10880232,DENTAL,Consultorios dentales del sector privado,otro,0 a 5 personas,25.66134783,-100.29946742,1491.0,1-2 km
3039596,DENTAL & BODY CARE,Consultorios dentales del sector privado,otro,0 a 5 personas,25.648825,-100.2919277,376.0,0-500 m
2994442,DENTAL ADVANCE,Consultorios dentales del sector privado,otro,0 a 5 personas,25.65312366,-100.29365497,458.0,0-500 m
2994394,DENTAL CONCEPT,Consultorios dentales del sector privado,otro,0 a 5 personas,25.65648664,-100.29816881,1037.0,1-2 km
8648903,DENTAL DS ODONTOLOGIA ESPECIALIZADA,Consultorios dentales del sector privado,otro,6 a 10 personas,25.64285105,-100.27710642,1564.0,1-2 km
10746639,DENTAL ELIT,Consultorios dentales del sector privado,otro,0 a 5 personas,25.66456725,-100.28177718,1656.0,1-2 km
12279187,DENTAL FAMILY,Consultorios dentales del sector privado,otro,0 a 5 personas,25.64760892,-100.29022291,428.0,0-500 m
10244197,DENTAL HEALTH,Consultorios dentales del sector privado,otro,0 a 5 personas,25.64814848,-100.28324867,723.0,500 m-1 km
2993827,DENTAL PLANET,Consultorios dentales del sector privado,otro,0 a 5 personas,25.66766728,-100.28555444,1852.0,1-2 km
8648792,DENTAL SENCE,Consultorios dentales del sector privado,otro,0 a 5 personas,25.63818367,-100.27345382,2179.0,> 2 km
8297877,DENTAL SOLUTION,Consultorios dentales del sector privado,otro,0 a 5 personas,25.6557773,-100.29633419,840.0,500 m-1 km
3039538,DENTAL TEC,Consultorios dentales del sector privado,otro,0 a 5 personas,25.64860191,-100.29647615,765.0,500 m-1 km
11146873,DENTAL THEORY,Consultorios dentales del sector privado,otro,0 a 5 personas,25.64295307,-100.27580184,1664.0,1-2 km
8970434,DENTHAL WHITE,Consultorios dentales del sector privado,otro,0 a 5 personas,25.64829433,-100.27516056,1478.0,1-2 km
10377436,DENTIA CENTRO DE ESPECIALIDADES DENTALES,Consultorios dentales del sector privado,otro,0 a 5 personas,25.64411701,-100.27457719,1701.0,1-2 km
3034618,DENTISTA,Consultorios dentales del sector privado,otro,0 a 5 personas,25.65429568,-100.30857966,1939.0,1-2 km
10879911,DENTISTA,Consultorios dentales del sector privado,otro,0 a 5 personas,25.6527411,-100.28206465,760.0,500 m-1 km
10358138,DENTISTA,Consultorios dentales del sector privado,otro,0 a 5 personas,25.65241812,-100.30573874,1632.0,1-2 km
10555609,DENTISTA,Consultorios dentales del sector privado,otro,0 a 5 personas,25.65805668,-100.272585,1850.0,1-2 km
8441429,DENTISTA EDENT ESPECIALISTAS DENTALES,Consultorios dentales del sector privado,otro,0 a 5 personas,25.64035727,-100.27266363,2087.0,> 2 km
3040163,DENTISTA ODONTOLOGIA INTEGRAL,Consultorios dentales del sector privado,otro,0 a 5 personas,25.65240584,-100.27992142,967.0,500 m-1 km
8649365,DENTISTA ODONTOLOGO,Consultorios dentales del sector privado,otro,0 a 5 personas,25.65616697,-100.29035564,537.0,500 m-1 km
8649185,DENTISTA REABILITADOR ORAL,Consultorios dentales del sector privado,otro,0 a 5 personas,25.64814665,-100.28326845,722.0,500 m-1 km
7915245,DENTISTA SMILE CLINICK,Consultorios dentales del sector privado,otro,6 a 10 personas,25.63982321,-100.28485032,1369.0,1-2 km
3039606,DENTISTAS TERAN,Consultorios dentales del sector privado,otro,11 a 30 personas,25.64873033,-100.29371766,517.0,500 m-1 km
9710538,DENTSALUD,Consultorios dentales del sector privado,otro,0 a 5 personas,25.65590317,-100.30532047,1663.0,1-2 km
10981077,DENTSTA,Consultorios dentales del sector privado,otro,0 a 5 personas,25.65231331,-100.28028104,930.0,500 m-1 km
11152427,DERMAT DEPILACIONES,Consultorios de medicina especializada del sector privado,otro,0 a 5 personas,25.64002557,-100.27286059,2093.0,> 2 km
2994155,DINAMICA DENTAL,Consultorios dentales del sector privado,otro,0 a 5 personas,25.66534116,-100.28202148,1722.0,1-2 km
9277374,DR FOOT PODOLOGOS,Otros consultorios del sector privado para el cuidado de la salud,otro,0 a 5 personas,25.64188952,-100.27927822,1472.0,1-2 km
8411064,DR FOOT PODOLOGOS,Otros consultorios del sector privado para el cuidado de la salud,otro,0 a 5 personas,25.63583561,-100.28279417,1857.0,1-2 km
10868878,DR SCHOLLS PODOLOGO,Otros consultorios del sector privado para el cuidado de la salud,otro,0 a 5 personas,25.65339782,-100.27557367,1413.0,1-2 km
10204292,DRA DIANA LUGO MUÑOZ,Consultorios dentales del sector privado,otro,0 a 5 personas,25.65049992,-100.29226257,294.0,0-500 m
8778769,DX TERAPHY,"Consultorios del sector privado de audiología y de terapia ocupacional, física y del lenguaje",otro,0 a 5 personas,25.63856456,-100.29403113,1498.0,1-2 km
6366872,EMERGENCIA MEDICA PROFESIONAL,Servicios de ambulancias,otro,31 a 50 personas,25.66260557,-100.28343911,1386.0,1-2 km
10938008,ENDOTEC,Consultorios dentales del sector privado,otro,0 a 5 personas,25.64774046,-100.28477921,624.0,500 m-1 km
3039387,ERI DENTAL,Consultorios dentales del sector privado,otro,0 a 5 personas,25.6600556,-100.27598404,1662.0,1-2 km
10934828,ESCUELA HOLISTICA DE MEDITACION MENTE SANA,Consultorios de psicología del sector privado,otro,0 a 5 personas,25.64908228,-100.27239809,1734.0,1-2 km
11693637,ESTANCIA GERIATRICA ASILO SAN PEDRO APOSTOL,Asilos y otras residencias del sector privado para el cuidado de ancianos,otro,0 a 5 personas,25.64670088,-100.29635706,863.0,500 m-1 km
3034708,ESTANCIA INFANTIL NO 10,Guarderías del sector público,otro,11 a 30 personas,25.65071985,-100.30621077,1677.0,1-2 km
3045027,ESTETICA ODONTOLOGICA,Consultorios dentales del sector privado,otro,0 a 5 personas,25.63512923,-100.28300274,1923.0,1-2 km
8648729,EVOLUCION TRINNING SYSTEM,Consultorios de nutriólogos y dietistas del sector privado,otro,0 a 5 personas,25.64149093,-100.27327949,1964.0,1-2 km
10693811,FAMILY DENTAL,Consultorios dentales del sector privado,otro,0 a 5 personas,25.66732094,-100.28463667,1836.0,1-2 km
11221532,FOOD SPA,Otros consultorios del sector privado para el cuidado de la salud,otro,0 a 5 personas,25.65812189,-100.30203107,1462.0,1-2 km
10348042,GOZO SALUD,Consultorios de medicina general del sector privado,otro,0 a 5 personas,25.6653389,-100.28439511,1632.0,1-2 km
2995047,GR8SMILE,Consultorios dentales del sector privado,otro,0 a 5 personas,25.63472503,-100.28165774,2014.0,> 2 km
11040989,GRUPO MEDICO,Clínicas de consultorios médicos del sector privado,otro,0 a 5 personas,25.64363964,-100.28729501,891.0,500 m-1 km
9865942,GRUPO MEDICO,Consultorios dentales del sector privado,otro,0 a 5 personas,25.64363964,-100.28729501,891.0,500 m-1 km
11003685,GRUPO MEDICOS,Consultorios dentales del sector privado,otro,0 a 5 personas,25.64363964,-100.28729501,891.0,500 m-1 km
10301127,GRUPO MEDICOS,Consultorios dentales del sector privado,otro,0 a 5 personas,25.64363964,-100.28729501,891.0,500 m-1 km
11766156,GUARDERIA CREANH CASA DE REPOSO,Asilos y otras residencias del sector privado para el cuidado de ancianos,otro,6 a 10 personas,25.6488709,-100.30546468,1625.0,1-2 km
3034240,GUARDERIA INFANTIL 3,Guarderías del sector público,otro,51 a 100 personas,25.66315784,-100.29956885,1652.0,1-2 km
8410676,GUARDERIA MAGIC INTELLIGENCE,Guarderías del sector privado,otro,0 a 5 personas,25.65740925,-100.29761825,1053.0,1-2 km
9449536,GUARDERIA PARTICIPATIVA DOÑA CONSUELOI DE LA GARZA EVIA VIUDA DE SANTOS,Guarderías del sector privado,otro,51 a 100 personas,25.6545283,-100.29077143,370.0,0-500 m
2993942,GUARDERIA PEKES CLUB,Guarderías del sector privado,otro,31 a 50 personas,25.66198622,-100.29988033,1571.0,1-2 km
3038438,HEALTHY ODONTOLIGIA BARIATRICA,Consultorios dentales del sector privado,otro,0 a 5 personas,25.66695401,-100.28161823,1901.0,1-2 km
10895506,HELLO DENTISTA,Consultorios dentales del sector privado,otro,0 a 5 personas,25.64002557,-100.27286059,2093.0,> 2 km
6368420,HOSPITAL MARIA LUISA,Hospitales generales del sector privado,otro,51 a 100 personas,25.65366993,-100.28405009,602.0,500 m-1 km
11173160,HR FISIOTERAPIA,"Consultorios del sector privado de audiología y de terapia ocupacional, física y del lenguaje",otro,0 a 5 personas,25.64931717,-100.3038876,1461.0,1-2 km
8411354,IDEHAC,Consultorios de psicología del sector privado,otro,0 a 5 personas,25.65252492,-100.29765153,827.0,500 m-1 km
9963598,INNOVA DENTAL,Consultorios dentales del sector privado,otro,0 a 5 personas,25.64896778,-100.27389593,1587.0,1-2 km
11329466,INTERACTUA,Consultorios de psicología del sector privado,otro,0 a 5 personas,25.64858094,-100.29744939,856.0,500 m-1 km
3040281,KINESIK DENTAL,Consultorios dentales del sector privado,otro,0 a 5 personas,25.64890266,-100.27278037,1699.0,1-2 km
3045033,LA CASA DEL PIE PICAZZA,Otros consultorios del sector privado para el cuidado de la salud,otro,0 a 5 personas,25.63480665,-100.28345559,1942.0,1-2 km
3034642,LABORATORIO CLINICO BIOMEDICO,Laboratorios médicos y de diagnóstico del sector privado,otro,0 a 5 personas,25.651138,-100.31008747,2064.0,> 2 km
3039723,LABORATORIO CLINICO BIOMEDICO,Laboratorios médicos y de diagnóstico del sector privado,otro,0 a 5 personas,25.64171121,-100.30427356,1831.0,1-2 km
9305912,LABORATORIO DE ANALISIS CLINICOS,Laboratorios médicos y de diagnóstico del sector privado,otro,0 a 5 personas,25.63953249,-100.28464722,1406.0,1-2 km
9438807,LABORATORIO MEDICO DEL CHOPO PLAZA CHAPULTEPEC,Laboratorios médicos y de diagnóstico del sector privado,otro,0 a 5 personas,25.66695401,-100.28161823,1901.0,1-2 km
6420689,LABORATORIO PASTEUR,Laboratorios médicos y de diagnóstico del sector privado,otro,0 a 5 personas,25.66632176,-100.27754354,2047.0,> 2 km
2995387,LABORATORIO QUALITY LAB,Laboratorios médicos y de diagnóstico del sector privado,otro,0 a 5 personas,25.64313733,-100.30101786,1476.0,1-2 km
3040007,LABORATORIOS DE ANALISIS CLINICOS,Laboratorios médicos y de diagnóstico del sector privado,otro,0 a 5 personas,25.63461679,-100.29931352,2110.0,> 2 km
11046769,MAAS DENTISTAS,Consultorios dentales del sector privado,otro,0 a 5 personas,25.63465301,-100.28139339,2032.0,> 2 km
11385400,MEDICAL FOOT CARE CENTER BGM ESPECIALISTA PODOLOGIA,Otros consultorios del sector privado para el cuidado de la salud,otro,0 a 5 personas,25.64002557,-100.27286059,2093.0,> 2 km
8297017,MEDICINA AYURVEDA,Otros consultorios del sector privado para el cuidado de la salud,otro,0 a 5 personas,25.63480045,-100.28451289,1912.0,1-2 km
8805611,MEDICO GENERAL CONSULTORIO FARMACIAS BENAVIDES,Consultorios de medicina general del sector privado,otro,0 a 5 personas,25.66019455,-100.2818989,1240.0,1-2 km
9165099,MEDICS,Hospitales generales del sector privado,otro,0 a 5 personas,25.65950687,-100.29761403,1214.0,1-2 km
11220077,MEDIK CENTRO MEDICO,Consultorios de medicina general del sector privado,otro,0 a 5 personas,25.66019455,-100.2818989,1240.0,1-2 km
8498573,MENTE SANA,Consultorios de psicología del sector privado,otro,0 a 5 personas,25.64840211,-100.27339813,1648.0,1-2 km
6869196,MINISTERIOS DE AMOR MONTERREY,Orfanatos y otras residencias de asistencia social del sector privado,otro,6 a 10 personas,25.6523668,-100.298422,901.0,500 m-1 km
6217414,MONTERREY 4 12,Laboratorios médicos y de diagnóstico del sector privado,otro,6 a 10 personas,25.63747043,-100.28327727,1670.0,1-2 km
11040639,MOTRIX REHABILITACION FISICA INTEGRAL,"Consultorios del sector privado de audiología y de terapia ocupacional, física y del lenguaje",otro,0 a 5 personas,25.65312366,-100.29365497,458.0,0-500 m
11635391,MOVEMENT FISIOTERAPIA,"Consultorios del sector privado de audiología y de terapia ocupacional, física y del lenguaje",otro,0 a 5 personas,25.64143014,-100.28025595,1445.0,1-2 km
8411130,NARCOTICOS ANONIMOS,Agrupaciones de autoayuda para alcohólicos y personas con otras adicciones,otro,6 a 10 personas,25.65048319,-100.3049321,1550.0,1-2 km
9313921,NEUROPSICOLOGIA CLINICA PEDRIATICA,Consultorios de psicología del sector privado,otro,0 a 5 personas,25.63843833,-100.28795804,1450.0,1-2 km
9849542,NR CLINICA DENTAL,Consultorios dentales del sector privado,otro,0 a 5 personas,25.64482039,-100.28838243,740.0,500 m-1 km
9663414,ODONTO_SMILE,Consultorios dentales del sector privado,otro,0 a 5 personas,25.65237137,-100.2795704,1001.0,1-2 km
10258606,ODONTODOLOGOS,Consultorios dentales del sector privado,otro,0 a 5 personas,25.64146064,-100.27862419,1552.0,1-2 km
10014819,ODONTOLIVALLMTY,Consultorios dentales del sector privado,otro,0 a 5 personas,25.64348112,-100.27588485,1624.0,1-2 km
3040250,ODONTOLOGIA FAMILIAR GUTIERREZ,Consultorios dentales del sector privado,otro,0 a 5 personas,25.65166875,-100.28021808,931.0,500 m-1 km
8648960,ODONTOLOGIA GENERAL Y ORTODONCIA,Consultorios dentales del sector privado,otro,0 a 5 personas,25.64085292,-100.28096153,1452.0,1-2 km
11243232,ODONTOLOGIA INFANTIL,Consultorios dentales del sector privado,otro,0 a 5 personas,25.64917652,-100.2739016,1583.0,1-2 km
9872146,ODONTOLOGIA INFANTIL-B,Consultorios dentales del sector privado,otro,0 a 5 personas,25.64819588,-100.27441421,1554.0,1-2 km
8649415,ODONTOLOGIA INTEGRAL,Consultorios dentales del sector privado,otro,0 a 5 personas,25.64486879,-100.28788533,744.0,500 m-1 km
2993829,ODONTOLOGIA INTEGRAL,Consultorios dentales del sector privado,otro,0 a 5 personas,25.66734036,-100.28709866,1789.0,1-2 km
3039595,ODONTOLOGIA INTEGRAL,Consultorios dentales del sector privado,otro,0 a 5 personas,25.64793526,-100.29044376,397.0,0-500 m
10159122,ODONTOLOGIA INTEGRAL Y PERIODONCIA,Consultorios dentales del sector privado,otro,0 a 5 personas,25.64211732,-100.27344701,1912.0,1-2 km
3040064,ODONTOLOGIA Y MEDICINA INTEGRAL,Consultorios dentales del sector privado,otro,11 a 30 personas,25.66202755,-100.29511531,1309.0,1-2 km
10000394,ONIX LABORATORIOS,Clínicas de consultorios médicos del sector privado,otro,0 a 5 personas,25.65044796,-100.2923642,306.0,0-500 m
9014325,OPTICA ABBE,Consultorios de optometría,otro,0 a 5 personas,25.66662315,-100.27825027,2034.0,> 2 km
11173853,OPTICA BL,Consultorios de optometría,otro,0 a 5 personas,25.66134783,-100.29946742,1491.0,1-2 km
8778982,OPTICA CAVI,Consultorios de optometría,otro,0 a 5 personas,25.65610057,-100.2984863,1041.0,1-2 km
10008845,OPTICA MERVIN,Consultorios de optometría,otro,0 a 5 personas,25.63436496,-100.28749736,1905.0,1-2 km
3040383,ORTHODONTEETH CLINICA DENTAL Y ORTODONCIA,Consultorios dentales del sector privado,otro,6 a 10 personas,25.64237731,-100.27387858,1860.0,1-2 km
6215932,ORTODONCIA,Consultorios dentales del sector privado,otro,0 a 5 personas,25.64625533,-100.29576454,849.0,500 m-1 km
10999180,ORTODONCIA,Consultorios dentales del sector privado,otro,0 a 5 personas,25.66005609,-100.30436436,1774.0,1-2 km
8411121,ORTODONCIA AIDER BOUCHE,Consultorios dentales del sector privado,otro,0 a 5 personas,25.63812001,-100.28421245,1569.0,1-2 km
10812616,PEIN,Consultorios de psicología del sector privado,otro,0 a 5 personas,25.64563371,-100.28166118,1014.0,1-2 km
9314064,PERFECT ORTHODNTIES,Consultorios dentales del sector privado,otro,0 a 5 personas,25.64634397,-100.27512852,1546.0,1-2 km
10318590,PIES DE REYES,Otros consultorios del sector privado para el cuidado de la salud,otro,0 a 5 personas,25.65312366,-100.29365497,458.0,0-500 m
10232595,PLENARIA MEDICAL CENTER,Consultorios de medicina general del sector privado,otro,0 a 5 personas,25.64346929,-100.27487432,1711.0,1-2 km
8441447,PODOLOGIA,Otros consultorios del sector privado para el cuidado de la salud,otro,0 a 5 personas,25.6628491,-100.28795812,1282.0,1-2 km
8779140,PODOLOGO,Otros consultorios del sector privado para el cuidado de la salud,otro,0 a 5 personas,25.6576033,-100.30945371,2116.0,> 2 km
8297693,PODOLOGO PAUL PEREA,Otros consultorios del sector privado para el cuidado de la salud,otro,0 a 5 personas,25.64344682,-100.29966232,1349.0,1-2 km
2994086,PODOLOGO PIE ESTETICA,Otros consultorios del sector privado para el cuidado de la salud,otro,0 a 5 personas,25.66665504,-100.28030151,1931.0,1-2 km
6217523,PODOLOGOS CONTRY,Otros consultorios del sector privado para el cuidado de la salud,otro,0 a 5 personas,25.63812001,-100.28421245,1569.0,1-2 km
8297874,PODOLOGOS CORPUS,Otros consultorios del sector privado para el cuidado de la salud,otro,0 a 5 personas,25.65342621,-100.29383828,490.0,0-500 m
11341467,PODOLOGOS FAVE,Otros consultorios del sector privado para el cuidado de la salud,otro,0 a 5 personas,25.64456338,-100.29586448,992.0,500 m-1 km
3039576,PODOLOGOS FLORES LOPEZ,Otros consultorios del sector privado para el cuidado de la salud,otro,0 a 5 personas,25.64955758,-100.29377799,475.0,0-500 m
7915240,PODOLOGOS GUEL,Otros consultorios del sector privado para el cuidado de la salud,otro,0 a 5 personas,25.64045859,-100.28357892,1354.0,1-2 km
8649183,PSICOLOGA,Consultorios de psicología del sector privado,otro,0 a 5 personas,25.65247519,-100.28181777,779.0,500 m-1 km
10850823,PUNTO SUR COWORK DENTAL,Consultorios dentales del sector privado,otro,0 a 5 personas,25.66133825,-100.28244432,1312.0,1-2 km
6365456,QUITAKILOS,Consultorios de nutriólogos y dietistas del sector privado,otro,0 a 5 personas,25.65019272,-100.29280542,357.0,0-500 m
6367103,QUITAKILOS,Consultorios de nutriólogos y dietistas del sector privado,otro,0 a 5 personas,25.63812001,-100.28421245,1569.0,1-2 km
8368900,REABILITY MONTERREY,"Consultorios del sector privado de audiología y de terapia ocupacional, física y del lenguaje",otro,0 a 5 personas,25.65247519,-100.28181777,779.0,500 m-1 km
6269891,REACTIVOS Y QUIMICOS,Otros centros del sector privado para la atención de pacientes que no requieren hospitalización,otro,101 a 250 personas,25.6602741,-100.27980556,1385.0,1-2 km
8812484,RECOVERY SOLUTION,"Consultorios del sector privado de audiología y de terapia ocupacional, física y del lenguaje",otro,6 a 10 personas,25.63691453,-100.29028783,1613.0,1-2 km
2995388,REFUGIO 121 CASA HOGAR,Refugios temporales comunitarios del sector público,otro,0 a 5 personas,25.64170876,-100.30294261,1725.0,1-2 km
12282324,REHABILITACION Y FISIOTERAPIA,"Consultorios del sector privado de audiología y de terapia ocupacional, física y del lenguaje",otro,0 a 5 personas,25.65145959,-100.29897981,950.0,500 m-1 km
2994826,RESIDENCE HOME CARE,Asilos y otras residencias del sector privado para el cuidado de ancianos,otro,6 a 10 personas,25.64564413,-100.28761411,667.0,500 m-1 km
2994458,RESIDENCIA GERIATRICA,Asilos y otras residencias del sector privado para el cuidado de ancianos,otro,11 a 30 personas,25.65075241,-100.2801183,943.0,500 m-1 km
12277314,ROMA SERVICIOS MEDICOS SALUD EMPRESARIAL,Consultorios de medicina general del sector privado,otro,0 a 5 personas,25.65720906,-100.29419214,799.0,500 m-1 km
8524463,SANA PIEL PODOLOGO,Otros consultorios del sector privado para el cuidado de la salud,otro,0 a 5 personas,25.64892248,-100.2738947,1588.0,1-2 km
9014326,SANTE DENTAL,Consultorios dentales del sector privado,otro,0 a 5 personas,25.66662315,-100.27825027,2034.0,> 2 km
7805730,SERVICIOS MEDICOS,Consultorios dentales del sector privado,otro,0 a 5 personas,25.64754764,-100.2953882,729.0,500 m-1 km
3042227,SERVICIOS MEDICOS MUNICIPALES UNIDAD BUROCRATAS,Hospitales generales del sector público,otro,11 a 30 personas,25.6337415,-100.29660926,2089.0,> 2 km
3040076,SERVICIOS MEDICOS TEC,Consultorios de medicina especializada del sector privado,otro,0 a 5 personas,25.65824461,-100.29504239,942.0,500 m-1 km
10011435,SIC.MCG EVALUAVION Y TERAPIA EMOCIONAL,Consultorios de psicología del sector privado,otro,0 a 5 personas,25.64136762,-100.27868573,1555.0,1-2 km
10310430,SMILE DESING MONTERREY,Consultorios dentales del sector privado,otro,0 a 5 personas,25.6489406,-100.27389519,1588.0,1-2 km
10389936,SOBADOR QUIROPRACTICO DEPORTISTA,Consultorios de quiropráctica del sector privado,otro,0 a 5 personas,25.65665664,-100.30932628,2071.0,> 2 km
2994518,SOLO PIES,Otros consultorios del sector privado para el cuidado de la salud,otro,0 a 5 personas,25.64745793,-100.27502031,1516.0,1-2 km
8499008,SONRIE ODONTOLOGIA,Consultorios dentales del sector privado,otro,6 a 10 personas,25.64043799,-100.29409468,1303.0,1-2 km
8780214,SWISS LABORATORIO CENTRAL,Laboratorios médicos y de diagnóstico del sector privado,otro,11 a 30 personas,25.66049829,-100.29702187,1262.0,1-2 km
10770789,TATTOO STUDIO,Consultorios de quiropráctica del sector privado,otro,0 a 5 personas,25.65561784,-100.29646976,841.0,500 m-1 km
8778934,TERAPIA DE SANACION Y PREVENCION DE ENFERMEDADES,Agrupaciones de autoayuda para alcohólicos y personas con otras adicciones,otro,6 a 10 personas,25.66449303,-100.29944071,1764.0,1-2 km
6215931,TERAPIA INTEGRAL HOMEOPATIA,Consultorios de medicina especializada del sector privado,otro,0 a 5 personas,25.64733667,-100.29729292,902.0,500 m-1 km
2994678,UNIDAD DE ESPECIALIDADES PEDIATRICAS,Clínicas de consultorios médicos del sector público,otro,6 a 10 personas,25.65047173,-100.30716373,1774.0,1-2 km
2993793,UNIDAD DE MEDICINA FISICA Y REHABILITACION NUMERO 1,"Consultorios del sector público de audiología y de terapia ocupacional, física y del lenguaje",otro,11 a 30 personas,25.66971647,-100.29644701,2152.0,> 2 km
12279048,UNIDAD DENTAL ESPECIALIZADA,Consultorios dentales del sector privado,otro,0 a 5 personas,25.64699339,-100.27755826,1293.0,1-2 km
3034631,UNIDAD MEDICA INTEGRAL PETRITA,Consultorios de medicina general del sector privado,otro,0 a 5 personas,25.65391963,-100.30872152,1947.0,1-2 km
2995016,VEINTEC MONTERREY CONSULTORIO MEDICO,Consultorios de medicina general del sector privado,otro,0 a 5 personas,25.64227349,-100.27349038,1899.0,1-2 km
9694266,VITADENT,Consultorios dentales del sector privado,otro,6 a 10 personas,25.65019496,-100.29395031,466.0,0-500 m
10273316,XMILE,Consultorios dentales del sector privado,otro,0 a 5 personas,25.65188408,-100.29858472,912.0,500 m-1 km
8970476,XMILING DENTAL CLINIC,Consultorios dentales del sector privado,otro,0 a 5 personas,25.64878719,-100.27292289,1687.0,1-2 km
8648845,AMADEUS BILLETES DE LOTERIA,"Venta de billetes de lotería, pronósticos deportivos y otros boletos de sorteo",otro,0 a 5 personas,25.63619594,-100.28257993,1827.0,1-2 km
7872494,AMADEUS LOTERIA NACIONAL Y MELATE,"Venta de billetes de lotería, pronósticos deportivos y otros boletos de sorteo",otro,0 a 5 personas,25.66068579,-100.29702737,1279.0,1-2 km
6217216,ASOCIACION DE TIRO CON ARCO DEL ESTADO DE NUEVO LEON,Otros servicios recreativos prestados por el sector privado,otro,0 a 5 personas,25.65592207,-100.30035419,1199.0,1-2 km
8805695,BILLARDS POOL CASASOL,Billares,otro,11 a 30 personas,25.66562898,-100.28441687,1662.0,1-2 km
10032639,BLUE CORNER BOX GYM,Centros de acondicionamiento físico del sector privado,gimnasio,0 a 5 personas,25.65053362,-100.29219667,287.0,0-500 m
6365016,BOLERAMA TEC,Boliches,otro,11 a 30 personas,25.65767286,-100.29897671,1178.0,1-2 km
6370526,BOLERAMA TEC,Boliches,otro,11 a 30 personas,25.65779533,-100.29894886,1184.0,1-2 km
10961778,BOUNCE STUDIO,Centros de acondicionamiento físico del sector privado,gimnasio,6 a 10 personas,25.64501924,-100.28814604,722.0,500 m-1 km
6217402,CAMPO DE FUTBOOL BUFALOS,Centros de acondicionamiento físico del sector privado,gimnasio,31 a 50 personas,25.6497007,-100.27780518,1187.0,1-2 km
10037995,CASA ESPAÑA,"Promotores del sector privado de espectáculos artísticos, culturales, deportivos y similares que cuentan con instalaciones para presentarlos",otro,0 a 5 personas,25.63619594,-100.28257993,1827.0,1-2 km
8805549,CASINO BROADWAY,Otros juegos de azar,otro,51 a 100 personas,25.65731427,-100.28020083,1141.0,1-2 km
6867265,CASINO JUBILEE,Otros juegos de azar,otro,101 a 250 personas,25.65656914,-100.27962431,1145.0,1-2 km
9420974,CASINO PLAZA,Otros juegos de azar,otro,11 a 30 personas,25.65582468,-100.27905929,1156.0,1-2 km
8649126,CENTRO ACUATICO HIPOCAMPUS,Parques acuáticos y balnearios del sector privado,otro,11 a 30 personas,25.65035173,-100.27471835,1486.0,1-2 km
6447087,CENTRO DE ESPECTACULOS ARENA SOLIDARIDAD,"Promotores del sector privado de espectáculos artísticos, culturales, deportivos y similares que cuentan con instalaciones para presentarlos",otro,0 a 5 personas,25.65896528,-100.30529751,1793.0,1-2 km
3040575,CLUB AGUILAS,Clubes o ligas de aficionados,otro,0 a 5 personas,25.64131075,-100.27195767,2086.0,> 2 km
6215906,CREAT FITNESS,Centros de acondicionamiento físico del sector privado,gimnasio,11 a 30 personas,25.65322868,-100.2932763,430.0,0-500 m
10599317,E44 PILATES,Centros de acondicionamiento físico del sector privado,gimnasio,0 a 5 personas,25.64002557,-100.27286059,2093.0,> 2 km
7915239,EL MAGO DE LA SUERTE,"Venta de billetes de lotería, pronósticos deportivos y otros boletos de sorteo",otro,0 a 5 personas,25.64045859,-100.28357892,1354.0,1-2 km
3034473,EL TALISMAN DE LA SUERTE,"Venta de billetes de lotería, pronósticos deportivos y otros boletos de sorteo",otro,0 a 5 personas,25.65758229,-100.30436044,1640.0,1-2 km
2994004,EXPENDIO DE BOLETOS DE LOTERIA,"Venta de billetes de lotería, pronósticos deportivos y otros boletos de sorteo",otro,0 a 5 personas,25.66040458,-100.29701912,1253.0,1-2 km
11598897,FLOW PRODUCCIONES MUSICALES,Cantantes y grupos musicales del sector privado,otro,11 a 30 personas,25.66400688,-100.28347094,1527.0,1-2 km
8805599,GALERIAS,Museos del sector privado,otro,0 a 5 personas,25.6596961,-100.27485675,1734.0,1-2 km
8779093,GARZA FITNES CENTER,Centros de acondicionamiento físico del sector privado,gimnasio,0 a 5 personas,25.65070255,-100.30784174,1840.0,1-2 km
11527131,GIMNACIO LUCHA TIME,Centros de acondicionamiento físico del sector privado,gimnasio,0 a 5 personas,25.66492676,-100.29525769,1611.0,1-2 km
8297805,GIMNASIO GOLDEN GYM,Centros de acondicionamiento físico del sector privado,gimnasio,0 a 5 personas,25.63288573,-100.28566394,2094.0,> 2 km
6215892,GIMNASIO LUMBRERAS,Centros de acondicionamiento físico del sector privado,gimnasio,0 a 5 personas,25.64999114,-100.28250416,719.0,500 m-1 km
3042228,GIMNASIO MUNICIPAL,Centros de acondicionamiento físico del sector público,otro,0 a 5 personas,25.63458468,-100.2966451,2002.0,> 2 km
10896611,GIMNASIO THE CHAMPS,Centros de acondicionamiento físico del sector privado,gimnasio,0 a 5 personas,25.66708806,-100.28932376,1745.0,1-2 km
9523710,GYM FITNESS BOXING,Centros de acondicionamiento físico del sector privado,gimnasio,0 a 5 personas,25.66593815,-100.28223307,1773.0,1-2 km
11206627,HOUSE OFF BALANCE,Centros de acondicionamiento físico del sector privado,gimnasio,0 a 5 personas,25.6434727,-100.27648652,1574.0,1-2 km
3040274,IBVI LOTERIA Y PRONOSTICOS,"Venta de billetes de lotería, pronósticos deportivos y otros boletos de sorteo",otro,0 a 5 personas,25.64855256,-100.27966568,1035.0,1-2 km
2995379,IGUANA GYM,Centros de acondicionamiento físico del sector privado,gimnasio,0 a 5 personas,25.64074582,-100.30516184,1967.0,1-2 km
9727367,IMPERIUM,Centros de acondicionamiento físico del sector privado,gimnasio,0 a 5 personas,25.64720189,-100.28196084,888.0,500 m-1 km
8411511,INSTITUTO SUPERIOR DE MUSICA ENCORE,Cantantes y grupos musicales del sector privado,otro,6 a 10 personas,25.65105541,-100.29903953,957.0,500 m-1 km
11574310,JEAN GUERRA MX,Centros de acondicionamiento físico del sector privado,gimnasio,0 a 5 personas,25.64002557,-100.27286059,2093.0,> 2 km
10220465,JUMPING,Centros de acondicionamiento físico del sector privado,gimnasio,0 a 5 personas,25.66708806,-100.28932376,1745.0,1-2 km
3038505,LA CIGUENA DE LA SUERTE,"Venta de billetes de lotería, pronósticos deportivos y otros boletos de sorteo",otro,0 a 5 personas,25.66708806,-100.28932376,1745.0,1-2 km
6269584,LA SILLA CLUB,Clubes deportivos del sector privado,otro,11 a 30 personas,25.6390058,-100.27301907,2151.0,> 2 km
11523323,LAS CLASICAS,"Promotores del sector privado de espectáculos artísticos, culturales, deportivos y similares que cuentan con instalaciones para presentarlos",otro,0 a 5 personas,25.65510748,-100.30635476,1739.0,1-2 km
8533163,LOTERIA & MELATE AMADEUS,"Venta de billetes de lotería, pronósticos deportivos y otros boletos de sorteo",otro,0 a 5 personas,25.65292172,-100.27610651,1353.0,1-2 km
3040359,LOTERIA Y MELATE AMADEUS,"Venta de billetes de lotería, pronósticos deportivos y otros boletos de sorteo",otro,0 a 5 personas,25.63747421,-100.28329852,1669.0,1-2 km
11828101,OLIMPO ACADEMY,Centros de acondicionamiento físico del sector privado,gimnasio,0 a 5 personas,25.64628465,-100.28939052,569.0,500 m-1 km
9036861,OLINPUS GYM,Centros de acondicionamiento físico del sector privado,gimnasio,0 a 5 personas,25.64774046,-100.28477921,624.0,500 m-1 km
3040245,OLYMPUS GYM,Centros de acondicionamiento físico del sector privado,gimnasio,0 a 5 personas,25.64774046,-100.28477921,624.0,500 m-1 km
10360807,ONE CYCLE,Centros de acondicionamiento físico del sector privado,gimnasio,0 a 5 personas,25.65019496,-100.29395031,466.0,0-500 m
11023980,PADEL GO SIETESEIS,Centros de acondicionamiento físico del sector privado,gimnasio,0 a 5 personas,25.63619594,-100.28257993,1827.0,1-2 km
12334137,PADEL PARK INDOOR,Centros de acondicionamiento físico del sector privado,gimnasio,6 a 10 personas,25.64124021,-100.30481775,1906.0,1-2 km
6217246,PARQUE DE LIGA PEQUEÑA INDEPENDENCIA,Centros de acondicionamiento físico del sector público,otro,0 a 5 personas,25.64983724,-100.30178946,1244.0,1-2 km
8648736,PLAYERS PALACE,Otros juegos de azar,otro,101 a 250 personas,25.66983136,-100.28475002,2104.0,> 2 km
3034449,POOL BEER VENTA DE BEBIDAS,Billares,otro,0 a 5 personas,25.65773653,-100.30516895,1721.0,1-2 km
6481380,QUALITY COREOGRAFIAS,Compañías de danza del sector privado,otro,0 a 5 personas,25.63465052,-100.28138418,2032.0,> 2 km
9828032,ROLLIN CYCLING,Centros de acondicionamiento físico del sector privado,gimnasio,11 a 30 personas,25.64285105,-100.27710642,1564.0,1-2 km
6217233,ROMA GYM,Centros de acondicionamiento físico del sector privado,gimnasio,0 a 5 personas,25.65068917,-100.29599615,656.0,500 m-1 km
9414817,SMART FIT GARZA SADA,Centros de acondicionamiento físico del sector privado,gimnasio,6 a 10 personas,25.6400675,-100.2854653,1323.0,1-2 km
6370249,SORTEOS TEC TECNOLOGICO,"Venta de billetes de lotería, pronósticos deportivos y otros boletos de sorteo",otro,11 a 30 personas,25.65276458,-100.28899725,160.0,0-500 m
6699704,SPORT CITY NUEVO SUR,Centros de acondicionamiento físico del sector privado,gimnasio,31 a 50 personas,25.65249892,-100.27653107,1306.0,1-2 km
9406876,STATION 24 GARZA SADA,Centros de acondicionamiento físico del sector privado,gimnasio,11 a 30 personas,25.64362123,-100.28728306,893.0,500 m-1 km
9462756,STATION 24 REVOLUCION,Centros de acondicionamiento físico del sector privado,gimnasio,11 a 30 personas,25.66763761,-100.28416679,1883.0,1-2 km
8649425,TALLER DE ARTES PLASTICAS,"Artistas, escritores y técnicos independientes",otro,0 a 5 personas,25.66318018,-100.29704881,1513.0,1-2 km
3040098,TEATRO NENA DELGADO,Compañías de teatro del sector privado,otro,11 a 30 personas,25.65733646,-100.2951325,869.0,500 m-1 km
8976370,TERCER OCTANTE MS SERVICIOS DE MUSICA Y AMBIENTACION,Cantantes y grupos musicales del sector privado,otro,6 a 10 personas,25.64149093,-100.27327949,1964.0,1-2 km
8498579,THINK PILATES,Centros de acondicionamiento físico del sector privado,gimnasio,0 a 5 personas,25.65267041,-100.27822434,1139.0,1-2 km
8805968,TOTAL SPORT,Centros de acondicionamiento físico del sector privado,gimnasio,11 a 30 personas,25.64057141,-100.28531187,1275.0,1-2 km
8805247,URVAN GYM,Centros de acondicionamiento físico del sector privado,gimnasio,0 a 5 personas,25.65976378,-100.28308742,1131.0,1-2 km
9540431,VITAL ZONE,Centros de acondicionamiento físico del sector privado,gimnasio,0 a 5 personas,25.64482039,-100.28838243,740.0,500 m-1 km
9323779,WINLAND CASINO MONTERREY,Casas de juegos electrónicos,otro,101 a 250 personas,25.63840861,-100.28571914,1493.0,1-2 km
10135057,WORLDFIT,Centros de acondicionamiento físico del sector privado,gimnasio,0 a 5 personas,25.64002557,-100.27286059,2093.0,> 2 km
6371822,11313 DOMINOS PIZZA MTY TECNOLOGICO,Restaurantes de autoservicio,restaurante,11 a 30 personas,25.64098649,-100.28627235,1202.0,1-2 km
6370092,15083 BURGER KING GARZA SADA,Restaurantes de autoservicio,restaurante,6 a 10 personas,25.64567864,-100.28855942,643.0,500 m-1 km
6699522,1516 P.F. CHANGS NUEVO SUR MTY,Restaurantes con servicio de preparación de alimentos a la carta o de comida corrida,restaurante,31 a 50 personas,25.65957074,-100.28183074,1190.0,1-2 km
9277977,1MTTE ONE MONTERREY TECNOLOGICO,Hoteles con otros servicios integrados,otro,11 a 30 personas,25.65396389,-100.29416017,547.0,500 m-1 km
6794660,38224 STARBUCKS REVOLUCION,"Cafeterías, fuentes de sodas, neverías, refresquerías y similares",cafeteria,11 a 30 personas,25.64271658,-100.27394839,1834.0,1-2 km
6370983,38258 STARBUCKS GARZA SADA,"Cafeterías, fuentes de sodas, neverías, refresquerías y similares",cafeteria,11 a 30 personas,25.64482815,-100.28838765,739.0,500 m-1 km
6370974,38322 STARBUCKS MM GARZA SADA,"Cafeterías, fuentes de sodas, neverías, refresquerías y similares",cafeteria,11 a 30 personas,25.65322729,-100.29327543,430.0,0-500 m
6812422,38545 STARBUCKS NUEVO SUR,"Cafeterías, fuentes de sodas, neverías, refresquerías y similares",cafeteria,11 a 30 personas,25.65249892,-100.27653107,1306.0,1-2 km
6794657,38741 STARBUCKS BIBLIOTECA ITESM MTY II,"Cafeterías, fuentes de sodas, neverías, refresquerías y similares",cafeteria,11 a 30 personas,25.65125691,-100.2920422,255.0,0-500 m
8533232,ABARROTES MAGO,Servicios de preparación de otros alimentos para consumo inmediato,otro,0 a 5 personas,25.63356961,-100.28949911,1983.0,1-2 km
9740592,AGENCIA CONECTA,"Centros nocturnos, discotecas y similares",bar,0 a 5 personas,25.64955551,-100.287763,269.0,0-500 m
9548531,ALE BURGUER,"Restaurantes con servicio de preparación de pizzas, hamburguesas, hot dogs y pollos rostizados para llevar",restaurante,0 a 5 personas,25.65259952,-100.28233882,730.0,500 m-1 km
6421142,ALIMENTOS SELECTOS DEL NORESTE,Restaurantes con servicio de preparación de alimentos a la carta o de comida corrida,restaurante,11 a 30 personas,25.63812001,-100.28421245,1569.0,1-2 km
10732769,ALITAS Y BONELESS EL GANSO,"Restaurantes con servicio de preparación de pizzas, hamburguesas, hot dogs y pollos rostizados para llevar",restaurante,0 a 5 personas,25.65608497,-100.30112599,1276.0,1-2 km
9521456,AMOR DE MIS AMORES,Restaurantes con servicio de preparación de tacos y tortas,restaurante,0 a 5 personas,25.65478377,-100.27610034,1395.0,1-2 km
9279544,ANTOJITOS GARZA,Restaurantes con servicio de preparación de antojitos,restaurante,11 a 30 personas,25.66180309,-100.29805007,1440.0,1-2 km
8297802,ANTOJITOS KATY,Restaurantes con servicio de preparación de antojitos,restaurante,0 a 5 personas,25.63346557,-100.28672859,2013.0,> 2 km
10771272,ANTOJITOS MARQUEZ,Restaurantes con servicio de preparación de antojitos,restaurante,0 a 5 personas,25.65654572,-100.27075763,1964.0,1-2 km
11112614,ANTOJITOS MEXICANOS,Restaurantes con servicio de preparación de antojitos,restaurante,0 a 5 personas,25.66667124,-100.27927037,1984.0,1-2 km
9500278,ANTOJITOS MEXICANOS DOÑA MARI,Restaurantes con servicio de preparación de antojitos,restaurante,6 a 10 personas,25.6668223,-100.28401425,1801.0,1-2 km
8297853,ANTOJITOS MEXICANOS ISABEL,Restaurantes con servicio de preparación de antojitos,restaurante,0 a 5 personas,25.63208196,-100.2849011,2197.0,> 2 km
9781599,ANTOJITOS MEXICANOS YOLA,Restaurantes con servicio de preparación de antojitos,restaurante,0 a 5 personas,25.65641085,-100.30616316,1761.0,1-2 km
3040261,ANTOJITOS PRIMAVERA,Restaurantes con servicio de preparación de antojitos,restaurante,0 a 5 personas,25.65260338,-100.27852609,1108.0,1-2 km
2994789,ANTOJITOS ROMA,Restaurantes con servicio de preparación de antojitos,restaurante,0 a 5 personas,25.64646674,-100.29738806,962.0,500 m-1 km
10102312,ANTOJITOS Y HAMBURGUESAS KARIM,"Restaurantes con servicio de preparación de pizzas, hamburguesas, hot dogs y pollos rostizados para llevar",restaurante,0 a 5 personas,25.65258336,-100.3095483,2014.0,> 2 km
6370025,APPLEBEES CONTRY,Restaurantes con servicio de preparación de alimentos a la carta o de comida corrida,restaurante,31 a 50 personas,25.63812001,-100.28421245,1569.0,1-2 km
11491445,AQUI HAY COMIDA,Restaurantes con servicio de preparación de alimentos a la carta o de comida corrida,restaurante,0 a 5 personas,25.64744891,-100.27502114,1516.0,1-2 km
9989618,ARCA HAMBURGUESAS,"Restaurantes con servicio de preparación de pizzas, hamburguesas, hot dogs y pollos rostizados para llevar",restaurante,0 a 5 personas,25.65577783,-100.26855791,2155.0,> 2 km
7988769,ATE Q LATTE,"Cafeterías, fuentes de sodas, neverías, refresquerías y similares",cafeteria,0 a 5 personas,25.65312366,-100.29365497,458.0,0-500 m
10546120,ATM HAMBURGUESAS,Restaurantes con servicio de preparación de tacos y tortas,restaurante,0 a 5 personas,25.65643609,-100.2978897,1010.0,1-2 km
11553096,ATMOSFERA SALUDABLE,Restaurantes con servicio de preparación de alimentos a la carta o de comida corrida,restaurante,0 a 5 personas,25.64893052,-100.28858285,290.0,0-500 m
11637046,BANANA BANANA,"Cafeterías, fuentes de sodas, neverías, refresquerías y similares",cafeteria,0 a 5 personas,25.6434727,-100.27648652,1574.0,1-2 km
8441453,BAR LEBARON,"Bares, cantinas y similares",bar,0 a 5 personas,25.66728417,-100.28879095,1768.0,1-2 km
9837129,BARBACOA,Restaurantes con servicio de preparación de antojitos,restaurante,0 a 5 personas,25.6565901,-100.30894664,2033.0,> 2 km
9988945,BARBACOA DON PEDRO,Restaurantes con servicio de preparación de antojitos,restaurante,0 a 5 personas,25.64829433,-100.27516056,1478.0,1-2 km
6217224,BARBACOA DON PEDRO,Restaurantes con servicio de preparación de antojitos,restaurante,0 a 5 personas,25.65455241,-100.30204684,1306.0,1-2 km
10884321,BARBACOA GIL,Restaurantes con servicio de preparación de tacos y tortas,restaurante,0 a 5 personas,25.65619673,-100.27601321,1453.0,1-2 km
8297637,BARBACOA LA DEL PERICO,Restaurantes con servicio de preparación de tacos y tortas,restaurante,0 a 5 personas,25.64311238,-100.30119902,1491.0,1-2 km
8441441,BARBACOA PERICO,Restaurantes con servicio de preparación de tacos y tortas,restaurante,0 a 5 personas,25.66721054,-100.29053278,1761.0,1-2 km
8411181,BARBACOA Y CARNITAS VALLEJO,Restaurantes con servicio de preparación de antojitos,restaurante,0 a 5 personas,25.63457582,-100.29846368,2075.0,> 2 km
8778816,BARBACOA Y CARNITAS VALLEJO,Restaurantes con servicio de preparación de antojitos,restaurante,0 a 5 personas,25.64110448,-100.30475709,1910.0,1-2 km
9516200,BARBACOA Y MENUDO LALYS,Restaurantes con servicio de preparación de antojitos,restaurante,0 a 5 personas,25.63256876,-100.29222896,2112.0,> 2 km
8778877,BARRA 22,Restaurantes con servicio de preparación de pescados y mariscos,restaurante,31 a 50 personas,25.64757098,-100.29112861,456.0,0-500 m
9279072,BEER FORUS,"Bares, cantinas y similares",bar,0 a 5 personas,25.64348206,-100.27595489,1618.0,1-2 km
10615415,BENDITO GUSTO,Servicios de preparación de alimentos en unidades móviles,otro,0 a 5 personas,25.64838732,-100.27495955,1495.0,1-2 km
8440914,BEST FCKNG PIZZA,Restaurantes con servicio de preparación de alimentos a la carta o de comida corrida,restaurante,0 a 5 personas,25.64888491,-100.28864263,293.0,0-500 m
11519454,BIRRIERIA MONTERREY,Restaurantes con servicio de preparación de antojitos,restaurante,6 a 10 personas,25.65629424,-100.29824194,1031.0,1-2 km
9718285,BLACK BROTHER,Servicios de preparación de alimentos en unidades móviles,otro,0 a 5 personas,25.6560081,-100.31052554,2169.0,> 2 km
3034512,BODEGA LA PALETERIA,"Restaurantes con servicio de preparación de pizzas, hamburguesas, hot dogs y pollos rostizados para llevar",restaurante,0 a 5 personas,25.65548841,-100.30273633,1402.0,1-2 km
6368402,BONKEY SUSHI,Restaurantes de autoservicio,restaurante,6 a 10 personas,25.64629884,-100.29430883,744.0,500 m-1 km
11104571,BONSAI,Restaurantes con servicio de preparación de alimentos a la carta o de comida corrida,restaurante,0 a 5 personas,25.65415601,-100.27820679,1173.0,1-2 km
8805607,BORBON ST VENTA DE HAMBURGUESAS,Restaurantes que preparan otro tipo de alimentos para llevar,restaurante,0 a 5 personas,25.65689521,-100.28948701,611.0,500 m-1 km
11159323,BOTANERO CUCHIL,Restaurantes con servicio de preparación de pescados y mariscos,restaurante,6 a 10 personas,25.6411743,-100.28080046,1433.0,1-2 km
12289825,BOTANERO MORITAS,Restaurantes con servicio de preparación de alimentos a la carta o de comida corrida,restaurante,31 a 50 personas,25.65493941,-100.29477173,659.0,500 m-1 km
10206342,BOTANERO MORITAS,Restaurantes con servicio de preparación de alimentos a la carta o de comida corrida,restaurante,31 a 50 personas,25.65488765,-100.29473947,653.0,500 m-1 km
10902982,BOTANERO TEC,"Bares, cantinas y similares",bar,0 a 5 personas,25.65019496,-100.29395031,466.0,0-500 m
9590550,BREED SUSHI,Restaurantes de autoservicio,restaurante,0 a 5 personas,25.64196581,-100.28617947,1101.0,1-2 km
10395254,BRUTAL KITCHEN BAR,"Bares, cantinas y similares",bar,31 a 50 personas,25.6505419,-100.29350349,412.0,0-500 m
9910690,BUENA VIDA,Restaurantes con servicio de preparación de alimentos a la carta o de comida corrida,restaurante,0 a 5 personas,25.65087558,-100.29307143,363.0,0-500 m
8411299,BUFALO PIZZA,"Restaurantes con servicio de preparación de pizzas, hamburguesas, hot dogs y pollos rostizados para llevar",restaurante,6 a 10 personas,25.65019496,-100.29395031,466.0,0-500 m
8703014,BUFALO PIZZAS,Restaurantes con servicio de preparación de alimentos a la carta o de comida corrida,restaurante,0 a 5 personas,25.65004009,-100.29414976,490.0,0-500 m
9388793,BUFALO WILD WINGS,Restaurantes de autoservicio,restaurante,31 a 50 personas,25.63950009,-100.2850997,1395.0,1-2 km
11796518,BUFFALO PIZZA,Restaurantes de autoservicio,restaurante,6 a 10 personas,25.65259805,-100.27583518,1376.0,1-2 km
10768520,BURGERS AND MORE,"Restaurantes con servicio de preparación de pizzas, hamburguesas, hot dogs y pollos rostizados para llevar",restaurante,0 a 5 personas,25.65603289,-100.29194243,570.0,500 m-1 km
11755046,BURGERSMX,Restaurantes de autoservicio,restaurante,6 a 10 personas,25.64569899,-100.29395289,775.0,500 m-1 km
9686103,BURRITOS Y BURRITOS,Restaurantes con servicio de preparación de tacos y tortas,restaurante,0 a 5 personas,25.66024314,-100.28742188,1005.0,1-2 km
11466910,BUSHER COCODRILS,"Restaurantes con servicio de preparación de pizzas, hamburguesas, hot dogs y pollos rostizados para llevar",restaurante,0 a 5 personas,25.64102011,-100.2805936,1459.0,1-2 km
3040264,C C MOTORS,Restaurantes con servicio de preparación de antojitos,restaurante,0 a 5 personas,25.65173722,-100.27744622,1209.0,1-2 km
9445037,CACEP CHOCOLATES,"Cafeterías, fuentes de sodas, neverías, refresquerías y similares",cafeteria,0 a 5 personas,25.64196581,-100.28617947,1101.0,1-2 km
8297876,CAFE 110 MONTERREY,"Cafeterías, fuentes de sodas, neverías, refresquerías y similares",cafeteria,6 a 10 personas,25.65560185,-100.29648299,842.0,500 m-1 km
9716943,CAFE CACAO,"Cafeterías, fuentes de sodas, neverías, refresquerías y similares",cafeteria,11 a 30 personas,25.65024493,-100.29388596,458.0,0-500 m
8806033,CAFE LIMON,"Cafeterías, fuentes de sodas, neverías, refresquerías y similares",cafeteria,11 a 30 personas,25.64792168,-100.28505145,590.0,500 m-1 km
9842809,CAFE ROSA MARQUESITA,"Cafeterías, fuentes de sodas, neverías, refresquerías y similares",cafeteria,0 a 5 personas,25.65207845,-100.27549994,1405.0,1-2 km
11661799,CAFETERIA ANA LIA,"Cafeterías, fuentes de sodas, neverías, refresquerías y similares",cafeteria,0 a 5 personas,25.66912992,-100.28178077,2118.0,> 2 km
3033615,CAFETERIA LINSES,"Cafeterías, fuentes de sodas, neverías, refresquerías y similares",cafeteria,0 a 5 personas,25.67080278,-100.29374027,2199.0,> 2 km
3040141,CAFETERIA PREPARATORIA 15 FLORIDA,"Cafeterías, fuentes de sodas, neverías, refresquerías y similares",cafeteria,6 a 10 personas,25.65766038,-100.28981299,697.0,500 m-1 km
9014357,CAFETERIA YUNOS,"Cafeterías, fuentes de sodas, neverías, refresquerías y similares",cafeteria,0 a 5 personas,25.64188952,-100.27927822,1472.0,1-2 km
11507996,CAOS BURGUER,"Restaurantes con servicio de preparación de pizzas, hamburguesas, hot dogs y pollos rostizados para llevar",restaurante,0 a 5 personas,25.66039039,-100.29159044,1021.0,1-2 km
6215902,CAPRICCIOSAS PIZZA,"Restaurantes con servicio de preparación de pizzas, hamburguesas, hot dogs y pollos rostizados para llevar",restaurante,0 a 5 personas,25.6434727,-100.27648652,1574.0,1-2 km
10825312,CAPTAIN FRIEND CHICKEN,"Restaurantes con servicio de preparación de pizzas, hamburguesas, hot dogs y pollos rostizados para llevar",restaurante,0 a 5 personas,25.63421015,-100.29849844,2114.0,> 2 km
2994430,CAPULETO,"Restaurantes con servicio de preparación de pizzas, hamburguesas, hot dogs y pollos rostizados para llevar",restaurante,6 a 10 personas,25.65312366,-100.29365497,458.0,0-500 m
6365121,CARLS JR CONTRY,Restaurantes de autoservicio,restaurante,51 a 100 personas,25.63943786,-100.28505981,1403.0,1-2 km
6373453,CARLS JR PASEO TEC,Restaurantes de autoservicio,restaurante,11 a 30 personas,25.65322729,-100.29327543,430.0,0-500 m
9469775,CARLS JR TEC DE MONTERREY,Restaurantes de autoservicio,restaurante,11 a 30 personas,25.65402365,-100.2937751,518.0,500 m-1 km
8805408,CARMELA COMIDAS CASERAS,Restaurantes con servicio de preparación de alimentos a la carta o de comida corrida,restaurante,6 a 10 personas,25.64975877,-100.29562661,641.0,500 m-1 km
6215930,CARNITAS LAS MICHOACANAS,Restaurantes con servicio de preparación de antojitos,restaurante,0 a 5 personas,25.64910754,-100.29691712,786.0,500 m-1 km
8533281,CATRINAS CHILAQUILES,Restaurantes con servicio de preparación de antojitos,restaurante,11 a 30 personas,25.649148,-100.29526516,630.0,500 m-1 km
11525232,CATTLEYA,"Cafeterías, fuentes de sodas, neverías, refresquerías y similares",cafeteria,0 a 5 personas,25.64347844,-100.27568475,1641.0,1-2 km
10942311,CC FOODS,"Restaurantes con servicio de preparación de pizzas, hamburguesas, hot dogs y pollos rostizados para llevar",restaurante,0 a 5 personas,25.66287246,-100.2980849,1539.0,1-2 km
2994102,CERVECERIA EL HURACAN,"Bares, cantinas y similares",bar,0 a 5 personas,25.66559133,-100.27769216,1973.0,1-2 km
3034674,CERVECERIA REYNERA,"Bares, cantinas y similares",bar,0 a 5 personas,25.65385602,-100.30563392,1640.0,1-2 km
2995318,CHARLY BURGER,"Restaurantes con servicio de preparación de pizzas, hamburguesas, hot dogs y pollos rostizados para llevar",restaurante,0 a 5 personas,25.64000449,-100.29678945,1463.0,1-2 km
2994170,CHICHARRONES MENDEZ,Restaurantes con servicio de preparación de antojitos,restaurante,0 a 5 personas,25.65892487,-100.2731087,1844.0,1-2 km
9525780,CHILAKILLERS,Restaurantes con servicio de preparación de alimentos a la carta o de comida corrida,restaurante,0 a 5 personas,25.64998144,-100.29266966,355.0,0-500 m
11386067,CHILAKILLERS,Restaurantes con servicio de preparación de alimentos a la carta o de comida corrida,restaurante,0 a 5 personas,25.65039599,-100.29246582,318.0,0-500 m
11213714,CHILAQUILES CHAPULTEPEC,Restaurantes con servicio de preparación de alimentos a la carta o de comida corrida,restaurante,0 a 5 personas,25.66631346,-100.27748256,2050.0,> 2 km
6371522,CHILIS CONTRY,Restaurantes con servicio de preparación de alimentos a la carta o de comida corrida,restaurante,11 a 30 personas,25.63812001,-100.28421245,1569.0,1-2 km
6877578,CHILIS NUEVO SUR MTY 2,Restaurantes con servicio de preparación de alimentos a la carta o de comida corrida,restaurante,11 a 30 personas,25.65213229,-100.2762353,1332.0,1-2 km
9672053,CHINIS CHEESE ELOTE,Servicios de preparación de otros alimentos para consumo inmediato,otro,0 a 5 personas,25.65347492,-100.27466353,1505.0,1-2 km
9682520,CHUWIES BARBER SHOP,"Cafeterías, fuentes de sodas, neverías, refresquerías y similares",cafeteria,0 a 5 personas,25.64002557,-100.27286059,2093.0,> 2 km
11074148,CLINICA PA CRUDOS,Restaurantes con servicio de preparación de pescados y mariscos,restaurante,0 a 5 personas,25.66253007,-100.3009922,1691.0,1-2 km
11065119,CLUB DE NUTRICION,Servicios de preparación de otros alimentos para consumo inmediato,otro,0 a 5 personas,25.642347,-100.30330756,1711.0,1-2 km
8970600,CLUB DE NUTRICION,Servicios de preparación de otros alimentos para consumo inmediato,otro,0 a 5 personas,25.65135329,-100.28025695,927.0,500 m-1 km
10372339,COCHINITA PIBILL A LA LEÑA,Restaurantes con servicio de preparación de antojitos,restaurante,0 a 5 personas,25.6517512,-100.29906531,960.0,500 m-1 km
9981687,COCINA DE TACOS QUIN,Restaurantes con servicio de preparación de alimentos a la carta o de comida corrida,restaurante,0 a 5 personas,25.64785092,-100.30218827,1332.0,1-2 km
8297758,COCINA DOÑA FLOR,Restaurantes que preparan otro tipo de alimentos para llevar,restaurante,0 a 5 personas,25.64340909,-100.29856198,1271.0,1-2 km
8844303,COCINA Y MAS,Restaurantes que preparan otro tipo de alimentos para llevar,restaurante,0 a 5 personas,25.66114946,-100.30355284,1777.0,1-2 km
10231152,COFFI BAR,"Cafeterías, fuentes de sodas, neverías, refresquerías y similares",cafeteria,0 a 5 personas,25.64937949,-100.29698492,783.0,500 m-1 km
11338665,COMEDOR JESUCRISTO PAN DE VIDA,Servicios de preparación de alimentos para ocasiones especiales,otro,6 a 10 personas,25.63995717,-100.29850515,1560.0,1-2 km
3034252,COMEDORES Y ABASTECIMIENTOS ALIMENTICIOS MARITIMOS,Servicios de comedor para empresas e instituciones,otro,251 y más personas,25.66284021,-100.29983824,1641.0,1-2 km
6217416,COMIDA CHINA,Restaurantes de autoservicio,restaurante,6 a 10 personas,25.63747421,-100.28329852,1669.0,1-2 km
8970347,COMIDA CHINA YALE,Restaurantes de autoservicio,restaurante,6 a 10 personas,25.6668223,-100.28401425,1801.0,1-2 km
8970545,COMIDA VEGANA MUNS KICTEN,Restaurantes con servicio de preparación de alimentos a la carta o de comida corrida,restaurante,0 a 5 personas,25.64855771,-100.28896511,321.0,0-500 m
8805540,COMIDAS CASERAS,Restaurantes que preparan otro tipo de alimentos para llevar,restaurante,0 a 5 personas,25.66001342,-100.27574507,1679.0,1-2 km
11488016,COMIDAS CASERAS,Servicios de preparación de alimentos para ocasiones especiales,otro,0 a 5 personas,25.6538167,-100.28337384,670.0,500 m-1 km
10746165,COMIDAS CASERAS D SANDY,Restaurantes con servicio de preparación de alimentos a la carta o de comida corrida,restaurante,0 a 5 personas,25.66947678,-100.28815097,2015.0,> 2 km
8778761,COMIDAS CASERAS DOÑA MAGUE,Restaurantes con servicio de preparación de antojitos,restaurante,0 a 5 personas,25.64253111,-100.30252582,1636.0,1-2 km
8805971,COMIDAS CASERAS PRONTO,Restaurantes que preparan otro tipo de alimentos para llevar,restaurante,11 a 30 personas,25.64899643,-100.28595269,445.0,0-500 m
3039568,COMIDAS DONA LAURA,Restaurantes que preparan otro tipo de alimentos para llevar,restaurante,0 a 5 personas,25.64310456,-100.29660516,1165.0,1-2 km
8970924,COMIDAS DOÑA TERE,Restaurantes que preparan otro tipo de alimentos para llevar,restaurante,0 a 5 personas,25.6613159,-100.27883577,1536.0,1-2 km
10728169,COMIDAS GABRIEL,Restaurantes que preparan otro tipo de alimentos para llevar,restaurante,0 a 5 personas,25.65029119,-100.28354388,610.0,500 m-1 km
10459724,COMIDAS JIREH,"Cafeterías, fuentes de sodas, neverías, refresquerías y similares",cafeteria,0 a 5 personas,25.64323211,-100.2993455,1341.0,1-2 km
8815944,COMIDAS KARINA,Restaurantes que preparan otro tipo de alimentos para llevar,restaurante,0 a 5 personas,25.66450708,-100.29554623,1578.0,1-2 km
3034703,COMIDAS LA PLACITA,"Restaurantes con servicio de preparación de pizzas, hamburguesas, hot dogs y pollos rostizados para llevar",restaurante,0 a 5 personas,25.65078831,-100.30597003,1652.0,1-2 km
10548883,COMIDAS MAMA MIA,Restaurantes que preparan otro tipo de alimentos para llevar,restaurante,0 a 5 personas,25.64899646,-100.28429911,586.0,500 m-1 km
9014274,COMIDAS NATY,Restaurantes que preparan otro tipo de alimentos para llevar,restaurante,0 a 5 personas,25.66853646,-100.28330884,2004.0,> 2 km
9765883,COMIDAS RAPIDAS,Restaurantes con servicio de preparación de antojitos,restaurante,0 a 5 personas,25.6567607,-100.30498628,1663.0,1-2 km
10977162,COMIDAS SANTIAGO APOSTOL,Restaurantes que preparan otro tipo de alimentos para llevar,restaurante,0 a 5 personas,25.65670379,-100.29868809,1094.0,1-2 km
8970601,COMIDAS SIN NOMBRE,Restaurantes con servicio de preparación de alimentos a la carta o de comida corrida,restaurante,0 a 5 personas,25.65223043,-100.283315,627.0,500 m-1 km
8411062,COMIDAS Y GORDITAS,Restaurantes que preparan otro tipo de alimentos para llevar,restaurante,0 a 5 personas,25.63415631,-100.28724731,1931.0,1-2 km
8649413,COMIDASDOVIS,Restaurantes que preparan otro tipo de alimentos para llevar,restaurante,0 a 5 personas,25.64561745,-100.28745637,675.0,500 m-1 km
9293536,COOPERATIVA,"Cafeterías, fuentes de sodas, neverías, refresquerías y similares",cafeteria,0 a 5 personas,25.66295598,-100.2810228,1540.0,1-2 km
8441259,COOPERATIVA DE ESCUELA PRIMARIA ALFONSO REYES,"Cafeterías, fuentes de sodas, neverías, refresquerías y similares",cafeteria,0 a 5 personas,25.66414916,-100.27408965,2097.0,> 2 km
10186700,COOPERATIVA ESCOLAR,Restaurantes con servicio de preparación de alimentos a la carta o de comida corrida,restaurante,0 a 5 personas,25.6494418,-100.30673508,1741.0,1-2 km
8297521,COOPERATIVA ESCOLAR DR. JAIME TORRES BODET T.M,"Cafeterías, fuentes de sodas, neverías, refresquerías y similares",cafeteria,0 a 5 personas,25.64385503,-100.28906808,840.0,500 m-1 km
3040330,COOPERATIVA ESCOLAR ESCUELA ALBERTO JAUREGUI LOPEZ TURNO MATUTINO,"Cafeterías, fuentes de sodas, neverías, refresquerías y similares",cafeteria,0 a 5 personas,25.64725937,-100.27747703,1290.0,1-2 km
2994778,COOPERATIVA ESCOLAR PRIMARIA AGUSTIN YAÑEZ,"Cafeterías, fuentes de sodas, neverías, refresquerías y similares",cafeteria,0 a 5 personas,25.6437128,-100.28918145,855.0,500 m-1 km
8297588,COOPERATIVA ESCOLAR PRIMARIA PROF ALVARO AYALA FIERRO,"Cafeterías, fuentes de sodas, neverías, refresquerías y similares",cafeteria,0 a 5 personas,25.64019126,-100.29098952,1255.0,1-2 km
8297522,COOPERATIVA ESCOLAR SECUNDARIA 11 DR. JAIME TORRES BODET T.M. LOS 2 TURNO,"Cafeterías, fuentes de sodas, neverías, refresquerías y similares",cafeteria,0 a 5 personas,25.64408026,-100.28900154,815.0,500 m-1 km
2995178,COOPERATIVA ESCOLAR SECUNDARIA 35 TM,"Cafeterías, fuentes de sodas, neverías, refresquerías y similares",cafeteria,0 a 5 personas,25.63959289,-100.29062959,1318.0,1-2 km
8635030,COOPERATIVA ESCUELA FORD 17 URSULA VILLARREAL TURNO MATUTINO,"Cafeterías, fuentes de sodas, neverías, refresquerías y similares",cafeteria,0 a 5 personas,25.64962931,-100.30809702,1874.0,1-2 km
8635031,COOPERATIVA ESCUELA FORD 17 URSULA VILLARREAL TURNO VESPERTINO,"Cafeterías, fuentes de sodas, neverías, refresquerías y similares",cafeteria,0 a 5 personas,25.64955711,-100.30809184,1875.0,1-2 km
8441317,COOPERATIVA ESCUELA PRIMARIA FORD 88 ALFREDO V BONFIL TURNO MATUTINO CT19DPR0372L,"Cafeterías, fuentes de sodas, neverías, refresquerías y similares",cafeteria,0 a 5 personas,25.66307718,-100.27969101,1629.0,1-2 km
8297753,COOPERATIVA ESCUELA PRIMARIA JAIME NUNO,"Cafeterías, fuentes de sodas, neverías, refresquerías y similares",cafeteria,0 a 5 personas,25.64646081,-100.30111748,1288.0,1-2 km
11206408,COOPERATIVA ESCUELA PRIMARIA JESUS M GARZA,Restaurantes con servicio de preparación de antojitos,restaurante,0 a 5 personas,25.65963945,-100.29852386,1287.0,1-2 km
3055057,COOPERATIVA ESCUELA SECUNDARIA 50,"Cafeterías, fuentes de sodas, neverías, refresquerías y similares",cafeteria,0 a 5 personas,25.6478862,-100.27699091,1313.0,1-2 km
8297587,COOPERATIVA PRIMARIA PRIMARIA GUADALUPE VILLARREAL MUÑOZ,"Cafeterías, fuentes de sodas, neverías, refresquerías y similares",cafeteria,0 a 5 personas,25.64017162,-100.29097145,1257.0,1-2 km
8297752,COOPERATIVA PRIMARIA SOLEDAD ZAMORA,"Cafeterías, fuentes de sodas, neverías, refresquerías y similares",cafeteria,0 a 5 personas,25.64574886,-100.30091193,1305.0,1-2 km
2995177,COOPERATIVA SECUNDARIA 42 T.V,"Cafeterías, fuentes de sodas, neverías, refresquerías y similares",cafeteria,0 a 5 personas,25.63960505,-100.29062006,1316.0,1-2 km
8441316,COOPERATIVA SECUNDARIA PROFR ROGER POMPA PEREZ CCT19EESO154Q TURNO MATUTINO,"Cafeterías, fuentes de sodas, neverías, refresquerías y similares",cafeteria,0 a 5 personas,25.66297446,-100.28103197,1542.0,1-2 km
3040329,COPERATIVA ESCUELA SERAFIN GARCIA,"Cafeterías, fuentes de sodas, neverías, refresquerías y similares",cafeteria,0 a 5 personas,25.64718517,-100.2775961,1282.0,1-2 km
8368912,CORAS BURGUER,"Restaurantes con servicio de preparación de pizzas, hamburguesas, hot dogs y pollos rostizados para llevar",restaurante,0 a 5 personas,25.64914817,-100.28066287,921.0,500 m-1 km
8805249,COSTA BICHI,Restaurantes con servicio de preparación de pescados y mariscos,restaurante,0 a 5 personas,25.65980027,-100.2839321,1088.0,1-2 km
11052715,CRAVINGS LAB,"Cafeterías, fuentes de sodas, neverías, refresquerías y similares",cafeteria,0 a 5 personas,25.64760892,-100.29022291,428.0,0-500 m
10619662,CRAZY HOTCHOS,Servicios de preparación de alimentos en unidades móviles,otro,0 a 5 personas,25.64838732,-100.27495955,1495.0,1-2 km
11114845,CRISPY TENDERS,"Restaurantes con servicio de preparación de pizzas, hamburguesas, hot dogs y pollos rostizados para llevar",restaurante,0 a 5 personas,25.64838732,-100.27495955,1495.0,1-2 km
9825619,CULICHIPS,"Cafeterías, fuentes de sodas, neverías, refresquerías y similares",cafeteria,0 a 5 personas,25.64794245,-100.28783501,419.0,0-500 m
10614803,DALIA NEGRA,Restaurantes con servicio de preparación de alimentos a la carta o de comida corrida,restaurante,0 a 5 personas,25.65019496,-100.29395031,466.0,0-500 m
3039580,DI MASSIMO,Restaurantes con servicio de preparación de alimentos a la carta o de comida corrida,restaurante,0 a 5 personas,25.65100087,-100.2929097,345.0,0-500 m
9971652,DI PASAUALE,"Restaurantes con servicio de preparación de pizzas, hamburguesas, hot dogs y pollos rostizados para llevar",restaurante,0 a 5 personas,25.66640631,-100.30342593,2175.0,> 2 km
2994701,DISTRITO COMERCIAL,Restaurantes con servicio de preparación de alimentos a la carta o de comida corrida,restaurante,0 a 5 personas,25.64793526,-100.29044376,397.0,0-500 m
10809913,DKY INDUSTRIAL,"Restaurantes con servicio de preparación de pizzas, hamburguesas, hot dogs y pollos rostizados para llevar",restaurante,0 a 5 personas,25.66117343,-100.30368169,1789.0,1-2 km
11805305,DOLCE BISQUET PASEO TEC,Restaurantes con servicio de preparación de alimentos a la carta o de comida corrida,restaurante,11 a 30 personas,25.65322729,-100.29327543,430.0,0-500 m
10771935,DON CORNE RESTAURANTE,Restaurantes con servicio de preparación de alimentos a la carta o de comida corrida,restaurante,0 a 5 personas,25.6668223,-100.28401425,1801.0,1-2 km
3038930,DON DANY,"Restaurantes con servicio de preparación de pizzas, hamburguesas, hot dogs y pollos rostizados para llevar",restaurante,0 a 5 personas,25.66287335,-100.28711541,1298.0,1-2 km
6217214,DON KING,"Restaurantes con servicio de preparación de pizzas, hamburguesas, hot dogs y pollos rostizados para llevar",restaurante,0 a 5 personas,25.65612012,-100.29932361,1116.0,1-2 km
3038543,DON LUPE,Restaurantes con servicio de preparación de tacos y tortas,restaurante,0 a 5 personas,25.66590455,-100.29456408,1691.0,1-2 km
8880256,DON TORTA,Restaurantes que preparan otro tipo de alimentos para llevar,restaurante,0 a 5 personas,25.6615325,-100.30091496,1606.0,1-2 km
11792520,DOÑA LUCA,Restaurantes con servicio de preparación de alimentos a la carta o de comida corrida,restaurante,0 a 5 personas,25.64555444,-100.28800457,667.0,500 m-1 km
3038992,DOÑA MARIA,Restaurantes con servicio de preparación de alimentos a la carta o de comida corrida,restaurante,6 a 10 personas,25.66402143,-100.28157177,1613.0,1-2 km
6512843,DOÑA TOTA SUCURSAL PASEO TEC MONTERREY,Restaurantes con servicio de preparación de antojitos,restaurante,6 a 10 personas,25.65410899,-100.29382865,528.0,500 m-1 km
12290384,DOÑA TOTA SUCURSAL TEC CAMPUS MTY,Restaurantes con servicio de preparación de antojitos,restaurante,6 a 10 personas,25.65022728,-100.2928331,359.0,0-500 m
6446439,DOÑA TOTA SUCURSAL TEC MONTERREY,Restaurantes con servicio de preparación de antojitos,restaurante,6 a 10 personas,25.64996206,-100.29265721,355.0,0-500 m
8649362,DOROTEO CANTINA MEXICANA,Restaurantes que preparan otro tipo de alimentos para llevar,restaurante,11 a 30 personas,25.65346564,-100.27470349,1501.0,1-2 km
11214940,DULCE ANTOJO,"Cafeterías, fuentes de sodas, neverías, refresquerías y similares",cafeteria,0 a 5 personas,25.65235357,-100.27965054,993.0,500 m-1 km
10057306,DULCE NIEVE,"Cafeterías, fuentes de sodas, neverías, refresquerías y similares",cafeteria,0 a 5 personas,25.66134783,-100.29946742,1491.0,1-2 km
3040425,E C HAMBURGUESAS,"Restaurantes con servicio de preparación de pizzas, hamburguesas, hot dogs y pollos rostizados para llevar",restaurante,0 a 5 personas,25.63619594,-100.28257993,1827.0,1-2 km
9339319,EDEN,Servicios de preparación de otros alimentos para consumo inmediato,otro,0 a 5 personas,25.63449131,-100.28395748,1961.0,1-2 km
8648737,EDITH BANDA PADILLA,Servicios de preparación de otros alimentos para consumo inmediato,otro,0 a 5 personas,25.66727133,-100.28897161,1766.0,1-2 km
11297120,EIKO,Restaurantes con servicio de preparación de alimentos a la carta o de comida corrida,restaurante,0 a 5 personas,25.66640631,-100.30342593,2175.0,> 2 km
8441442,EL ANTOJO,Restaurantes con servicio de preparación de alimentos a la carta o de comida corrida,restaurante,0 a 5 personas,25.66732074,-100.28464667,1836.0,1-2 km
3039564,EL ARBOITO,Restaurantes con servicio de preparación de alimentos a la carta o de comida corrida,restaurante,6 a 10 personas,25.64982775,-100.29510217,588.0,500 m-1 km
11255504,EL ATORON,Restaurantes con servicio de preparación de pescados y mariscos,restaurante,0 a 5 personas,25.65501637,-100.30552193,1656.0,1-2 km
11491403,EL CAMIERO,Restaurantes con servicio de preparación de tacos y tortas,restaurante,0 a 5 personas,25.65993416,-100.27529612,1711.0,1-2 km
8411005,EL CHAMALITO,Restaurantes con servicio de preparación de pescados y mariscos,restaurante,11 a 30 personas,25.63347638,-100.28129032,2156.0,> 2 km
9918211,EL CHEPITO,Restaurantes con servicio de preparación de tacos y tortas,restaurante,0 a 5 personas,25.65378835,-100.27713403,1268.0,1-2 km
9524620,EL CHILE,"Restaurantes con servicio de preparación de pizzas, hamburguesas, hot dogs y pollos rostizados para llevar",restaurante,0 a 5 personas,25.65050621,-100.2930268,367.0,0-500 m
2994225,EL GALLO DORADO TACOS,Restaurantes con servicio de preparación de tacos y tortas,restaurante,0 a 5 personas,25.65521642,-100.29152605,470.0,0-500 m
6367129,EL GRAN PASTOR,Restaurantes con servicio de preparación de alimentos a la carta o de comida corrida,restaurante,51 a 100 personas,25.64185105,-100.28610846,1115.0,1-2 km
10840172,EL JARRITO,Restaurantes que preparan otro tipo de alimentos para llevar,restaurante,11 a 30 personas,25.65342621,-100.29383828,490.0,0-500 m
6217346,EL MORELENSE TAQUERIA,Restaurantes con servicio de preparación de tacos y tortas,restaurante,11 a 30 personas,25.64605622,-100.29426828,763.0,500 m-1 km
3034540,EL PALMITO SUCURSAL ROMA,Restaurantes con servicio de preparación de alimentos a la carta o de comida corrida,restaurante,6 a 10 personas,25.65639007,-100.29877123,1082.0,1-2 km
6215893,EL PIRATA CHACHO -B,Restaurantes con servicio de preparación de tacos y tortas,restaurante,0 a 5 personas,25.64810595,-100.284872,591.0,500 m-1 km
2994496,EL PLATO FUERTE _B,Restaurantes con servicio de preparación de alimentos a la carta o de comida corrida,restaurante,0 a 5 personas,25.64718069,-100.28412495,714.0,500 m-1 km
3034480,EL POLLO VALLENATO,"Restaurantes con servicio de preparación de pizzas, hamburguesas, hot dogs y pollos rostizados para llevar",restaurante,0 a 5 personas,25.65712095,-100.30188435,1395.0,1-2 km
2994156,EL POLLOTOTOTE,"Restaurantes con servicio de preparación de pizzas, hamburguesas, hot dogs y pollos rostizados para llevar",restaurante,0 a 5 personas,25.65989617,-100.27480268,1750.0,1-2 km
11237915,EL PUESTO AZUL,Restaurantes con servicio de preparación de tacos y tortas,restaurante,0 a 5 personas,25.663468,-100.29854664,1620.0,1-2 km
8805742,EL REALITO CITY,"Restaurantes con servicio de preparación de pizzas, hamburguesas, hot dogs y pollos rostizados para llevar",restaurante,0 a 5 personas,25.65654504,-100.27066757,1972.0,1-2 km
11671314,EL RESAQUE,Restaurantes con servicio de preparación de tacos y tortas,restaurante,0 a 5 personas,25.66068407,-100.30026682,1493.0,1-2 km
10093028,EL REY DEL PASTE,Restaurantes con servicio de preparación de antojitos,restaurante,0 a 5 personas,25.65029029,-100.2926183,336.0,0-500 m
3039696,EL REY DEL TROMPO,Restaurantes con servicio de preparación de tacos y tortas,restaurante,0 a 5 personas,25.64758253,-100.30576025,1684.0,1-2 km
3034280,EL SAZON DE CHINA,Restaurantes que preparan otro tipo de alimentos para llevar,restaurante,0 a 5 personas,25.66111188,-100.29868808,1419.0,1-2 km
8735026,EL SAZON DE LA VILLA DE SANTIAGO RESTAURANT,Restaurantes con servicio de preparación de alimentos a la carta o de comida corrida,restaurante,6 a 10 personas,25.65976319,-100.29026072,933.0,500 m-1 km
2994727,EL SEMAFORO,Restaurantes con servicio de preparación de tacos y tortas,restaurante,6 a 10 personas,25.64885973,-100.296701,775.0,500 m-1 km
3045035,EL SUPER TAMAL,Servicios de preparación de otros alimentos para consumo inmediato,otro,0 a 5 personas,25.63462887,-100.28373856,1952.0,1-2 km
11228165,EL TACO VELOZ,Restaurantes con servicio de preparación de tacos y tortas,restaurante,6 a 10 personas,25.64598034,-100.28917894,603.0,500 m-1 km
10378315,EL TALLER POLLO Y CORTES PARA ASAR,"Restaurantes con servicio de preparación de pizzas, hamburguesas, hot dogs y pollos rostizados para llevar",restaurante,0 a 5 personas,25.65918943,-100.27367864,1807.0,1-2 km
6368399,EL TORITO SINALOENSE,Restaurantes con servicio de preparación de pescados y mariscos,restaurante,11 a 30 personas,25.64897833,-100.29548007,657.0,500 m-1 km
9604676,EL TRIANGULO 77,Restaurantes con servicio de preparación de alimentos a la carta o de comida corrida,restaurante,0 a 5 personas,25.66218863,-100.29521121,1329.0,1-2 km
8441715,EL TURISTA GOURMET,Restaurantes con servicio de preparación de antojitos,restaurante,0 a 5 personas,25.65263667,-100.27921148,1040.0,1-2 km
9617424,ELOTE EL NEGRO,Servicios de preparación de otros alimentos para consumo inmediato,otro,0 a 5 personas,25.64910361,-100.28832728,281.0,0-500 m
8735020,ELOTES GABY,Servicios de preparación de otros alimentos para consumo inmediato,otro,0 a 5 personas,25.65268506,-100.28270554,696.0,500 m-1 km
9974630,ELOTES LINARES,Servicios de preparación de otros alimentos para consumo inmediato,otro,0 a 5 personas,25.65030809,-100.29263772,337.0,0-500 m
10909508,ELOTES LOS FERNANDEZ,Servicios de preparación de otros alimentos para consumo inmediato,otro,0 a 5 personas,25.6498093,-100.29345563,434.0,0-500 m
7805665,ENCHILADAS ROSSY,Restaurantes con servicio de preparación de antojitos,restaurante,0 a 5 personas,25.66011709,-100.29667196,1207.0,1-2 km
3040428,ENCHILADAS TENCHITA,Restaurantes con servicio de preparación de alimentos a la carta o de comida corrida,restaurante,0 a 5 personas,25.63619594,-100.28257993,1827.0,1-2 km
11325110,EPA REGIAS,Restaurantes con servicio de preparación de tacos y tortas,restaurante,0 a 5 personas,25.65949422,-100.27191344,1979.0,1-2 km
2995181,ESCUELA ALVARO AYALA COPERATIVA,"Cafeterías, fuentes de sodas, neverías, refresquerías y similares",cafeteria,0 a 5 personas,25.63942765,-100.29126223,1343.0,1-2 km
3054890,ESCUELA COOPERATIVA,"Cafeterías, fuentes de sodas, neverías, refresquerías y similares",cafeteria,0 a 5 personas,25.65528587,-100.26839231,2159.0,> 2 km
9239516,ESPAÑOLA RESTAURANTE,Restaurantes con servicio de preparación de pescados y mariscos,restaurante,11 a 30 personas,25.66029485,-100.27751993,1556.0,1-2 km
8441556,FAXY JOICE,Servicios de preparación de otros alimentos para consumo inmediato,otro,0 a 5 personas,25.66354307,-100.28328411,1487.0,1-2 km
9816058,FERELA FOOD,Restaurantes con servicio de preparación de alimentos a la carta o de comida corrida,restaurante,0 a 5 personas,25.66002408,-100.28828605,967.0,500 m-1 km
6845281,FIMTT FIESTA INN MONTERREY TECNOLÓGICO,Hoteles con otros servicios integrados,otro,51 a 100 personas,25.65425012,-100.2939172,544.0,500 m-1 km
11682934,FIT ENERGY,Restaurantes con servicio de preparación de alimentos a la carta o de comida corrida,restaurante,0 a 5 personas,25.64046962,-100.28439258,1319.0,1-2 km
7915293,FONDA CHINA,Restaurantes de autoservicio,restaurante,0 a 5 personas,25.64196581,-100.28617947,1101.0,1-2 km
11123607,FONDA DOÑA MARIA,Restaurantes que preparan otro tipo de alimentos para llevar,restaurante,0 a 5 personas,25.66174427,-100.28414158,1269.0,1-2 km
11141129,FRAPE IDOL K SNAK,"Cafeterías, fuentes de sodas, neverías, refresquerías y similares",cafeteria,0 a 5 personas,25.65232351,-100.28024139,934.0,500 m-1 km
6810750,FRIDA CHILAQUILES,Restaurantes con servicio de preparación de alimentos a la carta o de comida corrida,restaurante,6 a 10 personas,25.65342621,-100.29383828,490.0,0-500 m
9094983,FRIED CHICKEN LOUSIANA,"Restaurantes con servicio de preparación de pizzas, hamburguesas, hot dogs y pollos rostizados para llevar",restaurante,6 a 10 personas,25.65977799,-100.28891989,933.0,500 m-1 km
10483803,FRUTAL YOGURT,"Cafeterías, fuentes de sodas, neverías, refresquerías y similares",cafeteria,0 a 5 personas,25.64196581,-100.28617947,1101.0,1-2 km
10917626,FRUTERIA VALENTIN,Servicios de preparación de otros alimentos para consumo inmediato,otro,0 a 5 personas,25.65235357,-100.27965054,993.0,500 m-1 km
11376870,FUNNY BURGER,"Restaurantes con servicio de preparación de pizzas, hamburguesas, hot dogs y pollos rostizados para llevar",restaurante,0 a 5 personas,25.65722845,-100.29421547,802.0,500 m-1 km
8970977,GAB,Restaurantes con servicio de preparación de alimentos a la carta o de comida corrida,restaurante,0 a 5 personas,25.63619594,-100.28257993,1827.0,1-2 km
9426006,GALPAO DO BRASIL,Restaurantes con servicio de preparación de alimentos a la carta o de comida corrida,restaurante,11 a 30 personas,25.6653389,-100.28439511,1632.0,1-2 km
9484439,GARZA SADA COUNTRY,Restaurantes de autoservicio,restaurante,6 a 10 personas,25.64398092,-100.28751541,849.0,500 m-1 km
8411178,GELOW,"Cafeterías, fuentes de sodas, neverías, refresquerías y similares",cafeteria,0 a 5 personas,25.63812001,-100.28421245,1569.0,1-2 km
3040401,GORDITAS DE LA TIA MARIA,Restaurantes con servicio de preparación de antojitos,restaurante,0 a 5 personas,25.63619594,-100.28257993,1827.0,1-2 km
8297015,GORDITAS Y TACOS NORMA,Restaurantes con servicio de preparación de antojitos,restaurante,0 a 5 personas,25.63488803,-100.29680042,1977.0,1-2 km
10404284,GRANO DE SAL,Restaurantes que preparan otro tipo de alimentos para llevar,restaurante,0 a 5 personas,25.64908234,-100.27238808,1735.0,1-2 km
2995251,GRUPO MAPUCHE,Restaurantes con servicio de preparación de alimentos a la carta o de comida corrida,restaurante,101 a 250 personas,25.63840861,-100.28571914,1493.0,1-2 km
2994881,GUISO RICO,Restaurantes con servicio de preparación de alimentos a la carta o de comida corrida,restaurante,0 a 5 personas,25.64168425,-100.27854591,1540.0,1-2 km
2995447,HAMBURGUESAS DEL CAMPO,"Restaurantes con servicio de preparación de pizzas, hamburguesas, hot dogs y pollos rostizados para llevar",restaurante,0 a 5 personas,25.64119389,-100.30319634,1781.0,1-2 km
3034352,HAMBURGUESAS EL CHINO,"Restaurantes con servicio de preparación de pizzas, hamburguesas, hot dogs y pollos rostizados para llevar",restaurante,0 a 5 personas,25.65950583,-100.29943621,1343.0,1-2 km
2994285,HAMBURGUESAS EL CHINO JR,"Restaurantes con servicio de preparación de pizzas, hamburguesas, hot dogs y pollos rostizados para llevar",restaurante,11 a 30 personas,25.64940094,-100.27442444,1527.0,1-2 km
8844302,HAMBURGUESAS MEME,"Restaurantes con servicio de preparación de pizzas, hamburguesas, hot dogs y pollos rostizados para llevar",restaurante,0 a 5 personas,25.6318648,-100.29157762,2182.0,> 2 km
10627943,HAMBURGUESAS ROMA,"Restaurantes con servicio de preparación de pizzas, hamburguesas, hot dogs y pollos rostizados para llevar",restaurante,0 a 5 personas,25.64872689,-100.30689461,1769.0,1-2 km
3038551,HAMBURGUESAS TOBAR BURGUER,"Restaurantes con servicio de preparación de pizzas, hamburguesas, hot dogs y pollos rostizados para llevar",restaurante,0 a 5 personas,25.66711326,-100.29150549,1759.0,1-2 km
8523888,HAMBURGUESAS Y PAPAS ASADAS ALEX,"Restaurantes con servicio de preparación de pizzas, hamburguesas, hot dogs y pollos rostizados para llevar",restaurante,0 a 5 personas,25.63386993,-100.29913889,2176.0,> 2 km
2994753,HELADOS SULTANA,"Cafeterías, fuentes de sodas, neverías, refresquerías y similares",cafeteria,0 a 5 personas,25.65015692,-100.2939993,472.0,0-500 m
11455228,HERBALIFE,Servicios de preparación de otros alimentos para consumo inmediato,otro,0 a 5 personas,25.65477133,-100.30544898,1642.0,1-2 km
8587612,HIERBALIFE NUTRITION,Servicios de preparación de otros alimentos para consumo inmediato,otro,0 a 5 personas,25.66591241,-100.29711698,1785.0,1-2 km
6269195,HOLIDAY INN EXPRESS TECNOLOGICO MONTERREY,Hoteles con otros servicios integrados,otro,31 a 50 personas,25.63687594,-100.28343907,1726.0,1-2 km
10909256,HOME SLICE,Servicios de preparación de alimentos en unidades móviles,otro,0 a 5 personas,25.64844937,-100.2734885,1638.0,1-2 km
2994499,HOT DOGS SYMON,"Restaurantes con servicio de preparación de pizzas, hamburguesas, hot dogs y pollos rostizados para llevar",restaurante,0 a 5 personas,25.64733727,-100.2842515,693.0,500 m-1 km
11420325,HOT SPIKEN CHIKEN,"Restaurantes con servicio de preparación de pizzas, hamburguesas, hot dogs y pollos rostizados para llevar",restaurante,0 a 5 personas,25.63291262,-100.28583597,2088.0,> 2 km
9757658,HOTEL BOTIQUE DE FIRMA,Hoteles sin otros servicios integrados,otro,11 a 30 personas,25.66783476,-100.28454596,1894.0,1-2 km
6709183,HOTEL CITY EXPRESS PLUS NUEVO SUR,Hoteles con otros servicios integrados,otro,11 a 30 personas,25.65249892,-100.27653107,1306.0,1-2 km
10091315,HOUSE OF DOGS,"Restaurantes con servicio de preparación de pizzas, hamburguesas, hot dogs y pollos rostizados para llevar",restaurante,0 a 5 personas,25.64813204,-100.28489362,588.0,500 m-1 km
11785513,ICHIGO,"Cafeterías, fuentes de sodas, neverías, refresquerías y similares",cafeteria,0 a 5 personas,25.64990776,-100.28671692,325.0,0-500 m
11095789,IL BUON GUSTAIO,"Restaurantes con servicio de preparación de pizzas, hamburguesas, hot dogs y pollos rostizados para llevar",restaurante,0 a 5 personas,25.64967508,-100.29362751,456.0,0-500 m
12289297,IMPULSORA DE BANQUETES DE SERVICIOS,Servicios de preparación de alimentos para ocasiones especiales,otro,11 a 30 personas,25.65616747,-100.29052638,540.0,500 m-1 km
6777041,JAC & RAY,Restaurantes con servicio de preparación de alimentos a la carta o de comida corrida,restaurante,6 a 10 personas,25.6411743,-100.28080046,1433.0,1-2 km
11138775,JELLY BURGERS,"Restaurantes con servicio de preparación de pizzas, hamburguesas, hot dogs y pollos rostizados para llevar",restaurante,0 a 5 personas,25.6524227,-100.27933938,1025.0,1-2 km
11470459,JOLULU,"Cafeterías, fuentes de sodas, neverías, refresquerías y similares",cafeteria,0 a 5 personas,25.63651232,-100.2891878,1656.0,1-2 km
10622279,JUGOS NATURALES,"Cafeterías, fuentes de sodas, neverías, refresquerías y similares",cafeteria,0 a 5 personas,25.65312366,-100.29365497,458.0,0-500 m
2994040,JUGOS NATURALES MARIO,"Cafeterías, fuentes de sodas, neverías, refresquerías y similares",cafeteria,0 a 5 personas,25.6672142,-100.28582904,1797.0,1-2 km
3034243,JUGOS Y LICUADOS,"Cafeterías, fuentes de sodas, neverías, refresquerías y similares",cafeteria,0 a 5 personas,25.66296161,-100.29855557,1574.0,1-2 km
2993980,JUGOS Y LICUADOS,"Cafeterías, fuentes de sodas, neverías, refresquerías y similares",cafeteria,0 a 5 personas,25.6621122,-100.29421205,1281.0,1-2 km
3034277,JUGOS Y LICUADOS 24 HORAS,"Cafeterías, fuentes de sodas, neverías, refresquerías y similares",cafeteria,0 a 5 personas,25.66209658,-100.29925585,1540.0,1-2 km
11770078,JUN CAFES DE MEXICO,"Cafeterías, fuentes de sodas, neverías, refresquerías y similares",cafeteria,0 a 5 personas,25.65510036,-100.29178237,471.0,0-500 m
11416106,KAELUM COFFEE,"Cafeterías, fuentes de sodas, neverías, refresquerías y similares",cafeteria,0 a 5 personas,25.64893052,-100.28858285,290.0,0-500 m
8411290,KBABES TEC,Restaurantes con servicio de preparación de alimentos a la carta o de comida corrida,restaurante,6 a 10 personas,25.65013223,-100.29403109,476.0,0-500 m
6269234,KENTUCKY FRIED CHICKEN,Restaurantes de autoservicio,restaurante,0 a 5 personas,25.65843586,-100.29880322,1217.0,1-2 km
7889059,KIDZ N KIDZ,"Centros nocturnos, discotecas y similares",bar,0 a 5 personas,25.64196581,-100.28617947,1101.0,1-2 km
9847890,KIKO DONAS,"Cafeterías, fuentes de sodas, neverías, refresquerías y similares",cafeteria,0 a 5 personas,25.64196581,-100.28617947,1101.0,1-2 km
6368806,KIOSKO HOME DEPOT REVOLUCION,"Cafeterías, fuentes de sodas, neverías, refresquerías y similares",cafeteria,0 a 5 personas,25.65621217,-100.2798007,1110.0,1-2 km
11212773,KOGA CHEESE CAKE,Servicios de preparación de otros alimentos para consumo inmediato,otro,0 a 5 personas,25.64838985,-100.27372139,1617.0,1-2 km
2994220,KUN FU,Restaurantes que preparan otro tipo de alimentos para llevar,restaurante,0 a 5 personas,25.65560886,-100.29197378,530.0,500 m-1 km
9895028,KUNGFU COMIDA CHINA,Restaurantes que preparan otro tipo de alimentos para llevar,restaurante,0 a 5 personas,25.65095733,-100.29317938,372.0,0-500 m
10980979,LA AUTENTICA MARQUESITA,Servicios de preparación de alimentos en unidades móviles,otro,0 a 5 personas,25.64476209,-100.2879819,754.0,500 m-1 km
11464817,LA BAJA,Restaurantes con servicio de preparación de tacos y tortas,restaurante,0 a 5 personas,25.64868385,-100.2963731,752.0,500 m-1 km
11477489,LA BARRIKA BAR,Restaurantes con servicio de preparación de alimentos a la carta o de comida corrida,restaurante,0 a 5 personas,25.64159645,-100.30418935,1832.0,1-2 km
9716341,LA BIRRIERRIA,Restaurantes con servicio de preparación de antojitos,restaurante,6 a 10 personas,25.6498658,-100.29458472,537.0,500 m-1 km
3039963,LA BODEGUITA BAR,"Bares, cantinas y similares",bar,0 a 5 personas,25.63961432,-100.30382374,1944.0,1-2 km
11367119,LA BOTANA,Servicios de preparación de alimentos en unidades móviles,otro,6 a 10 personas,25.6474533,-100.29012558,443.0,0-500 m
10982632,LA BURGUESERIA,"Restaurantes con servicio de preparación de pizzas, hamburguesas, hot dogs y pollos rostizados para llevar",restaurante,0 a 5 personas,25.66000009,-100.27104527,2082.0,> 2 km
8734974,LA CAPITAL DE LA TOSTADA,Restaurantes con servicio de preparación de alimentos a la carta o de comida corrida,restaurante,0 a 5 personas,25.64847324,-100.27495786,1494.0,1-2 km
8411456,LA CASA DEL BOCHO,Restaurantes que preparan otro tipo de alimentos para llevar,restaurante,0 a 5 personas,25.64828163,-100.2974398,868.0,500 m-1 km
9569770,LA CAZUELA NORTEÑA,Restaurantes con servicio de preparación de alimentos a la carta o de comida corrida,restaurante,0 a 5 personas,25.6527526,-100.27596474,1365.0,1-2 km
11059731,LA CHEVETECA,Restaurantes que preparan otro tipo de alimentos para llevar,restaurante,0 a 5 personas,25.65100693,-100.29236837,291.0,0-500 m
11471769,LA COCINITA,Restaurantes que preparan otro tipo de alimentos para llevar,restaurante,0 a 5 personas,25.64763619,-100.27643015,1375.0,1-2 km
7873258,LA COCONA DE MI VECINA,"Cafeterías, fuentes de sodas, neverías, refresquerías y similares",cafeteria,6 a 10 personas,25.6512194,-100.2934651,398.0,0-500 m
9755365,LA COSTA CHICA,Restaurantes con servicio de preparación de pescados y mariscos,restaurante,6 a 10 personas,25.65993052,-100.29662402,1187.0,1-2 km
3038529,LA ENRRAMADA RESTAURANTE,Restaurantes con servicio de preparación de alimentos a la carta o de comida corrida,restaurante,6 a 10 personas,25.66721111,-100.28455798,1827.0,1-2 km
2994462,LA ESQUINITA SNACK,Servicios de preparación de otros alimentos para consumo inmediato,otro,0 a 5 personas,25.65560185,-100.29648299,842.0,500 m-1 km
11210615,LA FONDA DE XIMENA,Restaurantes que preparan otro tipo de alimentos para llevar,restaurante,0 a 5 personas,25.65700607,-100.3012552,1333.0,1-2 km
11450682,LA FRAMBUESA,Restaurantes con servicio de preparación de alimentos a la carta o de comida corrida,restaurante,0 a 5 personas,25.6384622,-100.2874142,1454.0,1-2 km
10708373,LA GRANDEZA CHILAQUILES,Restaurantes con servicio de preparación de antojitos,restaurante,0 a 5 personas,25.64777067,-100.2820925,845.0,500 m-1 km
2994005,LA GUERA,Restaurantes con servicio de preparación de tacos y tortas,restaurante,0 a 5 personas,25.66012255,-100.29656161,1201.0,1-2 km
2994740,LA JAROCHITA,Restaurantes que preparan otro tipo de alimentos para llevar,restaurante,0 a 5 personas,25.64890858,-100.29581823,691.0,500 m-1 km
10263339,LA JUGUIZA,"Cafeterías, fuentes de sodas, neverías, refresquerías y similares",cafeteria,0 a 5 personas,25.64030124,-100.28469548,1325.0,1-2 km
10916284,LA MARQUESITA,"Cafeterías, fuentes de sodas, neverías, refresquerías y similares",cafeteria,0 a 5 personas,25.65069736,-100.29351258,410.0,0-500 m
10064140,LA MEA CORDOBESA,Restaurantes con servicio de preparación de alimentos a la carta o de comida corrida,restaurante,0 a 5 personas,25.64838985,-100.27372139,1617.0,1-2 km
10638280,LA MEXICANA,Restaurantes con servicio de preparación de tacos y tortas,restaurante,0 a 5 personas,25.64038497,-100.28251165,1411.0,1-2 km
9302390,LA PASADA RESTAURANT,"Restaurantes con servicio de preparación de pizzas, hamburguesas, hot dogs y pollos rostizados para llevar",restaurante,0 a 5 personas,25.64754648,-100.29165118,480.0,0-500 m
2994857,LA PURISIMA PALETERIA Y NEVERIA,Servicios de preparación de otros alimentos para consumo inmediato,otro,0 a 5 personas,25.64188952,-100.27927822,1472.0,1-2 km
10221304,LA REBELDIA DEL POLLO,"Restaurantes con servicio de preparación de pizzas, hamburguesas, hot dogs y pollos rostizados para llevar",restaurante,0 a 5 personas,25.64196581,-100.28617947,1101.0,1-2 km
11240736,LA SAZON DE MI SUEGRA,"Cafeterías, fuentes de sodas, neverías, refresquerías y similares",cafeteria,0 a 5 personas,25.6658972,-100.29663165,1763.0,1-2 km
3034318,LA SIBERIA,Restaurantes de autoservicio,restaurante,0 a 5 personas,25.66103501,-100.30295365,1722.0,1-2 km
6217417,LA SIBERIA,Restaurantes con servicio de preparación de tacos y tortas,restaurante,0 a 5 personas,25.63747421,-100.28329852,1669.0,1-2 km
3034632,LA SIBERIA NO 3,Restaurantes con servicio de preparación de antojitos,restaurante,0 a 5 personas,25.65309754,-100.30592633,1657.0,1-2 km
10724971,LA SIBERIANITA,Restaurantes con servicio de preparación de tacos y tortas,restaurante,0 a 5 personas,25.65034032,-100.29291089,362.0,0-500 m
3039559,LA SIVERIA ALTAVISTA,Restaurantes con servicio de preparación de antojitos,restaurante,0 a 5 personas,25.6412416,-100.29525345,1268.0,1-2 km
2990841,LA TAMALERIA,Servicios de preparación de otros alimentos para consumo inmediato,otro,0 a 5 personas,25.66088709,-100.30825743,2156.0,> 2 km
11658938,LA TLAYUDERIA,Restaurantes con servicio de preparación de antojitos,restaurante,0 a 5 personas,25.65097347,-100.29315753,370.0,0-500 m
8649302,LA TOSTADA,Restaurantes con servicio de preparación de antojitos,restaurante,0 a 5 personas,25.65203998,-100.27615797,1339.0,1-2 km
11064622,LA TRIBU,Restaurantes con servicio de preparación de alimentos a la carta o de comida corrida,restaurante,0 a 5 personas,25.64934111,-100.3072599,1795.0,1-2 km
9389507,LAS ALIADAS SUCURSAL CONTRY,Restaurantes con servicio de preparación de alimentos a la carta o de comida corrida,restaurante,101 a 250 personas,25.6429121,-100.27686557,1579.0,1-2 km
9791933,LAS BURGERR,Restaurantes de autoservicio,restaurante,0 a 5 personas,25.66120247,-100.29278861,1139.0,1-2 km
3039583,LAS CALANDRIAS,Restaurantes con servicio de preparación de alimentos a la carta o de comida corrida,restaurante,0 a 5 personas,25.65029029,-100.2926183,336.0,0-500 m
2994719,LAS CAZUELAS,Restaurantes con servicio de preparación de alimentos a la carta o de comida corrida,restaurante,0 a 5 personas,25.65029029,-100.2926183,336.0,0-500 m
3038540,LAS CUATAS GRILL AND MORE,Restaurantes con servicio de preparación de alimentos a la carta o de comida corrida,restaurante,0 a 5 personas,25.66679576,-100.29397186,1770.0,1-2 km
11525404,LAS MONCHIZZ,"Cafeterías, fuentes de sodas, neverías, refresquerías y similares",cafeteria,0 a 5 personas,25.65954403,-100.27458516,1748.0,1-2 km
9924825,LAS MONEDAS,"Cafeterías, fuentes de sodas, neverías, refresquerías y similares",cafeteria,0 a 5 personas,25.65358254,-100.27481143,1492.0,1-2 km
3040100,LAS PAMPAS EVENTOS,Servicios de preparación de alimentos para ocasiones especiales,otro,11 a 30 personas,25.65541991,-100.2934765,599.0,500 m-1 km
10470543,LAS RUDAS,Restaurantes con servicio de preparación de alimentos a la carta o de comida corrida,restaurante,6 a 10 personas,25.64866595,-100.29613059,731.0,500 m-1 km
10931833,LAS TORTUGAS,Restaurantes con servicio de preparación de tacos y tortas,restaurante,0 a 5 personas,25.6689294,-100.28229512,2079.0,> 2 km
2994444,LAS TRES ABUELAS,Restaurantes con servicio de preparación de alimentos a la carta o de comida corrida,restaurante,0 a 5 personas,25.65312366,-100.29365497,458.0,0-500 m
11304433,LAS VENENOSAS,Restaurantes de autoservicio,restaurante,0 a 5 personas,25.64030223,-100.28930618,1234.0,1-2 km
8648852,LE PETITE BRETONNE,Restaurantes con servicio de preparación de alimentos a la carta o de comida corrida,restaurante,11 a 30 personas,25.64188952,-100.27927822,1472.0,1-2 km
11379372,LEMON PEPPER,Restaurantes con servicio de preparación de alimentos a la carta o de comida corrida,restaurante,0 a 5 personas,25.65541769,-100.29255871,542.0,500 m-1 km
2994724,LI JIANG,Restaurantes con servicio de preparación de alimentos a la carta o de comida corrida,restaurante,0 a 5 personas,25.65019587,-100.29415915,486.0,0-500 m
3033618,LONCHERIA,Restaurantes con servicio de preparación de tacos y tortas,restaurante,0 a 5 personas,25.67072125,-100.29394047,2194.0,> 2 km
10752137,LOS ALMENDROS,Restaurantes que preparan otro tipo de alimentos para llevar,restaurante,0 a 5 personas,25.64762777,-100.29031373,427.0,0-500 m
6372140,LOS ARCOS RESTAURANT,Restaurantes con servicio de preparación de pescados y mariscos,restaurante,51 a 100 personas,25.63812001,-100.28421245,1569.0,1-2 km
11267081,LOS CHAPARROS CEVICHERIA,Restaurantes con servicio de preparación de pescados y mariscos,restaurante,0 a 5 personas,25.64837448,-100.27357987,1631.0,1-2 km
8971023,LOS CHAVEZ TODO PARA TU EVENTO,Restaurantes con servicio de preparación de tacos y tortas,restaurante,0 a 5 personas,25.64294191,-100.27435081,1786.0,1-2 km
3038912,LOS DUENDES VERDES,"Restaurantes con servicio de preparación de pizzas, hamburguesas, hot dogs y pollos rostizados para llevar",restaurante,6 a 10 personas,25.66003931,-100.28789562,974.0,500 m-1 km
8441143,LOS ELOTES,Restaurantes con servicio de preparación de tacos y tortas,restaurante,0 a 5 personas,25.65988933,-100.29161613,968.0,500 m-1 km
3040398,LOS JAPOS,Restaurantes de autoservicio,restaurante,0 a 5 personas,25.63619594,-100.28257993,1827.0,1-2 km
3040280,LOS TACOS DE MAX- A,Restaurantes con servicio de preparación de tacos y tortas,restaurante,0 a 5 personas,25.64753359,-100.2744404,1570.0,1-2 km
10172361,LOS TACOS EL MARTIN,Restaurantes con servicio de preparación de tacos y tortas,restaurante,0 a 5 personas,25.65639104,-100.26906097,2123.0,> 2 km
11367926,LOS TAMALES DE TERESITA,Servicios de preparación de otros alimentos para consumo inmediato,otro,6 a 10 personas,25.64231327,-100.27386085,1865.0,1-2 km
10646719,LOS TRADICIONALES PANCHO DE RIGO,Restaurantes con servicio de preparación de tacos y tortas,restaurante,0 a 5 personas,25.65763109,-100.29430774,844.0,500 m-1 km
10811973,LOS TRISTAN TACOS,Restaurantes con servicio de preparación de tacos y tortas,restaurante,0 a 5 personas,25.64809996,-100.2960401,751.0,500 m-1 km
6371772,M00040 MC DONALDS GARZA SADA (MTY),Restaurantes de autoservicio,restaurante,51 a 100 personas,25.64328976,-100.28742346,926.0,500 m-1 km
8649360,MAD COFFEE,"Cafeterías, fuentes de sodas, neverías, refresquerías y similares",cafeteria,6 a 10 personas,25.6534613,-100.27472221,1499.0,1-2 km
11564548,MAGIC MOONCHERS,"Cafeterías, fuentes de sodas, neverías, refresquerías y similares",cafeteria,0 a 5 personas,25.64962058,-100.27426487,1540.0,1-2 km
11346318,MAKECUP CAFETERIA Y MAQUILLAJE,"Cafeterías, fuentes de sodas, neverías, refresquerías y similares",cafeteria,0 a 5 personas,25.65634715,-100.30025738,1210.0,1-2 km
7805729,MALLA CAFE,"Cafeterías, fuentes de sodas, neverías, refresquerías y similares",cafeteria,0 a 5 personas,25.64918073,-100.29408396,522.0,500 m-1 km
9688983,MANGIOZ PIZZA,"Restaurantes con servicio de preparación de pizzas, hamburguesas, hot dogs y pollos rostizados para llevar",restaurante,0 a 5 personas,25.65029029,-100.2926183,336.0,0-500 m
9564504,MANHATTANN DAVIS,"Restaurantes con servicio de preparación de pizzas, hamburguesas, hot dogs y pollos rostizados para llevar",restaurante,0 a 5 personas,25.6534613,-100.27472221,1499.0,1-2 km
8970487,MANHATTANS,Restaurantes de autoservicio,restaurante,6 a 10 personas,25.64774046,-100.28477921,624.0,500 m-1 km
3039585,MARALA,Restaurantes con servicio de preparación de alimentos a la carta o de comida corrida,restaurante,0 a 5 personas,25.65029029,-100.2926183,336.0,0-500 m
10074699,MARISCOS 11RIOS ESTILO SINALOA,Restaurantes con servicio de preparación de pescados y mariscos,restaurante,0 a 5 personas,25.64990755,-100.29762513,831.0,500 m-1 km
10177342,MARISCOS EL GORDO,Restaurantes con servicio de preparación de pescados y mariscos,restaurante,11 a 30 personas,25.64022823,-100.28556925,1303.0,1-2 km
9729682,MARISCOS JALO,Restaurantes con servicio de preparación de pescados y mariscos,restaurante,0 a 5 personas,25.65019496,-100.29395031,466.0,0-500 m
8970758,MARY,Restaurantes que preparan otro tipo de alimentos para llevar,restaurante,0 a 5 personas,25.66616891,-100.2906571,1646.0,1-2 km
9699148,MAS QUE PAPAS,Restaurantes de autoservicio,restaurante,0 a 5 personas,25.66023248,-100.27522977,1735.0,1-2 km
6709171,MC CARTHYS IRISH PUB,"Bares, cantinas y similares",bar,11 a 30 personas,25.65342621,-100.29383828,490.0,0-500 m
10696546,MELANY TACOS & BURGUER,Restaurantes con servicio de preparación de tacos y tortas,restaurante,0 a 5 personas,25.66043533,-100.28393577,1149.0,1-2 km
8297797,MENUDO DOÑA ROSA,Restaurantes con servicio de preparación de tacos y tortas,restaurante,0 a 5 personas,25.63279105,-100.28555845,2107.0,> 2 km
10329817,MERCADO REVOLUCION,Servicios de preparación de alimentos en unidades móviles,otro,6 a 10 personas,25.65522083,-100.28403751,693.0,500 m-1 km
6215839,MI PUEBLITO,Restaurantes con servicio de preparación de tacos y tortas,restaurante,0 a 5 personas,25.66708806,-100.28932376,1745.0,1-2 km
2994188,MI PUEBLITO JUGOS Y TACOS,Restaurantes con servicio de preparación de tacos y tortas,restaurante,0 a 5 personas,25.6597325,-100.29176468,954.0,500 m-1 km
10031288,MIA ITALIA,Restaurantes con servicio de preparación de alimentos a la carta o de comida corrida,restaurante,31 a 50 personas,25.64569082,-100.28897765,637.0,500 m-1 km
8437202,MILLE DELICES,"Cafeterías, fuentes de sodas, neverías, refresquerías y similares",cafeteria,6 a 10 personas,25.64793526,-100.29044376,397.0,0-500 m
12297010,MIRAI,Restaurantes de autoservicio,restaurante,11 a 30 personas,25.65322729,-100.29327543,430.0,0-500 m
8620801,MIRAI TEC,Restaurantes con servicio de preparación de alimentos a la carta o de comida corrida,restaurante,31 a 50 personas,25.65322729,-100.29327543,430.0,0-500 m
11721577,MOMOS BEKERY,"Cafeterías, fuentes de sodas, neverías, refresquerías y similares",cafeteria,0 a 5 personas,25.65533582,-100.29211848,510.0,500 m-1 km
8391584,MR BROWN,"Restaurantes con servicio de preparación de pizzas, hamburguesas, hot dogs y pollos rostizados para llevar",restaurante,11 a 30 personas,25.65342621,-100.29383828,490.0,0-500 m
11226953,MR ELOTES,Servicios de preparación de otros alimentos para consumo inmediato,otro,0 a 5 personas,25.63953249,-100.28464722,1406.0,1-2 km
6800630,MR PAMPAS GARZA SADA,Restaurantes con servicio de preparación de alimentos a la carta o de comida corrida,restaurante,51 a 100 personas,25.64072189,-100.28540492,1256.0,1-2 km
7889058,MR. TOST,Restaurantes con servicio de preparación de alimentos a la carta o de comida corrida,restaurante,0 a 5 personas,25.64196581,-100.28617947,1101.0,1-2 km
8297871,MUNCHER HOUSE,Restaurantes con servicio de preparación de alimentos a la carta o de comida corrida,restaurante,31 a 50 personas,25.65329825,-100.29376279,477.0,0-500 m
10133002,MUTCHA PIZZA,"Restaurantes con servicio de preparación de pizzas, hamburguesas, hot dogs y pollos rostizados para llevar",restaurante,0 a 5 personas,25.63747421,-100.28329852,1669.0,1-2 km
12290830,NANDOS TACOS,Restaurantes con servicio de preparación de tacos y tortas,restaurante,0 a 5 personas,25.66620578,-100.27543295,2168.0,> 2 km
10924160,NIEVES DE YOGURT,"Cafeterías, fuentes de sodas, neverías, refresquerías y similares",cafeteria,0 a 5 personas,25.65749024,-100.30881408,2051.0,> 2 km
9453523,NIKKORI PLAZA REGIA,Restaurantes con servicio de preparación de alimentos a la carta o de comida corrida,restaurante,11 a 30 personas,25.65324721,-100.27619516,1349.0,1-2 km
9465782,NORESTE GRILL SUCURSAL NUEVO SUR,Restaurantes con servicio de preparación de alimentos a la carta o de comida corrida,restaurante,51 a 100 personas,25.65249892,-100.27653107,1306.0,1-2 km
9393577,NORESTE GRILL SUCURSAL TEC,Restaurantes con servicio de preparación de alimentos a la carta o de comida corrida,restaurante,101 a 250 personas,25.65322729,-100.29327543,430.0,0-500 m
10175346,NOYOLO CAFE,"Cafeterías, fuentes de sodas, neverías, refresquerías y similares",cafeteria,0 a 5 personas,25.65019496,-100.29395031,466.0,0-500 m
8411395,OLI OLI FOKE HOUSE,Restaurantes con servicio de preparación de pescados y mariscos,restaurante,0 a 5 personas,25.65342621,-100.29383828,490.0,0-500 m
6725242,OLIVE GARDEN MONTERREY NUEVO SUR,Restaurantes con servicio de preparación de alimentos a la carta o de comida corrida,restaurante,11 a 30 personas,25.65249892,-100.27653107,1306.0,1-2 km
10320451,OPEN PIZZA 24/7,"Restaurantes con servicio de preparación de pizzas, hamburguesas, hot dogs y pollos rostizados para llevar",restaurante,11 a 30 personas,25.64793526,-100.29044376,397.0,0-500 m
10542895,OPERADORA JAV,Restaurantes con servicio de preparación de alimentos a la carta o de comida corrida,restaurante,0 a 5 personas,25.65322729,-100.29327543,430.0,0-500 m
8297695,PACOS BURRO,Restaurantes con servicio de preparación de tacos y tortas,restaurante,0 a 5 personas,25.64750293,-100.29069397,450.0,0-500 m
10954026,PALAPA REGIA,Restaurantes con servicio de preparación de pescados y mariscos,restaurante,0 a 5 personas,25.64838732,-100.27495955,1495.0,1-2 km
6876767,PALAX GARZA SADA,Restaurantes con servicio de preparación de alimentos a la carta o de comida corrida,restaurante,6 a 10 personas,25.64196581,-100.28617947,1101.0,1-2 km
3040312,PAN GABRIEL,Servicios de preparación de otros alimentos para consumo inmediato,otro,0 a 5 personas,25.64634397,-100.27512852,1546.0,1-2 km
8778817,PANQUEQUE,Restaurantes con servicio de preparación de alimentos a la carta o de comida corrida,restaurante,0 a 5 personas,25.64670059,-100.29032987,529.0,500 m-1 km
2995631,PAPAS Y HAMBURGUESAS,"Restaurantes con servicio de preparación de pizzas, hamburguesas, hot dogs y pollos rostizados para llevar",restaurante,0 a 5 personas,25.63375714,-100.29925411,2192.0,> 2 km
3040010,PARRILLADA NAZAS,"Restaurantes con servicio de preparación de pizzas, hamburguesas, hot dogs y pollos rostizados para llevar",restaurante,0 a 5 personas,25.64116725,-100.30468625,1901.0,1-2 km
6217345,PATATAS BURGUER,"Restaurantes con servicio de preparación de pizzas, hamburguesas, hot dogs y pollos rostizados para llevar",restaurante,0 a 5 personas,25.64676615,-100.29739335,944.0,500 m-1 km
10344075,PENTAKIL,Restaurantes con servicio de preparación de alimentos a la carta o de comida corrida,restaurante,0 a 5 personas,25.6668223,-100.28401425,1801.0,1-2 km
9473899,PEQUEÑO CAESARMEX CHAPULTEPEC,Restaurantes de autoservicio,restaurante,11 a 30 personas,25.66695401,-100.28161823,1901.0,1-2 km
9475391,PEQUEÑO CAESARMEX REVOLUCION,Restaurantes de autoservicio,restaurante,11 a 30 personas,25.64083412,-100.27373366,1969.0,1-2 km
12297084,PEQUEÑO CAESARMEX TEC CENTRALES,Restaurantes de autoservicio,restaurante,11 a 30 personas,25.65100305,-100.29188126,243.0,0-500 m
9473903,PEQUEÑO CAESARMEX TECNOLOGICO,Restaurantes de autoservicio,restaurante,11 a 30 personas,25.6612069,-100.29704265,1327.0,1-2 km
6845736,PF CHCANGS NUEVO SUR,Restaurantes con servicio de preparación de alimentos a la carta o de comida corrida,restaurante,11 a 30 personas,25.65272093,-100.27593819,1367.0,1-2 km
9821787,PHOLICIOSO COMIDA VIETNAMITA,Restaurantes con servicio de preparación de alimentos a la carta o de comida corrida,restaurante,0 a 5 personas,25.64894524,-100.28685195,381.0,0-500 m
8649472,PIZZAS GECHI,"Restaurantes con servicio de preparación de pizzas, hamburguesas, hot dogs y pollos rostizados para llevar",restaurante,0 a 5 personas,25.66001219,-100.29134718,975.0,500 m-1 km
9929176,PIZZAS ROCK,Restaurantes con servicio de preparación de alimentos a la carta o de comida corrida,restaurante,0 a 5 personas,25.6472802,-100.28420537,701.0,500 m-1 km
10579597,PLACE LOVE HEALTHY FOOD,"Cafeterías, fuentes de sodas, neverías, refresquerías y similares",cafeteria,11 a 30 personas,25.63812001,-100.28421245,1569.0,1-2 km
11784886,POCKETS BILLARDS AND FUN,Restaurantes con servicio de preparación de alimentos a la carta o de comida corrida,restaurante,11 a 30 personas,25.65374872,-100.29402855,524.0,500 m-1 km
10279608,POKETS,Restaurantes con servicio de preparación de alimentos a la carta o de comida corrida,restaurante,11 a 30 personas,25.65342621,-100.29383828,490.0,0-500 m
11696297,POLLITO CON PAPAS,"Restaurantes con servicio de preparación de pizzas, hamburguesas, hot dogs y pollos rostizados para llevar",restaurante,0 a 5 personas,25.63260092,-100.29605085,2191.0,> 2 km
10519762,POLLO ASADO. LIBERTAD,"Restaurantes con servicio de preparación de pizzas, hamburguesas, hot dogs y pollos rostizados para llevar",restaurante,0 a 5 personas,25.65634177,-100.30253442,1417.0,1-2 km
9746697,POLLO FRITO,"Restaurantes con servicio de preparación de pizzas, hamburguesas, hot dogs y pollos rostizados para llevar",restaurante,0 a 5 personas,25.65469568,-100.30942165,2030.0,> 2 km
10397516,POLLO FRITO MARIANA,"Restaurantes con servicio de preparación de pizzas, hamburguesas, hot dogs y pollos rostizados para llevar",restaurante,0 a 5 personas,25.65112805,-100.31096151,2151.0,> 2 km
6368404,POLLO LOCO,"Restaurantes con servicio de preparación de pizzas, hamburguesas, hot dogs y pollos rostizados para llevar",restaurante,31 a 50 personas,25.64713525,-100.28992666,476.0,0-500 m
3039552,POLLO MARQUEZ,"Restaurantes con servicio de preparación de pizzas, hamburguesas, hot dogs y pollos rostizados para llevar",restaurante,11 a 30 personas,25.64419688,-100.29708066,1104.0,1-2 km
9280259,POLLO MATON,"Restaurantes con servicio de preparación de pizzas, hamburguesas, hot dogs y pollos rostizados para llevar",restaurante,0 a 5 personas,25.66019455,-100.2818989,1240.0,1-2 km
3042234,POLLOS ASADOS,"Restaurantes con servicio de preparación de pizzas, hamburguesas, hot dogs y pollos rostizados para llevar",restaurante,0 a 5 personas,25.63321491,-100.29704034,2159.0,> 2 km
8440971,POLLOS ASADOS,"Restaurantes con servicio de preparación de pizzas, hamburguesas, hot dogs y pollos rostizados para llevar",restaurante,0 a 5 personas,25.66477897,-100.29470447,1576.0,1-2 km
11472813,POLLOS ASADOS SIN NOMBRE,"Restaurantes con servicio de preparación de pizzas, hamburguesas, hot dogs y pollos rostizados para llevar",restaurante,0 a 5 personas,25.64819272,-100.3070199,1792.0,1-2 km
3040051,POLLOS ASADOS WILLY,"Restaurantes con servicio de preparación de pizzas, hamburguesas, hot dogs y pollos rostizados para llevar",restaurante,0 a 5 personas,25.63718209,-100.30432731,2170.0,> 2 km
8734619,POLLOS CHUY,"Restaurantes con servicio de preparación de pizzas, hamburguesas, hot dogs y pollos rostizados para llevar",restaurante,0 a 5 personas,25.65523535,-100.30136863,1264.0,1-2 km
2993795,POLLOS GUERRA,"Restaurantes con servicio de preparación de pizzas, hamburguesas, hot dogs y pollos rostizados para llevar",restaurante,0 a 5 personas,25.66724287,-100.28937178,1762.0,1-2 km
11357052,POLLOS LAS PEÑAS,"Restaurantes con servicio de preparación de pizzas, hamburguesas, hot dogs y pollos rostizados para llevar",restaurante,0 a 5 personas,25.63312193,-100.29632578,2145.0,> 2 km
8297586,POLLOS ROSY,"Restaurantes con servicio de preparación de pizzas, hamburguesas, hot dogs y pollos rostizados para llevar",restaurante,0 a 5 personas,25.64183968,-100.30390744,1793.0,1-2 km
9681746,POLLOS SUPREMOS,"Restaurantes con servicio de preparación de pizzas, hamburguesas, hot dogs y pollos rostizados para llevar",restaurante,0 a 5 personas,25.65677985,-100.30498155,1663.0,1-2 km
8279860,POLLOS WALDO,"Restaurantes con servicio de preparación de pizzas, hamburguesas, hot dogs y pollos rostizados para llevar",restaurante,0 a 5 personas,25.66160827,-100.28413103,1256.0,1-2 km
10436802,POLLOS Y CARNE ASADA LA PROBADITA,"Restaurantes con servicio de preparación de pizzas, hamburguesas, hot dogs y pollos rostizados para llevar",restaurante,0 a 5 personas,25.63992217,-100.2717739,2188.0,> 2 km
10442914,PONCHO ALOTAS,"Bares, cantinas y similares",bar,0 a 5 personas,25.65607039,-100.26960316,2061.0,> 2 km
11681792,PRACTICOMIDAS,Restaurantes con servicio de preparación de alimentos a la carta o de comida corrida,restaurante,0 a 5 personas,25.66028351,-100.27689295,1604.0,1-2 km
10298713,PRINCIPE COATI,Restaurantes con servicio de preparación de alimentos a la carta o de comida corrida,restaurante,0 a 5 personas,25.64778659,-100.28753816,447.0,0-500 m
10362869,PRKINGS,Restaurantes de autoservicio,restaurante,0 a 5 personas,25.66640631,-100.30342593,2175.0,> 2 km
11556130,PUERQUITO FELIZ,Restaurantes con servicio de preparación de antojitos,restaurante,0 a 5 personas,25.65589458,-100.29229918,573.0,500 m-1 km
10836366,PUESTO DE HOT DOG,"Restaurantes con servicio de preparación de pizzas, hamburguesas, hot dogs y pollos rostizados para llevar",restaurante,0 a 5 personas,25.66188298,-100.28437813,1274.0,1-2 km
8805683,PUESTO DE TACOS DE VAPOR SIN NOMBRE,Restaurantes con servicio de preparación de tacos y tortas,restaurante,0 a 5 personas,25.65396109,-100.27074246,1902.0,1-2 km
9304512,PUESTO DE TACOS LILI,Restaurantes con servicio de preparación de tacos y tortas,restaurante,0 a 5 personas,25.66014139,-100.29618075,1180.0,1-2 km
8649191,RAMBLA,"Bares, cantinas y similares",bar,6 a 10 personas,25.64774046,-100.28477921,624.0,500 m-1 km
10110026,RANCHO LA PUA,"Restaurantes con servicio de preparación de pizzas, hamburguesas, hot dogs y pollos rostizados para llevar",restaurante,0 a 5 personas,25.6673217,-100.28459667,1837.0,1-2 km
10884145,REGULAR COFFEE AND BOOKS,"Cafeterías, fuentes de sodas, neverías, refresquerías y similares",cafeteria,11 a 30 personas,25.64955551,-100.287763,269.0,0-500 m
8524520,REPOSTERIA DOÑA NENA,Servicios de preparación de otros alimentos para consumo inmediato,otro,0 a 5 personas,25.6669449,-100.28700343,1747.0,1-2 km
6215854,RESAQUE TACOS,Restaurantes con servicio de preparación de tacos y tortas,restaurante,0 a 5 personas,25.66655287,-100.27941116,1965.0,1-2 km
9308184,RESTAURANT 3ER TIEMPO,Restaurantes con servicio de preparación de alimentos a la carta o de comida corrida,restaurante,0 a 5 personas,25.64954605,-100.29145719,285.0,0-500 m
6215899,RESTAURANT 7 SALSAS,Restaurantes con servicio de preparación de alimentos a la carta o de comida corrida,restaurante,6 a 10 personas,25.64346589,-100.27455414,1739.0,1-2 km
6217526,RESTAURANT BAR RANCHO VIEJO,Restaurantes con servicio de preparación de alimentos a la carta o de comida corrida,restaurante,11 a 30 personas,25.63498943,-100.28271225,1948.0,1-2 km
8970873,RESTAURANT DE COMIDA CHINA YUE HUA,Restaurantes con servicio de preparación de alimentos a la carta o de comida corrida,restaurante,6 a 10 personas,25.66665504,-100.28030151,1931.0,1-2 km
10245574,RESTAURANT DE COMIDAS,Restaurantes con servicio de preparación de alimentos a la carta o de comida corrida,restaurante,0 a 5 personas,25.64149945,-100.28511739,1185.0,1-2 km
6368403,RESTAURANT EL GAUCHO,Restaurantes con servicio de preparación de alimentos a la carta o de comida corrida,restaurante,51 a 100 personas,25.64208238,-100.287121,1063.0,1-2 km
8827537,RESTAURANT IHOP,Restaurantes con servicio de preparación de alimentos a la carta o de comida corrida,restaurante,51 a 100 personas,25.63976596,-100.28573449,1348.0,1-2 km
3034680,RESTAURANT LA CABAÑITA,"Restaurantes con servicio de preparación de pizzas, hamburguesas, hot dogs y pollos rostizados para llevar",restaurante,0 a 5 personas,25.65284231,-100.30585667,1647.0,1-2 km
9304515,RESTAURANT LOS DORADITOS,Restaurantes con servicio de preparación de alimentos a la carta o de comida corrida,restaurante,0 a 5 personas,25.657505,-100.29415676,824.0,500 m-1 km
8778656,RESTAURANT QUESERIA OZULUAMA,Restaurantes con servicio de preparación de alimentos a la carta o de comida corrida,restaurante,6 a 10 personas,25.63812001,-100.28421245,1569.0,1-2 km
3040215,RESTAURANT YAMATO,Restaurantes con servicio de preparación de alimentos a la carta o de comida corrida,restaurante,11 a 30 personas,25.65142711,-100.28459056,492.0,0-500 m
10812351,RESTAURANTE,Restaurantes con servicio de preparación de alimentos a la carta o de comida corrida,restaurante,0 a 5 personas,25.66166681,-100.2937179,1217.0,1-2 km
6217329,RESTAURANTE BAR 7-11,Restaurantes con servicio de preparación de alimentos a la carta o de comida corrida,restaurante,0 a 5 personas,25.66644733,-100.27850236,2004.0,> 2 km
3034272,RESTAURANTE BAR LA COMEDIA,Restaurantes con servicio de preparación de alimentos a la carta o de comida corrida,restaurante,0 a 5 personas,25.6617783,-100.30171207,1682.0,1-2 km
3038534,RESTAURANTE D FANNY,Restaurantes con servicio de preparación de alimentos a la carta o de comida corrida,restaurante,0 a 5 personas,25.66667646,-100.29570477,1809.0,1-2 km
3034321,RESTAURANTE DON RAY,Restaurantes con servicio de preparación de alimentos a la carta o de comida corrida,restaurante,0 a 5 personas,25.66100518,-100.30279411,1708.0,1-2 km
3034265,RESTAURANTE EL ARBOL,Restaurantes con servicio de preparación de alimentos a la carta o de comida corrida,restaurante,6 a 10 personas,25.6619655,-100.30268144,1768.0,1-2 km
3039586,RESTAURANTE LA BARCA,Restaurantes con servicio de preparación de alimentos a la carta o de comida corrida,restaurante,0 a 5 personas,25.65049599,-100.29207532,277.0,0-500 m
11600380,RESTAURANTE LA COSTA AZUL,Restaurantes con servicio de preparación de pescados y mariscos,restaurante,11 a 30 personas,25.66030236,-100.27783343,1532.0,1-2 km
6863692,RESTAURANTE LAS ALITAS SUC CHAPULTEPEC,Restaurantes con servicio de preparación de alimentos a la carta o de comida corrida,restaurante,11 a 30 personas,25.66665504,-100.28030151,1931.0,1-2 km
6863943,RESTAURANTE LAS ALITAS SUC NUEVO SUR,Restaurantes con servicio de preparación de alimentos a la carta o de comida corrida,restaurante,11 a 30 personas,25.65249892,-100.27653107,1306.0,1-2 km
6368418,RESTAURANTE LAS PAMPAS,Restaurantes con servicio de preparación de alimentos a la carta o de comida corrida,restaurante,11 a 30 personas,25.65518089,-100.29402838,619.0,500 m-1 km
8970452,RESTAURANTE LATINO,Restaurantes con servicio de preparación de alimentos a la carta o de comida corrida,restaurante,11 a 30 personas,25.66740392,-100.28415359,1858.0,1-2 km
8533209,RESTAURANTE TOSCANA MIA,Restaurantes con servicio de preparación de alimentos a la carta o de comida corrida,restaurante,51 a 100 personas,25.65805891,-100.28078481,1145.0,1-2 km
10911129,RESTAURANTE VEGANO R V,Restaurantes con servicio de preparación de alimentos a la carta o de comida corrida,restaurante,0 a 5 personas,25.64618011,-100.2751183,1554.0,1-2 km
6217407,RESTAURANTE VERANTOJOZ,Restaurantes con servicio de preparación de alimentos a la carta o de comida corrida,restaurante,6 a 10 personas,25.64704124,-100.27506688,1526.0,1-2 km
6215884,REVOLUTION FOOD WINGS,Restaurantes de autoservicio,restaurante,0 a 5 personas,25.65273488,-100.28315536,653.0,500 m-1 km
3034578,RICAS CARNITAS ESTILO QUERETARO,Restaurantes con servicio de preparación de antojitos,restaurante,0 a 5 personas,25.65684294,-100.30975413,2118.0,> 2 km
9542593,RICOS ELOTES,Servicios de preparación de otros alimentos para consumo inmediato,otro,0 a 5 personas,25.6601384,-100.29624123,1184.0,1-2 km
11362651,RICOS TACOS Y QUESADILLAS,Restaurantes con servicio de preparación de tacos y tortas,restaurante,0 a 5 personas,25.65553484,-100.30822514,1932.0,1-2 km
3040231,RINCON TACOS Y BURGUER,Restaurantes con servicio de preparación de tacos y tortas,restaurante,0 a 5 personas,25.65192759,-100.28313752,640.0,500 m-1 km
10031734,RISTORANTE NAPOLI PIZZA PASTA,"Restaurantes con servicio de preparación de pizzas, hamburguesas, hot dogs y pollos rostizados para llevar",restaurante,0 a 5 personas,25.64157206,-100.2799539,1453.0,1-2 km
10519486,ROAD HOUSE EL PATIO SUR,Servicios de preparación de alimentos en unidades móviles,otro,0 a 5 personas,25.64844937,-100.2734885,1638.0,1-2 km
10777640,ROLANDO PIZZERIA,"Restaurantes con servicio de preparación de pizzas, hamburguesas, hot dogs y pollos rostizados para llevar",restaurante,0 a 5 personas,25.65467506,-100.27788951,1219.0,1-2 km
10586013,ROLL & ROLLY,Restaurantes de autoservicio,restaurante,0 a 5 personas,25.65050621,-100.2930268,367.0,0-500 m
11611834,ROSTICERIA SIN NOMBRE,"Restaurantes con servicio de preparación de pizzas, hamburguesas, hot dogs y pollos rostizados para llevar",restaurante,0 a 5 personas,25.66715219,-100.28688678,1771.0,1-2 km
10090635,SABANA,Restaurantes que preparan otro tipo de alimentos para llevar,restaurante,0 a 5 personas,25.64646947,-100.28566908,669.0,500 m-1 km
2994266,SALON DE EVENTOS LOS GABIONES TERRAZA AND GRILL,Servicios de preparación de alimentos para ocasiones especiales,otro,6 a 10 personas,25.64813339,-100.2737218,1623.0,1-2 km
8805697,SALON DE EVENTOS VERGEL,"Centros nocturnos, discotecas y similares",bar,0 a 5 personas,25.66056382,-100.28406101,1156.0,1-2 km
10908300,SAN DIEGO WINGS & MORE,Restaurantes de autoservicio,restaurante,0 a 5 personas,25.64799831,-100.28511571,580.0,500 m-1 km
8649359,SAN JUAN GRILL,Restaurantes con servicio de preparación de tacos y tortas,restaurante,6 a 10 personas,25.65169629,-100.27587011,1367.0,1-2 km
8411399,SANTA 101,Restaurantes con servicio de preparación de tacos y tortas,restaurante,11 a 30 personas,25.65342621,-100.29383828,490.0,0-500 m
8649423,SAYU SAYULITA,Restaurantes con servicio de preparación de alimentos a la carta o de comida corrida,restaurante,11 a 30 personas,25.65322729,-100.29327543,430.0,0-500 m
8648978,SAZON MEXA,Restaurantes con servicio de preparación de antojitos,restaurante,0 a 5 personas,25.66687812,-100.28099824,1920.0,1-2 km
10081071,SERVICIOS DE PREPARACIÓN DE ALIMENTOS EN UNIDADES MÓVILES ,Restaurantes con servicio de preparación de tacos y tortas,restaurante,0 a 5 personas,25.66708162,-100.28940412,1744.0,1-2 km
10371044,SERVICIOS DE PREPARACIÓN DE ALIMENTOS EN UNIDADES MÓVILES SIN NOMBRE,Servicios de preparación de alimentos en unidades móviles,otro,0 a 5 personas,25.64622206,-100.27883991,1214.0,1-2 km
3040315,SHING LONG,Restaurantes de autoservicio,restaurante,6 a 10 personas,25.64588955,-100.27506096,1572.0,1-2 km
8524005,SHUN JING COMIDA CHINA EXPRESS,Restaurantes con servicio de preparación de alimentos a la carta o de comida corrida,restaurante,6 a 10 personas,25.65741224,-100.3048462,1677.0,1-2 km
9831026,SIBERIA SANTIAGO,"Restaurantes con servicio de preparación de pizzas, hamburguesas, hot dogs y pollos rostizados para llevar",restaurante,0 a 5 personas,25.64718069,-100.28412495,714.0,500 m-1 km
2994412,SIBERIA TEC,Restaurantes con servicio de preparación de antojitos,restaurante,0 a 5 personas,25.65576372,-100.29439571,690.0,500 m-1 km
10159783,SNACK EL ULTIMO DEL MUNDO,"Cafeterías, fuentes de sodas, neverías, refresquerías y similares",cafeteria,0 a 5 personas,25.65193694,-100.31108283,2164.0,> 2 km
2994217,SNACK LA MICHO,Servicios de preparación de otros alimentos para consumo inmediato,otro,0 a 5 personas,25.65652043,-100.2900051,572.0,500 m-1 km
10427140,SNACK LEONOR,"Cafeterías, fuentes de sodas, neverías, refresquerías y similares",cafeteria,0 a 5 personas,25.65720373,-100.30675646,1846.0,1-2 km
2994512,SNACK PRIMAVERA,Servicios de preparación de otros alimentos para consumo inmediato,otro,0 a 5 personas,25.64712888,-100.27731721,1310.0,1-2 km
8970992,SNACK SIN NOMBRE,Servicios de preparación de otros alimentos para consumo inmediato,otro,0 a 5 personas,25.66436056,-100.27798403,1846.0,1-2 km
2994066,SNACK SIN NOMBRE,"Cafeterías, fuentes de sodas, neverías, refresquerías y similares",cafeteria,0 a 5 personas,25.66034131,-100.28907198,995.0,500 m-1 km
9776014,SNACK VALLLE,"Cafeterías, fuentes de sodas, neverías, refresquerías y similares",cafeteria,0 a 5 personas,25.66665504,-100.28030151,1931.0,1-2 km
9802568,SNACK Y ELOTES,"Cafeterías, fuentes de sodas, neverías, refresquerías y similares",cafeteria,0 a 5 personas,25.65942932,-100.3033941,1654.0,1-2 km
10278750,SNAK ELOTES,Servicios de preparación de otros alimentos para consumo inmediato,otro,0 a 5 personas,25.65696177,-100.28398775,829.0,500 m-1 km
8805415,SPIKES,Restaurantes con servicio de preparación de alimentos a la carta o de comida corrida,restaurante,11 a 30 personas,25.64889137,-100.29655466,760.0,500 m-1 km
3039587,SUBWAY,Restaurantes de autoservicio,restaurante,6 a 10 personas,25.65045712,-100.29205003,276.0,0-500 m
8533130,SUBWAY,Restaurantes de autoservicio,restaurante,6 a 10 personas,25.64045859,-100.28357892,1354.0,1-2 km
6366259,SUC KFC 625 COUNTRY,Restaurantes de autoservicio,restaurante,51 a 100 personas,25.64357019,-100.28724996,899.0,500 m-1 km
6371780,SUC KFC 670 CHAPULTEPEC,Restaurantes de autoservicio,restaurante,31 a 50 personas,25.66691155,-100.28127295,1912.0,1-2 km
11274723,SUPER FUENTES,Restaurantes con servicio de preparación de tacos y tortas,restaurante,0 a 5 personas,25.64168968,-100.29599723,1261.0,1-2 km
8778759,SUPER INVERNADERO,Restaurantes que preparan otro tipo de alimentos para llevar,restaurante,31 a 50 personas,25.63933054,-100.28822595,1348.0,1-2 km
6224754,SUPER SALADS CONTRY,Restaurantes de autoservicio,restaurante,11 a 30 personas,25.63812001,-100.28421245,1569.0,1-2 km
9445681,SUPER SALADS TEC WELLNESS,Restaurantes de autoservicio,restaurante,11 a 30 personas,25.6523118,-100.28830696,157.0,0-500 m
6368908,SUPER SALADS TECNOLOGICO,Restaurantes de autoservicio,restaurante,6 a 10 personas,25.65099382,-100.29187542,242.0,0-500 m
3040483,SUSHI EXPRESS,Restaurantes con servicio de preparación de alimentos a la carta o de comida corrida,restaurante,11 a 30 personas,25.64078398,-100.28164591,1419.0,1-2 km
9719434,SUSHI REGIO ROLLS,Restaurantes de autoservicio,restaurante,0 a 5 personas,25.66020502,-100.27270183,1948.0,1-2 km
10238023,SUSHI WONG,Restaurantes con servicio de preparación de alimentos a la carta o de comida corrida,restaurante,0 a 5 personas,25.64721926,-100.28186061,896.0,500 m-1 km
11090641,TACO EL PARRI,Restaurantes con servicio de preparación de tacos y tortas,restaurante,0 a 5 personas,25.65528797,-100.27676991,1347.0,1-2 km
10619660,TACO LOPEZ,Restaurantes con servicio de preparación de tacos y tortas,restaurante,0 a 5 personas,25.66595311,-100.29373301,1673.0,1-2 km
3034358,TACOS,Restaurantes con servicio de preparación de tacos y tortas,restaurante,0 a 5 personas,25.65964004,-100.30012039,1405.0,1-2 km
8297857,TACOS,Restaurantes con servicio de preparación de tacos y tortas,restaurante,0 a 5 personas,25.63259784,-100.28548296,2129.0,> 2 km
3034434,TACOS 2 DE ABRIL EL GUERO,Restaurantes con servicio de preparación de tacos y tortas,restaurante,0 a 5 personas,25.65761828,-100.30405911,1615.0,1-2 km
11340607,TACOS A VAPOR,Restaurantes con servicio de preparación de tacos y tortas,restaurante,0 a 5 personas,25.63591884,-100.2893572,1721.0,1-2 km
9660822,TACOS A VAPOR,Restaurantes con servicio de preparación de tacos y tortas,restaurante,0 a 5 personas,25.64035251,-100.28460324,1323.0,1-2 km
8795545,TACOS A VAPOR BELA,Restaurantes con servicio de preparación de tacos y tortas,restaurante,0 a 5 personas,25.6593749,-100.30894039,2141.0,> 2 km
3034307,TACOS A VAPOR SAMUEL,Restaurantes con servicio de preparación de tacos y tortas,restaurante,6 a 10 personas,25.66155727,-100.3039064,1833.0,1-2 km
2994796,TACOS ADAN,Restaurantes con servicio de preparación de tacos y tortas,restaurante,0 a 5 personas,25.6418291,-100.29643936,1271.0,1-2 km
8297359,TACOS AL VAPOR,Restaurantes con servicio de preparación de tacos y tortas,restaurante,0 a 5 personas,25.65370236,-100.31074137,2144.0,> 2 km
2993936,TACOS AM,Restaurantes con servicio de preparación de tacos y tortas,restaurante,0 a 5 personas,25.66241622,-100.30039287,1641.0,1-2 km
11192875,TACOS AYUTLA,Restaurantes con servicio de preparación de tacos y tortas,restaurante,0 a 5 personas,25.66140372,-100.30394016,1825.0,1-2 km
11438029,TACOS BANDIDOS DEL NORTE,Restaurantes con servicio de preparación de tacos y tortas,restaurante,6 a 10 personas,25.64381531,-100.28740897,869.0,500 m-1 km
2995658,TACOS BENO,Restaurantes con servicio de preparación de tacos y tortas,restaurante,0 a 5 personas,25.63544797,-100.2887953,1775.0,1-2 km
8441257,TACOS CHAVA,Restaurantes con servicio de preparación de tacos y tortas,restaurante,0 a 5 personas,25.66593828,-100.27616725,2097.0,> 2 km
9645878,TACOS CHEF,Restaurantes con servicio de preparación de tacos y tortas,restaurante,0 a 5 personas,25.64041032,-100.28449925,1321.0,1-2 km
8297077,TACOS CHELY,Restaurantes con servicio de preparación de tacos y tortas,restaurante,0 a 5 personas,25.6352827,-100.28859721,1794.0,1-2 km
3034309,TACOS CHENTE,Restaurantes con servicio de preparación de tacos y tortas,restaurante,0 a 5 personas,25.66173953,-100.30399357,1853.0,1-2 km
9724722,TACOS CHON,Restaurantes con servicio de preparación de tacos y tortas,restaurante,0 a 5 personas,25.64814715,-100.28524052,560.0,500 m-1 km
8441388,TACOS CONDOR,Restaurantes con servicio de preparación de tacos y tortas,restaurante,0 a 5 personas,25.66749126,-100.29218171,1809.0,1-2 km
8524518,TACOS DE CARNE ASADA,Restaurantes con servicio de preparación de tacos y tortas,restaurante,0 a 5 personas,25.66269291,-100.29240278,1289.0,1-2 km
11351353,TACOS DE GUISOS,Restaurantes con servicio de preparación de tacos y tortas,restaurante,0 a 5 personas,25.65332235,-100.27679469,1291.0,1-2 km
3039047,TACOS DE LA 15,Restaurantes con servicio de preparación de tacos y tortas,restaurante,0 a 5 personas,25.66030763,-100.27805349,1516.0,1-2 km
8779044,TACOS DE LA JEFA,Restaurantes con servicio de preparación de tacos y tortas,restaurante,0 a 5 personas,25.65843949,-100.30077356,1375.0,1-2 km
3040254,TACOS DE VAPOR,Restaurantes con servicio de preparación de tacos y tortas,restaurante,0 a 5 personas,25.65236247,-100.27961047,997.0,500 m-1 km
8411066,TACOS DEL RIO,Restaurantes con servicio de preparación de tacos y tortas,restaurante,0 a 5 personas,25.6350309,-100.28966147,1820.0,1-2 km
6447089,TACOS DON EMILIO,Restaurantes con servicio de preparación de tacos y tortas,restaurante,0 a 5 personas,25.65425389,-100.30088077,1184.0,1-2 km
3034681,TACOS DON EMILIO,Restaurantes con servicio de preparación de tacos y tortas,restaurante,0 a 5 personas,25.65297823,-100.30582594,1646.0,1-2 km
3033617,TACOS DON FIDE,"Cafeterías, fuentes de sodas, neverías, refresquerías y similares",cafeteria,0 a 5 personas,25.67047509,-100.29454491,2180.0,> 2 km
8297082,TACOS DON OSCAR,Restaurantes con servicio de preparación de tacos y tortas,restaurante,0 a 5 personas,25.66288936,-100.29868655,1575.0,1-2 km
3040023,TACOS DON PANCHO,Restaurantes con servicio de preparación de tacos y tortas,restaurante,6 a 10 personas,25.63477009,-100.30091386,2175.0,> 2 km
2994191,TACOS DON PEDRO,Restaurantes con servicio de preparación de tacos y tortas,restaurante,6 a 10 personas,25.65692518,-100.29351531,734.0,500 m-1 km
9942765,TACOS DORADOS CHUY,Restaurantes con servicio de preparación de tacos y tortas,restaurante,0 a 5 personas,25.66021223,-100.29122388,995.0,500 m-1 km
8297583,TACOS EL CONEJO,Restaurantes con servicio de preparación de tacos y tortas,restaurante,0 a 5 personas,25.64122273,-100.30461099,1891.0,1-2 km
3040294,TACOS EL GUERO,Restaurantes con servicio de preparación de tacos y tortas,restaurante,11 a 30 personas,25.64791537,-100.27443619,1559.0,1-2 km
2994986,TACOS EL GUERO,Restaurantes con servicio de preparación de tacos y tortas,restaurante,11 a 30 personas,25.63951296,-100.27641656,1862.0,1-2 km
2994514,TACOS EL LLANITO,Restaurantes con servicio de preparación de tacos y tortas,restaurante,0 a 5 personas,25.65516475,-100.29404137,618.0,500 m-1 km
8970815,TACOS EL MAX,Restaurantes con servicio de preparación de tacos y tortas,restaurante,0 a 5 personas,25.66494887,-100.294777,1597.0,1-2 km
8441150,TACOS EL MUÑECO,Restaurantes con servicio de preparación de tacos y tortas,restaurante,0 a 5 personas,25.66315725,-100.29457912,1403.0,1-2 km
10692267,TACOS EL PATA,Restaurantes con servicio de preparación de tacos y tortas,restaurante,6 a 10 personas,25.65342621,-100.29383828,490.0,0-500 m
9014259,TACOS EL PRIMO VICTOR,Restaurantes con servicio de preparación de tacos y tortas,restaurante,0 a 5 personas,25.66193826,-100.28347678,1318.0,1-2 km
9293939,TACOS ERIKA,Restaurantes con servicio de preparación de tacos y tortas,restaurante,0 a 5 personas,25.65378835,-100.27713403,1268.0,1-2 km
3039582,TACOS FELIX,Restaurantes con servicio de preparación de tacos y tortas,restaurante,11 a 30 personas,25.6505673,-100.29307078,370.0,0-500 m
2994151,TACOS FER,Restaurantes con servicio de preparación de tacos y tortas,restaurante,0 a 5 personas,25.66009707,-100.27089795,2100.0,> 2 km
10937344,TACOS FER JR,Restaurantes con servicio de preparación de tacos y tortas,restaurante,0 a 5 personas,25.65714411,-100.30146362,1359.0,1-2 km
2994250,TACOS FRIDA,Restaurantes con servicio de preparación de tacos y tortas,restaurante,0 a 5 personas,25.65978213,-100.28393245,1086.0,1-2 km
11320291,TACOS GUERO,Restaurantes con servicio de preparación de tacos y tortas,restaurante,0 a 5 personas,25.65124107,-100.31121952,2177.0,> 2 km
11076159,TACOS GUISADOS,Restaurantes con servicio de preparación de tacos y tortas,restaurante,0 a 5 personas,25.63380671,-100.29111693,1963.0,1-2 km
8648731,TACOS HABANERO,Restaurantes con servicio de preparación de tacos y tortas,restaurante,0 a 5 personas,25.64149093,-100.27327949,1964.0,1-2 km
3038537,TACOS HUICHO,Restaurantes con servicio de preparación de tacos y tortas,restaurante,0 a 5 personas,25.66587038,-100.29520539,1708.0,1-2 km
9804075,TACOS LA GUERA,Restaurantes con servicio de preparación de tacos y tortas,restaurante,0 a 5 personas,25.65992268,-100.29632171,1169.0,1-2 km
2995005,TACOS LAREDO,Restaurantes con servicio de preparación de tacos y tortas,restaurante,6 a 10 personas,25.64185059,-100.27701369,1641.0,1-2 km
9917393,TACOS LAS TROMPUDAS,Restaurantes con servicio de preparación de tacos y tortas,restaurante,0 a 5 personas,25.65772676,-100.30511907,1716.0,1-2 km
3039647,TACOS LEAL,Restaurantes con servicio de preparación de tacos y tortas,restaurante,11 a 30 personas,25.6457632,-100.28902797,629.0,500 m-1 km
9696200,TACOS LOS CHIDOS,Restaurantes con servicio de preparación de tacos y tortas,restaurante,0 a 5 personas,25.65432768,-100.27115631,1867.0,1-2 km
8648844,TACOS LOS CHILEROS,Restaurantes con servicio de preparación de tacos y tortas,restaurante,6 a 10 personas,25.6420778,-100.27845335,1517.0,1-2 km
10005525,TACOS LOS NARANJ0S,Restaurantes con servicio de preparación de tacos y tortas,restaurante,6 a 10 personas,25.65720705,-100.29418972,799.0,500 m-1 km
8734976,TACOS LOS VECINOS TEC,Restaurantes con servicio de preparación de tacos y tortas,restaurante,0 a 5 personas,25.65221993,-100.28331281,627.0,500 m-1 km
2994038,TACOS LUCIO,Restaurantes con servicio de preparación de tacos y tortas,restaurante,0 a 5 personas,25.66598205,-100.28575507,1664.0,1-2 km
2990974,TACOS MAÑANEROS,Restaurantes con servicio de preparación de tacos y tortas,restaurante,0 a 5 personas,25.65473899,-100.30838033,1929.0,1-2 km
11110916,TACOS MAÑANEROS,Restaurantes con servicio de preparación de tacos y tortas,restaurante,0 a 5 personas,25.66483045,-100.29755105,1697.0,1-2 km
2995415,TACOS MAÑANEROS DOÑA MARY,Restaurantes con servicio de preparación de tacos y tortas,restaurante,6 a 10 personas,25.63741109,-100.30438987,2156.0,> 2 km
3040352,TACOS MAÑANEROS EL REMOLQUE,Restaurantes con servicio de preparación de tacos y tortas,restaurante,6 a 10 personas,25.63754567,-100.28342612,1656.0,1-2 km
8411131,TACOS MARIO,Restaurantes con servicio de preparación de tacos y tortas,restaurante,0 a 5 personas,25.65020118,-100.30514703,1574.0,1-2 km
3040293,TACOS MARIO AL,Restaurantes con servicio de preparación de tacos y tortas,restaurante,0 a 5 personas,25.6497356,-100.27412473,1552.0,1-2 km
2994716,TACOS MELANY,Restaurantes con servicio de preparación de tacos y tortas,restaurante,6 a 10 personas,25.64931303,-100.29175213,324.0,0-500 m
3040099,TACOS MEME,Restaurantes con servicio de preparación de tacos y tortas,restaurante,0 a 5 personas,25.65708216,-100.29511898,846.0,500 m-1 km
8368898,TACOS MISTER POLO,Restaurantes con servicio de preparación de tacos y tortas,restaurante,0 a 5 personas,25.65260993,-100.27805011,1156.0,1-2 km
6215852,TACOS NANDOS,Restaurantes con servicio de preparación de tacos y tortas,restaurante,6 a 10 personas,25.6668386,-100.28187001,1879.0,1-2 km
10758374,TACOS PA KLAU,Restaurantes con servicio de preparación de tacos y tortas,restaurante,0 a 5 personas,25.66013498,-100.27684482,1598.0,1-2 km
3038898,TACOS PANCHO,Restaurantes con servicio de preparación de tacos y tortas,restaurante,11 a 30 personas,25.66213287,-100.29432158,1288.0,1-2 km
11659407,TACOS PIEDRA,Restaurantes con servicio de preparación de tacos y tortas,restaurante,0 a 5 personas,25.65819912,-100.28455408,904.0,500 m-1 km
2994230,TACOS PIEDRA,Restaurantes con servicio de preparación de tacos y tortas,restaurante,0 a 5 personas,25.6541735,-100.28973146,309.0,0-500 m
8498625,TACOS PIPOS,Restaurantes con servicio de preparación de tacos y tortas,restaurante,0 a 5 personas,25.66473564,-100.28376165,1590.0,1-2 km
8297584,TACOS POLO,Restaurantes con servicio de preparación de tacos y tortas,restaurante,0 a 5 personas,25.63966244,-100.30431757,1977.0,1-2 km
8524513,TACOS PONCHO DE RIGO,Servicios de preparación de otros alimentos para consumo inmediato,otro,0 a 5 personas,25.6539588,-100.29373441,511.0,500 m-1 km
9674778,TACOS RAFA AHOGADOS,Restaurantes con servicio de preparación de tacos y tortas,restaurante,0 a 5 personas,25.65882624,-100.29573256,1035.0,1-2 km
2994013,TACOS REYNA,Restaurantes con servicio de preparación de tacos y tortas,restaurante,6 a 10 personas,25.66021704,-100.28641607,1028.0,1-2 km
2994908,TACOS ROJOS,Restaurantes con servicio de preparación de tacos y tortas,restaurante,0 a 5 personas,25.6395192,-100.27311192,2108.0,> 2 km
9868215,TACOS ROJOS PILO,Restaurantes con servicio de preparación de tacos y tortas,restaurante,0 a 5 personas,25.65697288,-100.30548837,1718.0,1-2 km
10656535,TACOS SAAVEDRA,Restaurantes con servicio de preparación de antojitos,restaurante,0 a 5 personas,25.64785486,-100.30892395,1987.0,1-2 km
2994390,TACOS SANTIAGO APOSTOL,Restaurantes con servicio de preparación de tacos y tortas,restaurante,0 a 5 personas,25.6565716,-100.30009124,1207.0,1-2 km
8812465,TACOS SIN NOMBRE,Restaurantes con servicio de preparación de tacos y tortas,restaurante,0 a 5 personas,25.65652794,-100.26841604,2189.0,> 2 km
8499056,TACOS SIN NOMBRE,Restaurantes con servicio de preparación de tacos y tortas,restaurante,0 a 5 personas,25.65890732,-100.30129931,1448.0,1-2 km
8297133,TACOS SIN NOMBRE,Restaurantes con servicio de preparación de tacos y tortas,restaurante,0 a 5 personas,25.65670506,-100.30898402,2040.0,> 2 km
9743538,TACOS SIN NOMBRE,Restaurantes con servicio de preparación de tacos y tortas,restaurante,0 a 5 personas,25.66065106,-100.30830604,2147.0,> 2 km
10763086,TACOS SONORA,Restaurantes con servicio de preparación de tacos y tortas,restaurante,11 a 30 personas,25.64498961,-100.29445022,869.0,500 m-1 km
8735080,TACOS TAKE,Restaurantes con servicio de preparación de tacos y tortas,restaurante,0 a 5 personas,25.66032462,-100.27856378,1479.0,1-2 km
11825493,TACOS TAVITO,Servicios de preparación de alimentos para ocasiones especiales,otro,11 a 30 personas,25.6590828,-100.27350348,1817.0,1-2 km
11333387,TACOS TAVITO,Restaurantes con servicio de preparación de tacos y tortas,restaurante,0 a 5 personas,25.66065106,-100.30830604,2147.0,> 2 km
11573020,TACOS TINO,Restaurantes con servicio de preparación de tacos y tortas,restaurante,0 a 5 personas,25.64629049,-100.30785443,1926.0,1-2 km
10423824,TACOS TIO PEPE,Restaurantes con servicio de preparación de tacos y tortas,restaurante,0 a 5 personas,25.65266581,-100.27808755,1153.0,1-2 km
8947732,TACOS TOMAS,Restaurantes con servicio de preparación de tacos y tortas,restaurante,0 a 5 personas,25.65961135,-100.29996059,1390.0,1-2 km
8844368,TACOS TONY,Restaurantes con servicio de preparación de tacos y tortas,restaurante,0 a 5 personas,25.6618849,-100.29333427,1228.0,1-2 km
8297810,TACOS TORRES,Restaurantes con servicio de preparación de tacos y tortas,restaurante,0 a 5 personas,25.6630306,-100.30262306,1845.0,1-2 km
10914102,TACOS TOTO,Restaurantes con servicio de preparación de tacos y tortas,restaurante,0 a 5 personas,25.65576835,-100.29602633,815.0,500 m-1 km
8524012,TACOS VENTURA,Restaurantes con servicio de preparación de tacos y tortas,restaurante,0 a 5 personas,25.65996538,-100.30144668,1530.0,1-2 km
7805643,TACOS VILLA DE SANTIAGO,Restaurantes con servicio de preparación de tacos y tortas,restaurante,6 a 10 personas,25.64501924,-100.28814604,722.0,500 m-1 km
8441207,TACOS WUICHO,Restaurantes con servicio de preparación de tacos y tortas,restaurante,0 a 5 personas,25.66586739,-100.28131198,1806.0,1-2 km
8297446,TACOS Y BURGERS EL GUERO HR,Restaurantes de autoservicio,restaurante,0 a 5 personas,25.65240917,-100.28181938,778.0,500 m-1 km
8734675,TACOS Y GORDITAS,Restaurantes con servicio de preparación de tacos y tortas,restaurante,0 a 5 personas,25.65883041,-100.3016805,1474.0,1-2 km
2995413,TACOS Y GORDITAS DE DOÑA SARA,Restaurantes con servicio de preparación de antojitos,restaurante,0 a 5 personas,25.63707339,-100.30450316,2191.0,> 2 km
2993989,TACOS Y GORDITAS MARY,Restaurantes con servicio de preparación de tacos y tortas,restaurante,0 a 5 personas,25.66013495,-100.29631103,1187.0,1-2 km
11679585,TACOS Y GORDITAS NANCY,Servicios de preparación de alimentos para ocasiones especiales,otro,0 a 5 personas,25.66372324,-100.29775299,1601.0,1-2 km
10747407,TACOS Y GORDITAS RULY,Restaurantes con servicio de preparación de alimentos a la carta o de comida corrida,restaurante,0 a 5 personas,25.66680065,-100.29381376,1766.0,1-2 km
10988273,TACOS Y GORDITAS SUSY,Restaurantes con servicio de preparación de alimentos a la carta o de comida corrida,restaurante,0 a 5 personas,25.64717294,-100.30740253,1855.0,1-2 km
3042232,TACOS Y GORDITS ANA,Restaurantes con servicio de preparación de tacos y tortas,restaurante,0 a 5 personas,25.63367529,-100.29760419,2132.0,> 2 km
11326795,TACOS Y GUISOS,Restaurantes con servicio de preparación de tacos y tortas,restaurante,0 a 5 personas,25.65976171,-100.2895603,930.0,500 m-1 km
9632329,TACOS Y HAMBURGESAS POSES,Restaurantes con servicio de preparación de tacos y tortas,restaurante,0 a 5 personas,25.65470682,-100.30546276,1642.0,1-2 km
8410895,TACOS Y MENUDO VICTORIA,"Restaurantes con servicio de preparación de pizzas, hamburguesas, hot dogs y pollos rostizados para llevar",restaurante,0 a 5 personas,25.63245909,-100.28518402,2150.0,> 2 km
10863926,TACOS Y TACOS POPOS,Restaurantes con servicio de preparación de tacos y tortas,restaurante,6 a 10 personas,25.6434727,-100.27648652,1574.0,1-2 km
11269326,TACOS YEYOS,Restaurantes con servicio de preparación de alimentos a la carta o de comida corrida,restaurante,0 a 5 personas,25.6434826,-100.27599491,1615.0,1-2 km
8947740,TACOS ZACAZONAPAN,Restaurantes con servicio de preparación de tacos y tortas,restaurante,6 a 10 personas,25.65976507,-100.29839257,1288.0,1-2 km
10551720,TADAIMA,Restaurantes con servicio de preparación de alimentos a la carta o de comida corrida,restaurante,6 a 10 personas,25.6411743,-100.28080046,1433.0,1-2 km
9443076,TALLER COMEDOR URBANO,Restaurantes con servicio de preparación de alimentos a la carta o de comida corrida,restaurante,0 a 5 personas,25.65512694,-100.29139133,456.0,0-500 m
2990929,TAMALERIA EL SUPER TAMAL,Restaurantes con servicio de preparación de antojitos,restaurante,0 a 5 personas,25.65532577,-100.30648025,1757.0,1-2 km
8297187,TAMALES CONCHA,Servicios de preparación de otros alimentos para consumo inmediato,otro,0 a 5 personas,25.66038537,-100.30131324,1549.0,1-2 km
2994097,TAMALES ORQUIDEA,Servicios de preparación de otros alimentos para consumo inmediato,otro,0 a 5 personas,25.66649446,-100.27888239,1987.0,1-2 km
3034414,TAMALES ROSY,Servicios de preparación de otros alimentos para consumo inmediato,otro,0 a 5 personas,25.65708403,-100.30113458,1326.0,1-2 km
2994386,TAMALES TIA CHOLE,Servicios de preparación de otros alimentos para consumo inmediato,otro,0 a 5 personas,25.65644341,-100.29793009,1014.0,1-2 km
10585763,TAMALES VERO,Servicios de preparación de otros alimentos para consumo inmediato,otro,0 a 5 personas,25.6594091,-100.30860939,2112.0,> 2 km
11571499,TAMALIZA,Restaurantes con servicio de preparación de alimentos a la carta o de comida corrida,restaurante,0 a 5 personas,25.65252493,-100.2795288,1007.0,1-2 km
8368899,TAMALIZZA,Servicios de preparación de otros alimentos para consumo inmediato,otro,0 a 5 personas,25.65154412,-100.28094945,857.0,500 m-1 km
2994702,TAPIOCA HOUSE,Servicios de preparación de otros alimentos para consumo inmediato,otro,0 a 5 personas,25.64793526,-100.29044376,397.0,0-500 m
8411247,TAQUERIA,Restaurantes con servicio de preparación de tacos y tortas,restaurante,0 a 5 personas,25.65638095,-100.31020314,2148.0,> 2 km
8844272,TAQUERIA,Restaurantes con servicio de preparación de tacos y tortas,restaurante,0 a 5 personas,25.65400081,-100.28980236,291.0,0-500 m
8778542,TAQUERIA 10 MARZO,Restaurantes con servicio de preparación de tacos y tortas,restaurante,0 a 5 personas,25.63232885,-100.28517955,2164.0,> 2 km
8297466,TAQUERIA ANTOJITOS DOÑA MARY,Restaurantes con servicio de preparación de tacos y tortas,restaurante,0 a 5 personas,25.63283869,-100.29199573,2079.0,> 2 km
7873254,TAQUERIA COMBI TACOS,Restaurantes con servicio de preparación de tacos y tortas,restaurante,6 a 10 personas,25.65077669,-100.29341031,398.0,0-500 m
11354190,TAQUERIA EL GAVILAN,Restaurantes con servicio de preparación de tacos y tortas,restaurante,0 a 5 personas,25.65754933,-100.30996307,2162.0,> 2 km
10151491,TAQUERIA KEPA SHO,Restaurantes con servicio de preparación de tacos y tortas,restaurante,6 a 10 personas,25.64914309,-100.29694813,788.0,500 m-1 km
11666634,TAQUERIA LA BONITA,Restaurantes con servicio de preparación de alimentos a la carta o de comida corrida,restaurante,0 a 5 personas,25.6592152,-100.30455879,1742.0,1-2 km
9550096,TAQUERIA LA PATRONA,Restaurantes con servicio de preparación de tacos y tortas,restaurante,0 a 5 personas,25.66230909,-100.28636388,1253.0,1-2 km
8971027,TAQUERIA LA TOSTADA,Restaurantes con servicio de preparación de antojitos,restaurante,0 a 5 personas,25.63619594,-100.28257993,1827.0,1-2 km
8411343,TAQUERIA LOS CUATES,Restaurantes con servicio de preparación de tacos y tortas,restaurante,0 a 5 personas,25.66237627,-100.30076356,1663.0,1-2 km
10657274,TAQUERIA MARIA,Restaurantes con servicio de preparación de tacos y tortas,restaurante,0 a 5 personas,25.64808065,-100.28518475,569.0,500 m-1 km
3034375,TAQUERIA MARIA,Restaurantes con servicio de preparación de tacos y tortas,restaurante,6 a 10 personas,25.6603141,-100.303873,1749.0,1-2 km
8778543,TAQUERIA ROJAS,Restaurantes con servicio de preparación de tacos y tortas,restaurante,0 a 5 personas,25.63299635,-100.28547114,2086.0,> 2 km
3040154,TAQUERIA ROSA NAUTICA,Restaurantes con servicio de preparación de tacos y tortas,restaurante,6 a 10 personas,25.65361242,-100.28977285,248.0,0-500 m
11144267,TAQUERIA SALDAÑA,Restaurantes con servicio de preparación de tacos y tortas,restaurante,0 a 5 personas,25.64844603,-100.27495779,1494.0,1-2 km
8411291,TAQUERIAS ORINOCO,Restaurantes con servicio de preparación de tacos y tortas,restaurante,11 a 30 personas,25.65061295,-100.29341199,402.0,0-500 m
8411286,TAQUERIAS TLAQUEPAQUE TEC,Restaurantes con servicio de preparación de tacos y tortas,restaurante,0 a 5 personas,25.64617399,-100.28931359,581.0,500 m-1 km
3040117,TAQUITOS DE LA 15,Restaurantes con servicio de preparación de tacos y tortas,restaurante,0 a 5 personas,25.65707327,-100.29059266,640.0,500 m-1 km
11621961,TAQUITOS MAÑANEROS,Restaurantes con servicio de preparación de tacos y tortas,restaurante,0 a 5 personas,25.65581926,-100.29127014,522.0,500 m-1 km
11074317,TAQUITOS Y GORDITAS DOÑA MARY,Restaurantes con servicio de preparación de antojitos,restaurante,6 a 10 personas,25.63794259,-100.30438707,2113.0,> 2 km
10082077,TEA & MASALA,"Cafeterías, fuentes de sodas, neverías, refresquerías y similares",cafeteria,6 a 10 personas,25.65276717,-100.27597695,1364.0,1-2 km
10537320,TENCHITA,Restaurantes con servicio de preparación de alimentos a la carta o de comida corrida,restaurante,0 a 5 personas,25.63619594,-100.28257993,1827.0,1-2 km
8649300,TEO BURGER,"Restaurantes con servicio de preparación de pizzas, hamburguesas, hot dogs y pollos rostizados para llevar",restaurante,11 a 30 personas,25.64893052,-100.28858285,290.0,0-500 m
10247720,THE SMASHED ONES,Restaurantes de autoservicio,restaurante,0 a 5 personas,25.64990776,-100.28671692,325.0,0-500 m
11000678,THE SUSHI BOYS,Restaurantes de autoservicio,restaurante,11 a 30 personas,25.65342621,-100.29383828,490.0,0-500 m
10012731,THE SUSHI CENTAIMER,Restaurantes con servicio de preparación de alimentos a la carta o de comida corrida,restaurante,0 a 5 personas,25.65625172,-100.29687154,915.0,500 m-1 km
9415394,TIM HORTONS,"Cafeterías, fuentes de sodas, neverías, refresquerías y similares",cafeteria,11 a 30 personas,25.65249892,-100.27653107,1306.0,1-2 km
9447566,TIM HORTONS,"Cafeterías, fuentes de sodas, neverías, refresquerías y similares",cafeteria,11 a 30 personas,25.66210529,-100.30598944,2037.0,> 2 km
9415392,TIM HORTONS,"Cafeterías, fuentes de sodas, neverías, refresquerías y similares",cafeteria,11 a 30 personas,25.64898728,-100.29061224,291.0,0-500 m
9415396,TIM HORTONS,"Cafeterías, fuentes de sodas, neverías, refresquerías y similares",cafeteria,11 a 30 personas,25.63432072,-100.28183536,2049.0,> 2 km
9468001,TIM HORTONS,"Cafeterías, fuentes de sodas, neverías, refresquerías y similares",cafeteria,11 a 30 personas,25.64898829,-100.29061288,290.0,0-500 m
9014278,TIM HORTONS,"Cafeterías, fuentes de sodas, neverías, refresquerías y similares",cafeteria,11 a 30 personas,25.66765838,-100.28416796,1885.0,1-2 km
10229582,TITOS ALITAS ADICTIVAS,Restaurantes de autoservicio,restaurante,11 a 30 personas,25.65035372,-100.29374584,441.0,0-500 m
9740263,TODO EMPANADAS,Restaurantes con servicio de preparación de alimentos a la carta o de comida corrida,restaurante,0 a 5 personas,25.64102011,-100.2805936,1459.0,1-2 km
6364300,TOKS,Restaurantes con servicio de preparación de alimentos a la carta o de comida corrida,restaurante,31 a 50 personas,25.63812001,-100.28421245,1569.0,1-2 km
11314295,TONIS TACOS,Restaurantes con servicio de preparación de tacos y tortas,restaurante,11 a 30 personas,25.6699206,-100.28961668,2059.0,> 2 km
8411509,TONY S TACOS,Restaurantes con servicio de preparación de tacos y tortas,restaurante,11 a 30 personas,25.65544464,-100.30187586,1319.0,1-2 km
8297703,TORO SUSHI,Restaurantes con servicio de preparación de alimentos a la carta o de comida corrida,restaurante,6 a 10 personas,25.64655713,-100.28957995,539.0,500 m-1 km
8779041,TORTAS ALEX,Restaurantes con servicio de preparación de tacos y tortas,restaurante,11 a 30 personas,25.65998266,-100.29844573,1309.0,1-2 km
3034345,TORTAS ALEX,Restaurantes con servicio de preparación de tacos y tortas,restaurante,11 a 30 personas,25.65954886,-100.29854448,1282.0,1-2 km
10012083,TORTAS CHON,Restaurantes con servicio de preparación de tacos y tortas,restaurante,0 a 5 personas,25.66644843,-100.29477587,1755.0,1-2 km
7872672,TORTAS EL JACALITO,Restaurantes con servicio de preparación de tacos y tortas,restaurante,0 a 5 personas,25.66038236,-100.2840525,1138.0,1-2 km
10742996,TORTAS EL RIN,Restaurantes con servicio de preparación de tacos y tortas,restaurante,0 a 5 personas,25.64657141,-100.29473989,751.0,500 m-1 km
3034334,TORTAS IGUALA,Restaurantes con servicio de preparación de tacos y tortas,restaurante,0 a 5 personas,25.65981979,-100.30062806,1456.0,1-2 km
8649419,TORTAS LA SIERRA,Restaurantes con servicio de preparación de tacos y tortas,restaurante,0 a 5 personas,25.65355322,-100.27696281,1279.0,1-2 km
3040248,TORTAS URUGUAYAS,Restaurantes con servicio de preparación de tacos y tortas,restaurante,0 a 5 personas,25.6522321,-100.28019245,938.0,500 m-1 km
3034266,TORTAS Y HAMBURGUESAS,Restaurantes con servicio de preparación de tacos y tortas,restaurante,0 a 5 personas,25.66199445,-100.30283116,1781.0,1-2 km
8649301,TOSHI TIGER,Restaurantes de autoservicio,restaurante,6 a 10 personas,25.64885576,-100.28868082,295.0,0-500 m
8524461,TOSTADAS BONY,Servicios de preparación de otros alimentos para consumo inmediato,otro,0 a 5 personas,25.64819738,-100.2766134,1340.0,1-2 km
7805647,TOSTADAS CRISTY,Restaurantes con servicio de preparación de antojitos,restaurante,0 a 5 personas,25.65787767,-100.28396792,909.0,500 m-1 km
3034407,TOSTADAS LOS REYES,Restaurantes con servicio de preparación de antojitos,restaurante,31 a 50 personas,25.65855682,-100.30162856,1453.0,1-2 km
3040170,TOSTADAS TEC,Restaurantes con servicio de preparación de antojitos,restaurante,0 a 5 personas,25.65246906,-100.27967032,992.0,500 m-1 km
8440908,TOSTADAS Y TACOS LA CUEVA,Restaurantes con servicio de preparación de tacos y tortas,restaurante,0 a 5 personas,25.65342727,-100.27687109,1286.0,1-2 km
10776661,TOSTADERIA LA ROMA,Restaurantes con servicio de preparación de tacos y tortas,restaurante,0 a 5 personas,25.65304889,-100.30020283,1088.0,1-2 km
3038516,TOSTI CHICKEN,Restaurantes con servicio de preparación de antojitos,restaurante,0 a 5 personas,25.66721444,-100.28637953,1786.0,1-2 km
8642182,TROMPO TACOS MONTERREY,Restaurantes con servicio de preparación de tacos y tortas,restaurante,0 a 5 personas,25.64787874,-100.28767729,432.0,0-500 m
10849956,USUAL Y CASUAL CAFE,"Cafeterías, fuentes de sodas, neverías, refresquerías y similares",cafeteria,0 a 5 personas,25.65267628,-100.28266789,699.0,500 m-1 km
9683672,UVG ALTA REPOSTERIA,"Cafeterías, fuentes de sodas, neverías, refresquerías y similares",cafeteria,0 a 5 personas,25.64149093,-100.27327949,1964.0,1-2 km
8844258,VANCOUVER WINGS,Restaurantes con servicio de preparación de alimentos a la carta o de comida corrida,restaurante,6 a 10 personas,25.65312366,-100.29365497,458.0,0-500 m
10594460,VENTA DE ALITAS BONELES Y HAMBURGUESAS,"Restaurantes con servicio de preparación de pizzas, hamburguesas, hot dogs y pollos rostizados para llevar",restaurante,0 a 5 personas,25.64531725,-100.30820233,1993.0,1-2 km
9824816,VENTA DE ANTOJITOS,Restaurantes con servicio de preparación de antojitos,restaurante,0 a 5 personas,25.65382557,-100.31093417,2165.0,> 2 km
10978544,VENTA DE ANTOJITOS,Restaurantes con servicio de preparación de antojitos,restaurante,0 a 5 personas,25.65555534,-100.30782885,1894.0,1-2 km
9956350,VENTA DE BARBACOA,Restaurantes con servicio de preparación de antojitos,restaurante,0 a 5 personas,25.65433359,-100.30354281,1445.0,1-2 km
11009308,VENTA DE COMIDA RAPIDA,Restaurantes de autoservicio,restaurante,0 a 5 personas,25.65575824,-100.30903726,2017.0,> 2 km
11615123,VENTA DE HAMBURGESAS,Restaurantes de autoservicio,restaurante,0 a 5 personas,25.65405729,-100.30903027,1980.0,1-2 km
3042225,VENTA DE HAMBURGUESAS,"Restaurantes con servicio de preparación de pizzas, hamburguesas, hot dogs y pollos rostizados para llevar",restaurante,0 a 5 personas,25.63499882,-100.29567432,1926.0,1-2 km
10234416,VENTA DE TACOS,Restaurantes con servicio de preparación de tacos y tortas,restaurante,0 a 5 personas,25.64876476,-100.30843173,1920.0,1-2 km
6217237,VENTA DE TACOS,Restaurantes con servicio de preparación de tacos y tortas,restaurante,6 a 10 personas,25.65444237,-100.30362559,1456.0,1-2 km
10563373,VENTA DE TACOS NANCY,Restaurantes que preparan otro tipo de alimentos para llevar,restaurante,0 a 5 personas,25.66382588,-100.29826268,1637.0,1-2 km
11221088,VENTA DE TACOS SIN NOMBRE,Restaurantes con servicio de preparación de tacos y tortas,restaurante,0 a 5 personas,25.66072439,-100.30829094,2150.0,> 2 km
3034359,VENTA DE TAMALES,Servicios de preparación de otros alimentos para consumo inmediato,otro,0 a 5 personas,25.65954675,-100.29960058,1359.0,1-2 km
3038626,VERACRUZ BAR,"Bares, cantinas y similares",bar,0 a 5 personas,25.66793449,-100.28455635,1904.0,1-2 km
10908675,WE LOVE PIZZA,Restaurantes de autoservicio,restaurante,0 a 5 personas,25.64767337,-100.29132653,453.0,0-500 m
9951758,WINGS . STOP,Restaurantes de autoservicio,restaurante,6 a 10 personas,25.65342621,-100.29383828,490.0,0-500 m
2994561,WINGS ARMY,Restaurantes con servicio de preparación de alimentos a la carta o de comida corrida,restaurante,11 a 30 personas,25.65322729,-100.29327543,430.0,0-500 m
11729530,WINGS ARMY,Restaurantes de autoservicio,restaurante,11 a 30 personas,25.65322729,-100.29327543,430.0,0-500 m
6215883,XAWA PIZZERIA MEXICANA,"Restaurantes con servicio de preparación de pizzas, hamburguesas, hot dogs y pollos rostizados para llevar",restaurante,0 a 5 personas,25.65586045,-100.29586568,808.0,500 m-1 km
3040246,XILAKIL RESTAURANT,Restaurantes con servicio de preparación de alimentos a la carta o de comida corrida,restaurante,0 a 5 personas,25.64815812,-100.28491524,584.0,500 m-1 km
8411462,YOG & MORE,"Cafeterías, fuentes de sodas, neverías, refresquerías y similares",cafeteria,0 a 5 personas,25.65688205,-100.30057603,1267.0,1-2 km
11827290,YOGUFRUT,"Cafeterías, fuentes de sodas, neverías, refresquerías y similares",cafeteria,0 a 5 personas,25.6534287,-100.28544716,465.0,0-500 m
10608779,YOGUFRUT,Servicios de preparación de otros alimentos para consumo inmediato,otro,0 a 5 personas,25.64196581,-100.28617947,1101.0,1-2 km
3034560,YUKIS Y TROLES DON BERNA,Servicios de preparación de otros alimentos para consumo inmediato,otro,0 a 5 personas,25.65714738,-100.30644667,1815.0,1-2 km
8042534,YULIA,Restaurantes con servicio de preparación de alimentos a la carta o de comida corrida,restaurante,11 a 30 personas,25.65342621,-100.29383828,490.0,0-500 m
10760981,ZAPOTE NEGRO,Restaurantes con servicio de preparación de antojitos,restaurante,0 a 5 personas,25.64844937,-100.2734885,1638.0,1-2 km
11433183,3D LASHES,Salones y clínicas de belleza y peluquerías,belleza_barberia,0 a 5 personas,25.64222148,-100.27383544,1873.0,1-2 km
9890793,5A. SEC,Lavanderías y tintorerías,lavanderia,6 a 10 personas,25.64196581,-100.28617947,1101.0,1-2 km
8970593,5ASEC TINTORERIA,Lavanderías y tintorerías,lavanderia,0 a 5 personas,25.65317909,-100.27593804,1374.0,1-2 km
8843816,A M BARBER SHOP,Salones y clínicas de belleza y peluquerías,belleza_barberia,0 a 5 personas,25.63312727,-100.28608012,2061.0,> 2 km
3040257,ABY SERVICIOS,Reparación mecánica en general de automóviles y camiones,otro,0 a 5 personas,25.65235357,-100.27965054,993.0,500 m-1 km
10909930,AC AUTOMOTRIZ,Otros servicios de reparación y mantenimiento de automóviles y camiones,otro,0 a 5 personas,25.6482997,-100.30620174,1709.0,1-2 km
11175192,ADORA,Salones y clínicas de belleza y peluquerías,belleza_barberia,0 a 5 personas,25.64501924,-100.28814604,722.0,500 m-1 km
3034411,AFILADOS HERME,Reparación y mantenimiento de maquinaria y equipo industrial,otro,0 a 5 personas,25.6579833,-100.30064106,1335.0,1-2 km
2994392,AFILADURIA,Reparación y mantenimiento de maquinaria y equipo industrial,otro,0 a 5 personas,25.65707705,-100.3016439,1371.0,1-2 km
3034045,AFILADURIA INDEPENDENCIA,Reparación y mantenimiento de maquinaria y equipo industrial,otro,0 a 5 personas,25.65945869,-100.30888872,2140.0,> 2 km
3040152,AFINACIONES HG,Reparación mecánica en general de automóviles y camiones,otro,6 a 10 personas,25.65924705,-100.28394287,1035.0,1-2 km
10023727,AFINACIONES HG,Reparación mecánica en general de automóviles y camiones,otro,6 a 10 personas,25.65749384,-100.28558438,783.0,500 m-1 km
10555738,AGENCIA 24 SERVICIOS GENERALES PARA EL HOGAR,Reparación y mantenimiento de aparatos eléctricos para el hogar y personales,otro,6 a 10 personas,25.63982835,-100.27190767,2183.0,> 2 km
9841697,AHISA SALON,Salones y clínicas de belleza y peluquerías,belleza_barberia,0 a 5 personas,25.64022823,-100.28556925,1303.0,1-2 km
10383857,AL DEDAL,Reparación y mantenimiento de otros artículos para el hogar y personales,otro,0 a 5 personas,25.6468233,-100.27509387,1531.0,1-2 km
11746158,ALACIADOS TEC,Salones y clínicas de belleza y peluquerías,belleza_barberia,0 a 5 personas,25.65224365,-100.28064545,892.0,500 m-1 km
2994704,ALESSA BEAUTY &SALON,Salones y clínicas de belleza y peluquerías,belleza_barberia,0 a 5 personas,25.64793526,-100.29044376,397.0,0-500 m
9876499,ALL DAY,Salones y clínicas de belleza y peluquerías,belleza_barberia,0 a 5 personas,25.64285222,-100.277103,1564.0,1-2 km
3039674,ALLMOTRIZ,Reparación mecánica en general de automóviles y camiones,otro,0 a 5 personas,25.64376783,-100.29787561,1194.0,1-2 km
9768686,ALOHA NAILS,Salones y clínicas de belleza y peluquerías,belleza_barberia,0 a 5 personas,25.64102011,-100.2805936,1459.0,1-2 km
11473245,ALPHA BARBERIAS,Salones y clínicas de belleza y peluquerías,belleza_barberia,0 a 5 personas,25.6653389,-100.28439511,1632.0,1-2 km
11637892,ALPHA MOTORS,Reparación mecánica en general de automóviles y camiones,otro,0 a 5 personas,25.65994537,-100.28392927,1102.0,1-2 km
11544702,ALVAREZ TEAM,Reparación mecánica en general de automóviles y camiones,otro,0 a 5 personas,25.66991537,-100.28719457,2072.0,> 2 km
9311092,AMANDA CIBELY,Salones y clínicas de belleza y peluquerías,belleza_barberia,0 a 5 personas,25.64501924,-100.28814604,722.0,500 m-1 km
10413292,AMAZONAS BARBER SHOP,Salones y clínicas de belleza y peluquerías,belleza_barberia,0 a 5 personas,25.67069245,-100.28526862,2187.0,> 2 km
3039941,AMORTIGUADORES GARCIA,Reparación de suspensiones de automóviles y camiones,otro,0 a 5 personas,25.64251069,-100.30264736,1647.0,1-2 km
3039371,AMORTIGUADORES NUEVO LEON,Reparación de suspensiones de automóviles y camiones,otro,0 a 5 personas,25.66007101,-100.27608491,1655.0,1-2 km
10773627,AMORTIGUADORES Y SUSPENCIONES,Reparación de suspensiones de automóviles y camiones,otro,0 a 5 personas,25.66006784,-100.27605345,1657.0,1-2 km
10734391,ANGEL FABIAN PELUQUERIA,Salones y clínicas de belleza y peluquerías,belleza_barberia,0 a 5 personas,25.64082326,-100.2737788,1966.0,1-2 km
3039977,ARMATEC,Hojalatería y pintura de automóviles y camiones,otro,0 a 5 personas,25.6349997,-100.30143652,2181.0,> 2 km
11825051,ARMO,Reparación mecánica en general de automóviles y camiones,otro,0 a 5 personas,25.65902745,-100.29597101,1068.0,1-2 km
8499053,ART PELUQUERIA UNISEX,Salones y clínicas de belleza y peluquerías,belleza_barberia,0 a 5 personas,25.64998529,-100.29323025,406.0,0-500 m
2994274,ART PIEL,Reparación de calzado y otros artículos de piel y cuero,otro,6 a 10 personas,25.64913121,-100.27390037,1584.0,1-2 km
3040326,ARTEK,Salones y clínicas de belleza y peluquerías,belleza_barberia,0 a 5 personas,25.65085296,-100.28440186,515.0,500 m-1 km
10691729,ARTEXA SERVICE,Reparación y mantenimiento de aparatos eléctricos para el hogar y personales,otro,6 a 10 personas,25.65554013,-100.30773823,1885.0,1-2 km
10929296,ARTMEDIC,Salones y clínicas de belleza y peluquerías,belleza_barberia,0 a 5 personas,25.64002557,-100.27286059,2093.0,> 2 km
3034380,ASESORIAS Y SERVICIO A MONTACARGAS,"Reparación y mantenimiento de maquinaria y equipo para mover, levantar y acomodar materiales",otro,11 a 30 personas,25.65885218,-100.3045151,1718.0,1-2 km
3040164,ATENA,Salones y clínicas de belleza y peluquerías,belleza_barberia,0 a 5 personas,25.65236503,-100.28008004,950.0,500 m-1 km
11121296,AURA NAIL & HAIR,Salones y clínicas de belleza y peluquerías,belleza_barberia,0 a 5 personas,25.64865031,-100.29589556,710.0,500 m-1 km
10691945,AUTO 990 AUTOMOTRIZ EXPRESS,Reparación mecánica en general de automóviles y camiones,otro,0 a 5 personas,25.66017327,-100.27802536,1508.0,1-2 km
3040157,AUTO BRITE,Lavado y lubricado de automóviles y camiones,otro,0 a 5 personas,25.65323452,-100.28406068,582.0,500 m-1 km
8411200,AUTO CLIMAS EL GALLO,Reparación mecánica en general de automóviles y camiones,otro,0 a 5 personas,25.66086159,-100.30202519,1638.0,1-2 km
3039395,AUTO CLIMAS GORENA,Otros servicios de reparación y mantenimiento de automóviles y camiones,otro,0 a 5 personas,25.65892487,-100.2731087,1844.0,1-2 km
8297023,AUTO CLIMAS OSCAR,Otros servicios de reparación y mantenimiento de automóviles y camiones,otro,0 a 5 personas,25.63315805,-100.2852695,2072.0,> 2 km
3038884,AUTO ELEVADORES PEREZ,Instalación de cristales y otras reparaciones a la carrocería de automóviles y camiones,otro,0 a 5 personas,25.66364383,-100.29459039,1454.0,1-2 km
3034339,AUTO ESTETICA PLUS,Hojalatería y pintura de automóviles y camiones,otro,0 a 5 personas,25.66044217,-100.299778,1440.0,1-2 km
8411193,AUTO PLUS,Hojalatería y pintura de automóviles y camiones,otro,0 a 5 personas,25.65481199,-100.3039762,1500.0,1-2 km
3040295,AUTO POWER SERVICE,Reparación mecánica en general de automóviles y camiones,otro,0 a 5 personas,25.64856698,-100.27440264,1546.0,1-2 km
3034242,AUTO REFACCIONES EL MAGO,Reparación mecánica en general de automóviles y camiones,otro,0 a 5 personas,25.66292524,-100.29780544,1528.0,1-2 km
8844317,AUTO RMZ,Reparación mecánica en general de automóviles y camiones,otro,0 a 5 personas,25.65544085,-100.30185477,1317.0,1-2 km
8440970,AUTO SERVICIO EXPRESS,Otras reparaciones mecánicas de automóviles y camiones,otro,0 a 5 personas,25.66327994,-100.29704722,1522.0,1-2 km
2994319,AUTO STEREO REYNO,Otros servicios de reparación y mantenimiento de automóviles y camiones,otro,0 a 5 personas,25.65513697,-100.2785275,1176.0,1-2 km
9774086,AUTO WATHS,Hojalatería y pintura de automóviles y camiones,otro,0 a 5 personas,25.66312878,-100.29490894,1412.0,1-2 km
3038535,AUTOCON,Reparación mecánica en general de automóviles y camiones,otro,0 a 5 personas,25.66669058,-100.29551516,1804.0,1-2 km
8805547,AUTOFIX MECANICA ENDEREZADO Y PINTURA,Hojalatería y pintura de automóviles y camiones,otro,11 a 30 personas,25.65645572,-100.27953823,1146.0,1-2 km
2994391,AUTOMOTRIZ,Hojalatería y pintura de automóviles y camiones,otro,0 a 5 personas,25.65670884,-100.2996275,1174.0,1-2 km
3045083,AUTOMOTRIZ CANALES,Reparación mecánica en general de automóviles y camiones,otro,0 a 5 personas,25.63537262,-100.29005758,1783.0,1-2 km
10190775,AUTOMOTRIZ DEL CENTRO MAC,Reparación mecánica en general de automóviles y camiones,otro,0 a 5 personas,25.66181897,-100.30297909,1780.0,1-2 km
3040249,AUTOMOTRIZ DEL NORTE MECANICA EXPRESS,Reparación mecánica en general de automóviles y camiones,otro,0 a 5 personas,25.65226698,-100.27979486,978.0,500 m-1 km
8779141,AUTOMOTRIZ DERVY,Reparación mecánica en general de automóviles y camiones,otro,0 a 5 personas,25.65971904,-100.30333108,1667.0,1-2 km
3034249,AUTOMOTRIZ EL CHINO,Reparación mecánica en general de automóviles y camiones,otro,0 a 5 personas,25.6623919,-100.29889783,1543.0,1-2 km
3034564,AUTOMOTRIZ EL CHINO,Reparación mecánica en general de automóviles y camiones,otro,0 a 5 personas,25.6570783,-100.3064688,1814.0,1-2 km
11286118,AUTOMOTRIZ GARUSSO,Reparación mecánica en general de automóviles y camiones,otro,0 a 5 personas,25.66167699,-100.29888107,1480.0,1-2 km
3039337,AUTOMOTRIZ GONZALEZ DE HOYOS,Hojalatería y pintura de automóviles y camiones,otro,0 a 5 personas,25.66521398,-100.27719187,1970.0,1-2 km
3038582,AUTOMOTRIZ GRAND PRIX,Hojalatería y pintura de automóviles y camiones,otro,6 a 10 personas,25.66700471,-100.29588837,1850.0,1-2 km
11451136,AUTOMOTRIZ MANDO,Reparación mecánica en general de automóviles y camiones,otro,0 a 5 personas,25.63688016,-100.30432859,2195.0,> 2 km
3038545,AUTOMOTRIZ MARTINEZ,Reparación mecánica en general de automóviles y camiones,otro,0 a 5 personas,25.66631116,-100.29378901,1713.0,1-2 km
8297811,AUTOMOTRIZ MASTER,Reparación mecánica en general de automóviles y camiones,otro,0 a 5 personas,25.66149535,-100.30493571,1911.0,1-2 km
3034376,AUTOMOTRIZ OMAR,Reparación mecánica en general de automóviles y camiones,otro,0 a 5 personas,25.65981004,-100.30341626,1679.0,1-2 km
3038507,AUTOMOTRIZ ORTIZ,Reparación mecánica en general de automóviles y camiones,otro,0 a 5 personas,25.66710166,-100.28915415,1746.0,1-2 km
8441387,AUTOMOTRIZ RAMIREZ,Reparación mecánica en general de automóviles y camiones,otro,6 a 10 personas,25.66762738,-100.29219048,1824.0,1-2 km
8411521,AUTOMOTRIZ RAMIREZ,Reparación del sistema eléctrico de automóviles y camiones,otro,0 a 5 personas,25.66034287,-100.29784532,1299.0,1-2 km
3034563,AUTOMOTRIZ RAMS,Otras reparaciones mecánicas de automóviles y camiones,otro,0 a 5 personas,25.65706564,-100.30639764,1807.0,1-2 km
3039616,AUTOMOTRIZ RODRIGUEZ,Reparación mecánica en general de automóviles y camiones,otro,0 a 5 personas,25.64041668,-100.29106948,1231.0,1-2 km
3034324,AUTOMOTRIZ ROMA,Reparación del sistema eléctrico de automóviles y camiones,otro,0 a 5 personas,25.66020518,-100.30279495,1654.0,1-2 km
3042237,AUTOMOTRIZ ROYER MOTORS,Reparación mecánica en general de automóviles y camiones,otro,0 a 5 personas,25.63395482,-100.29811937,2124.0,> 2 km
8524465,AUTOMOTRIZ RUBA,Otras reparaciones mecánicas de automóviles y camiones,otro,0 a 5 personas,25.65240213,-100.28428213,535.0,500 m-1 km
3034431,AUTOMOTRIZ SINALOA,Reparación mecánica en general de automóviles y camiones,otro,0 a 5 personas,25.65828005,-100.3037522,1620.0,1-2 km
2990971,AUTOMOTRIZ TALLER MECANICO,Reparación mecánica en general de automóviles y camiones,otro,0 a 5 personas,25.65747044,-100.30087855,1325.0,1-2 km
3034650,AUTOMOTRIZ TAMEZ,Reparación mecánica en general de automóviles y camiones,otro,0 a 5 personas,25.65427094,-100.30539309,1625.0,1-2 km
8844519,AUTOMOTRIZ VAZQUEZ,Otros servicios de reparación y mantenimiento de automóviles y camiones,otro,0 a 5 personas,25.66860659,-100.29215855,1932.0,1-2 km
8734620,AUTOMOTRIZ. CARELI,Reparación mecánica en general de automóviles y camiones,otro,0 a 5 personas,25.65621933,-100.30135528,1304.0,1-2 km
9036780,AUTOMOTRIZFLORES,Reparación mecánica en general de automóviles y camiones,otro,0 a 5 personas,25.65261486,-100.30400406,1460.0,1-2 km
10005433,AUTOPARTES HUGO,Reparación mecánica en general de automóviles y camiones,otro,0 a 5 personas,25.6590083,-100.30636189,1890.0,1-2 km
6217236,AUTOPLUS CAR SERVICE,Hojalatería y pintura de automóviles y camiones,otro,0 a 5 personas,25.65477689,-100.30377584,1479.0,1-2 km
8587662,AUTOS SHOP C&M CAR SERVICE,Reparación del sistema eléctrico de automóviles y camiones,otro,0 a 5 personas,25.66679976,-100.28789681,1720.0,1-2 km
8297868,AUTOSERVICIO CANCHOLA,Hojalatería y pintura de automóviles y camiones,otro,0 a 5 personas,25.66510075,-100.30075907,1896.0,1-2 km
3038633,AUTOSERVICIO DIAZ,Hojalatería y pintura de automóviles y camiones,otro,0 a 5 personas,25.66789213,-100.28498859,1889.0,1-2 km
3034250,AUTOSERVICIO MARTINEZ,Hojalatería y pintura de automóviles y camiones,otro,0 a 5 personas,25.66257261,-100.29927492,1582.0,1-2 km
8441208,AVYNA SALON RED,Salones y clínicas de belleza y peluquerías,belleza_barberia,0 a 5 personas,25.66555135,-100.27806415,1947.0,1-2 km
2993985,BAKSTAGE,Salones y clínicas de belleza y peluquerías,belleza_barberia,0 a 5 personas,25.66018558,-100.29532008,1138.0,1-2 km
10974940,BARBA AZUL VIP PELUQUERIA,Salones y clínicas de belleza y peluquerías,belleza_barberia,0 a 5 personas,25.64348112,-100.27588485,1624.0,1-2 km
11169301,BARBER,Salones y clínicas de belleza y peluquerías,belleza_barberia,0 a 5 personas,25.64686362,-100.29154878,545.0,500 m-1 km
8279634,BARBER EL SIETE,Salones y clínicas de belleza y peluquerías,belleza_barberia,6 a 10 personas,25.65653912,-100.26988703,2047.0,> 2 km
10734512,BARBER MEX SHOP,Salones y clínicas de belleza y peluquerías,belleza_barberia,0 a 5 personas,25.66704809,-100.28993551,1741.0,1-2 km
11467261,BARBER NAIPES,Salones y clínicas de belleza y peluquerías,belleza_barberia,0 a 5 personas,25.66662315,-100.27825027,2034.0,> 2 km
2994504,BARBER PRIMAVERA,Salones y clínicas de belleza y peluquerías,belleza_barberia,0 a 5 personas,25.64984846,-100.28031488,937.0,500 m-1 km
8523840,BARBER SHOP,Salones y clínicas de belleza y peluquerías,belleza_barberia,0 a 5 personas,25.63252518,-100.29605781,2199.0,> 2 km
7873255,BARBER SHOP,Salones y clínicas de belleza y peluquerías,belleza_barberia,0 a 5 personas,25.65071844,-100.29348541,407.0,0-500 m
11437684,BARBER SHOP,Salones y clínicas de belleza y peluquerías,belleza_barberia,0 a 5 personas,25.65292555,-100.28320351,654.0,500 m-1 km
2995369,BARBER SHOP,Salones y clínicas de belleza y peluquerías,belleza_barberia,0 a 5 personas,25.64176009,-100.30399968,1806.0,1-2 km
10722498,BARBER SHOP LA,Salones y clínicas de belleza y peluquerías,belleza_barberia,0 a 5 personas,25.64081755,-100.30508089,1956.0,1-2 km
12316536,BARBER SHOP LA NAVAJA DE ORO,Salones y clínicas de belleza y peluquerías,belleza_barberia,0 a 5 personas,25.64252847,-100.3006136,1488.0,1-2 km
10148712,BARBER SHOP LA RAZA,Salones y clínicas de belleza y peluquerías,belleza_barberia,0 a 5 personas,25.65911227,-100.27355188,1814.0,1-2 km
8649246,BARBER SHOP MUSK AND MOSS,Salones y clínicas de belleza y peluquerías,belleza_barberia,0 a 5 personas,25.65327329,-100.27608755,1360.0,1-2 km
7805645,BARBER SHOP TAUFER,Salones y clínicas de belleza y peluquerías,belleza_barberia,0 a 5 personas,25.66019455,-100.2818989,1240.0,1-2 km
8970915,BARBER STOP,Salones y clínicas de belleza y peluquerías,belleza_barberia,0 a 5 personas,25.65015814,-100.29420779,492.0,0-500 m
8441093,BARBER VISHNU,Salones y clínicas de belleza y peluquerías,belleza_barberia,0 a 5 personas,25.65527881,-100.29159723,480.0,0-500 m
11524455,BARBERIA,Salones y clínicas de belleza y peluquerías,belleza_barberia,0 a 5 personas,25.65638493,-100.3022635,1394.0,1-2 km
11797850,BARBERIA,Salones y clínicas de belleza y peluquerías,belleza_barberia,0 a 5 personas,25.64145213,-100.27326912,1967.0,1-2 km
9139597,BARBERIA,Salones y clínicas de belleza y peluquerías,belleza_barberia,0 a 5 personas,25.64190642,-100.30379812,1780.0,1-2 km
10855633,BARBERIA AG,Salones y clínicas de belleza y peluquerías,belleza_barberia,0 a 5 personas,25.65529755,-100.30166756,1294.0,1-2 km
10865338,BARBERIA CATRINA,Salones y clínicas de belleza y peluquerías,belleza_barberia,0 a 5 personas,25.6445054,-100.28155324,1106.0,1-2 km
11470870,BARBERIA CONQUISTADOR,Salones y clínicas de belleza y peluquerías,belleza_barberia,0 a 5 personas,25.64342016,-100.29839123,1258.0,1-2 km
9873966,BARBERIA EL MOSTACHO,Salones y clínicas de belleza y peluquerías,belleza_barberia,0 a 5 personas,25.64218039,-100.30282165,1683.0,1-2 km
10858945,BARBERIA NICKEY,Salones y clínicas de belleza y peluquerías,belleza_barberia,0 a 5 personas,25.63265059,-100.29613825,2188.0,> 2 km
8812837,BARBERIA SIN NOMBRE,Salones y clínicas de belleza y peluquerías,belleza_barberia,0 a 5 personas,25.63523064,-100.28853483,1801.0,1-2 km
8778978,BARBY BARBER SHOP,Salones y clínicas de belleza y peluquerías,belleza_barberia,0 a 5 personas,25.66134783,-100.29946742,1491.0,1-2 km
10782895,BARRBER SOOP CACHE,Salones y clínicas de belleza y peluquerías,belleza_barberia,0 a 5 personas,25.65415601,-100.27820679,1173.0,1-2 km
7915292,BEAUTY FOOT,Salones y clínicas de belleza y peluquerías,belleza_barberia,6 a 10 personas,25.64196581,-100.28617947,1101.0,1-2 km
8970706,BEAUTY LASH,Salones y clínicas de belleza y peluquerías,belleza_barberia,0 a 5 personas,25.65171125,-100.27450645,1503.0,1-2 km
8735021,BEAUTY LASH ADMINISTRATIVO,Salones y clínicas de belleza y peluquerías,belleza_barberia,0 a 5 personas,25.6527526,-100.27596474,1365.0,1-2 km
10098141,BEAUTY NAIL,Salones y clínicas de belleza y peluquerías,belleza_barberia,6 a 10 personas,25.65224896,-100.28087209,870.0,500 m-1 km
8441088,BEAUTY QUEEN,Salones y clínicas de belleza y peluquerías,belleza_barberia,0 a 5 personas,25.66225183,-100.29551149,1349.0,1-2 km
11321134,BEJIN NAILS,Salones y clínicas de belleza y peluquerías,belleza_barberia,0 a 5 personas,25.65628441,-100.30027167,1209.0,1-2 km
11138959,BELLA CUDADO PERSONAL,Salones y clínicas de belleza y peluquerías,belleza_barberia,0 a 5 personas,25.66662315,-100.27825027,2034.0,> 2 km
8441031,BETO BALATAS,Otras reparaciones mecánicas de automóviles y camiones,otro,6 a 10 personas,25.66640129,-100.29718283,1837.0,1-2 km
10600661,BIKETOOLS GARAGE,Reparación y mantenimiento de bicicletas,otro,0 a 5 personas,25.6556985,-100.30392314,1523.0,1-2 km
11685392,BLACK RAVEN BARBER CLUB,Salones y clínicas de belleza y peluquerías,belleza_barberia,0 a 5 personas,25.64102011,-100.2805936,1459.0,1-2 km
8734554,BLANCOS SERVICIO AUTOMOTRIZ,Instalación de cristales y otras reparaciones a la carrocería de automóviles y camiones,otro,0 a 5 personas,25.63423299,-100.29876799,2123.0,> 2 km
8441444,BLOWER AUTOMOTRIZ,Reparación mecánica en general de automóviles y camiones,otro,0 a 5 personas,25.66773828,-100.28512474,1869.0,1-2 km
2994406,BLUE WASH,Lavado y lubricado de automóviles y camiones,otro,6 a 10 personas,25.6562369,-100.29929718,1120.0,1-2 km
3034220,BLUE WASH AUTOLAVADO Y SERVICIOS,Lavado y lubricado de automóviles y camiones,otro,6 a 10 personas,25.66550739,-100.29749358,1761.0,1-2 km
6503806,BODEGA DE VEHICULOS,Estacionamientos y pensiones para vehículos automotores,otro,0 a 5 personas,25.65348921,-100.27819947,1156.0,1-2 km
8734730,BODEGA DEL TALLER HG AUTOMOTRIZ,Reparación del sistema eléctrico de automóviles y camiones,otro,0 a 5 personas,25.65862023,-100.30658596,1891.0,1-2 km
8805636,BODEGA SIN NOMBRE,Reparación mecánica en general de automóviles y camiones,otro,0 a 5 personas,25.66181693,-100.28547021,1227.0,1-2 km
3034541,BODY LITE SPA,Salones y clínicas de belleza y peluquerías,belleza_barberia,6 a 10 personas,25.65638832,-100.29876158,1081.0,1-2 km
11036775,BOHEMIOS BARBERIA TRADICIONAL,Salones y clínicas de belleza y peluquerías,belleza_barberia,0 a 5 personas,25.66030763,-100.27805349,1516.0,1-2 km
8778871,BOHO SALON,Salones y clínicas de belleza y peluquerías,belleza_barberia,0 a 5 personas,25.6446497,-100.29536056,953.0,500 m-1 km
8297040,BOLERIA SIN NOMBRE,Sanitarios públicos y bolerías,otro,0 a 5 personas,25.66279767,-100.29819671,1538.0,1-2 km
3034329,BOMBAS NUEVO LEON,Reparación mecánica en general de automóviles y camiones,otro,0 a 5 personas,25.66067723,-100.30214938,1635.0,1-2 km
10101021,BONNIE BEAUTY,Salones y clínicas de belleza y peluquerías,belleza_barberia,0 a 5 personas,25.66019455,-100.2818989,1240.0,1-2 km
11767069,BORJAS TRASMISIONS,Reparación de transmisiones de automóviles y camiones,otro,0 a 5 personas,25.66510826,-100.29664014,1684.0,1-2 km
8735028,BRAHAM BARRBEROS,Salones y clínicas de belleza y peluquerías,belleza_barberia,0 a 5 personas,25.66028277,-100.29583386,1174.0,1-2 km
10454211,BRAIDS ESMERALDA,Salones y clínicas de belleza y peluquerías,belleza_barberia,0 a 5 personas,25.65887446,-100.26930698,2188.0,> 2 km
10324680,BRENDA GALVAN ESTILISTA,Salones y clínicas de belleza y peluquerías,belleza_barberia,0 a 5 personas,25.65266987,-100.27822677,1139.0,1-2 km
10141951,BRISA SPA,Salones y clínicas de belleza y peluquerías,belleza_barberia,0 a 5 personas,25.64646148,-100.27513025,1542.0,1-2 km
11179787,BS NIES,Salones y clínicas de belleza y peluquerías,belleza_barberia,0 a 5 personas,25.66133825,-100.28244432,1312.0,1-2 km
11474202,BUENOS AIRES,Reparación menor de llantas,otro,0 a 5 personas,25.66738162,-100.28629719,1806.0,1-2 km
11797730,CAMARA MEXICANA DE LA INDUSTRIA DE LA CONSTRUCCION ,"Asociaciones, organizaciones y cámaras de productores, comerciantes y prestadores de servicios",otro,11 a 30 personas,25.66225683,-100.30563015,2018.0,> 2 km
2918007,CAMARA MEXICANA DE LA INDUSTRIA DE LA CONSTRUCCION,"Asociaciones, organizaciones y cámaras de productores, comerciantes y prestadores de servicios",otro,6 a 10 personas,25.66186099,-100.30670752,2080.0,> 2 km
2995660,CAPILLA SAN ANTONIO CASA DE LA COMUNIDAD,Asociaciones y organizaciones religiosas,otro,0 a 5 personas,25.63514187,-100.28926553,1808.0,1-2 km
3038630,CAPILLA SANTA CRUZ,Asociaciones y organizaciones religiosas,otro,0 a 5 personas,25.67068425,-100.28701991,2159.0,> 2 km
10842469,CAR WAS,Lavado y lubricado de automóviles y camiones,otro,0 a 5 personas,25.65798395,-100.28152799,1084.0,1-2 km
2995240,CAR WASH EL TIBURONCIN,Lavado y lubricado de automóviles y camiones,otro,6 a 10 personas,25.64223462,-100.29104136,1031.0,1-2 km
11670747,CAR WASH EL TIBURONCITO 2,Lavado y lubricado de automóviles y camiones,otro,0 a 5 personas,25.63641107,-100.28906398,1667.0,1-2 km
2994477,CAR WASH PETER,Lavado y lubricado de automóviles y camiones,otro,0 a 5 personas,25.65175196,-100.27655857,1298.0,1-2 km
10959941,CARPINTERIA,Reparación de tapicería de muebles para el hogar,otro,0 a 5 personas,25.64658645,-100.28817182,552.0,500 m-1 km
3040127,CARPINTERIA ARTE,Reparación de tapicería de muebles para el hogar,otro,0 a 5 personas,25.65626361,-100.2896438,541.0,500 m-1 km
10282787,CASA BARRIO,Asociaciones y organizaciones civiles,otro,0 a 5 personas,25.64047811,-100.29948106,1574.0,1-2 km
10320614,CASA DE APOYO A MI COMUNIDAD,Asociaciones y organizaciones civiles,otro,0 a 5 personas,25.64145934,-100.30018783,1539.0,1-2 km
8411514,CASA LUBA CLINICA SPA,Salones y clínicas de belleza y peluquerías,belleza_barberia,0 a 5 personas,25.65316232,-100.30044903,1115.0,1-2 km
10099568,CC MOTORS,Reparación mecánica en general de automóviles y camiones,otro,0 a 5 personas,25.662863,-100.29803496,1535.0,1-2 km
2993900,CDR MARTINEZ ABARCA,Hojalatería y pintura de automóviles y camiones,otro,31 a 50 personas,25.66984713,-100.28430394,2116.0,> 2 km
2929609,CENTRAL DE MUELLES Y SUSPENSIONES,Reparación de suspensiones de automóviles y camiones,otro,6 a 10 personas,25.66963685,-100.28426584,2095.0,> 2 km
3034539,CENTRO COMUNITARIO LIBRERIA EL ROSARIO,Asociaciones y organizaciones religiosas,otro,0 a 5 personas,25.65622178,-100.29784166,993.0,500 m-1 km
3045053,CENTRO DE SERVICIO AUTOMOTRIZ CHUY,Reparación mecánica en general de automóviles y camiones,otro,6 a 10 personas,25.63637391,-100.28944634,1671.0,1-2 km
8805978,CENTRO DE SERVICIO MULTIMARCAS MEGA POLIS,Reparación y mantenimiento de otro equipo electrónico y de equipo de precisión,otro,0 a 5 personas,25.64045859,-100.28357892,1354.0,1-2 km
9705692,CENTRO HOLISTICO VITALCLINIK,Salones y clínicas de belleza y peluquerías,belleza_barberia,0 a 5 personas,25.66640631,-100.30342593,2175.0,> 2 km
2993802,CENTRO PASTORAL SANTA CRUZ,Asociaciones y organizaciones religiosas,otro,0 a 5 personas,25.66851506,-100.28824375,1907.0,1-2 km
10863857,CERRAJERIA,Cerrajerías,otro,0 a 5 personas,25.65993214,-100.27528469,1712.0,1-2 km
11758611,CERRAJERIA,Cerrajerías,otro,0 a 5 personas,25.65983917,-100.27511225,1721.0,1-2 km
3038952,CERRAJERIA BUENOS AIRES,Cerrajerías,otro,0 a 5 personas,25.66224621,-100.28653487,1242.0,1-2 km
3038877,CERRAJERIA LA SILLA,Cerrajerías,otro,0 a 5 personas,25.66424936,-100.29401545,1499.0,1-2 km
3034653,CERRAJERIA LAMA,Cerrajerías,otro,0 a 5 personas,25.6545985,-100.30548591,1641.0,1-2 km
3034454,CERRAJERIA PILO,Cerrajerías,otro,0 a 5 personas,25.65707845,-100.30503974,1681.0,1-2 km
3038627,CERRAJERIA PLYCON,Cerrajerías,otro,0 a 5 personas,25.66751667,-100.2845128,1860.0,1-2 km
8297136,CERRAJERIA PUENTE,Cerrajerías,otro,0 a 5 personas,25.65179759,-100.30830794,1886.0,1-2 km
2993852,CERRAJERIA SANTOS,Cerrajerías,otro,0 a 5 personas,25.66662315,-100.27825027,2034.0,> 2 km
3040220,CERRAJERIA TEC,Cerrajerías,otro,0 a 5 personas,25.6528271,-100.28356521,616.0,500 m-1 km
3039671,CERRAJERIA TECNOLOGICO,Cerrajerías,otro,0 a 5 personas,25.64349481,-100.29908108,1302.0,1-2 km
10436411,CHACHO SALON PELUQUERIA,Salones y clínicas de belleza y peluquerías,belleza_barberia,0 a 5 personas,25.63279854,-100.29644692,2182.0,> 2 km
8734616,CHADEL HAIR SALON,Salones y clínicas de belleza y peluquerías,belleza_barberia,0 a 5 personas,25.65342621,-100.29383828,490.0,0-500 m
10322950,CHAMPIONS BARBER,Salones y clínicas de belleza y peluquerías,belleza_barberia,0 a 5 personas,25.6510783,-100.29241075,294.0,0-500 m
10250875,CHAMPIONS BARBER SHOP,Salones y clínicas de belleza y peluquerías,belleza_barberia,0 a 5 personas,25.65316694,-100.30757916,1823.0,1-2 km
2995222,CHAPI S SERVICE,Reparación mecánica en general de automóviles y camiones,otro,0 a 5 personas,25.63449131,-100.28395748,1961.0,1-2 km
3038569,CHARLES,Reparación mecánica en general de automóviles y camiones,otro,0 a 5 personas,25.66930133,-100.28685369,2008.0,> 2 km
10533884,CHEMDRY ULTRA,Lavado y lubricado de automóviles y camiones,otro,0 a 5 personas,25.63523347,-100.28488374,1856.0,1-2 km
8648726,CHERRY LOOK,Salones y clínicas de belleza y peluquerías,belleza_barberia,0 a 5 personas,25.64010582,-100.27218293,2143.0,> 2 km
8524011,CHESTER POWER,Reparación del sistema eléctrico de automóviles y camiones,otro,0 a 5 personas,25.65859654,-100.30272343,1548.0,1-2 km
10382573,CHUWIES BARBER SHOP,Salones y clínicas de belleza y peluquerías,belleza_barberia,0 a 5 personas,25.64002557,-100.27286059,2093.0,> 2 km
8297019,CHUY TRANSMICIONES,Reparación de transmisiones de automóviles y camiones,otro,0 a 5 personas,25.63331941,-100.28615661,2038.0,> 2 km
7988632,CHUYS BARBER SHOP,Salones y clínicas de belleza y peluquerías,belleza_barberia,6 a 10 personas,25.63619594,-100.28257993,1827.0,1-2 km
11022756,CLEAN CATE,Salones y clínicas de belleza y peluquerías,belleza_barberia,0 a 5 personas,25.64760892,-100.29022291,428.0,0-500 m
3039542,CLIMAS E INSTALACIONES,Reparación y mantenimiento de aparatos eléctricos para el hogar y personales,otro,11 a 30 personas,25.64692818,-100.2972417,922.0,500 m-1 km
3038869,CLINICA DE BELLEZA ELISE,Salones y clínicas de belleza y peluquerías,belleza_barberia,0 a 5 personas,25.6647977,-100.28977843,1490.0,1-2 km
9189494,CLUB SOCIAL AUTOMOTRIZ,Reparación de transmisiones de automóviles y camiones,otro,0 a 5 personas,25.65995506,-100.30186654,1562.0,1-2 km
9932381,CLUB YAUTOMOTRIZ RR,Reparación mecánica en general de automóviles y camiones,otro,0 a 5 personas,25.65570939,-100.30398464,1529.0,1-2 km
8779035,COCO A GOGO,Salones y clínicas de belleza y peluquerías,belleza_barberia,6 a 10 personas,25.66050197,-100.3002088,1475.0,1-2 km
8297580,COCOMAN CELULARES,Reparación y mantenimiento de otro equipo electrónico y de equipo de precisión,otro,0 a 5 personas,25.642978,-100.30278273,1628.0,1-2 km
10882348,COFFE NAILS,Salones y clínicas de belleza y peluquerías,belleza_barberia,0 a 5 personas,25.64085292,-100.28096153,1452.0,1-2 km
9568217,COLOR TERCIOPELO UNAS,Salones y clínicas de belleza y peluquerías,belleza_barberia,0 a 5 personas,25.64348112,-100.27588485,1624.0,1-2 km
9014252,COMET TATOO STUDIO,Salones y clínicas de belleza y peluquerías,belleza_barberia,0 a 5 personas,25.64188952,-100.27927822,1472.0,1-2 km
8411174,COMPOSTURA DE ROPA,Reparación y mantenimiento de otros artículos para el hogar y personales,otro,0 a 5 personas,25.63518088,-100.28294937,1919.0,1-2 km
6215826,COMPRESORES Y EQUIPOS,Reparación y mantenimiento de maquinaria y equipo industrial,otro,0 a 5 personas,25.66764774,-100.29411071,1865.0,1-2 km
2990962,COMPUSAM,Reparación y mantenimiento de otro equipo electrónico y de equipo de precisión,otro,0 a 5 personas,25.65746487,-100.3032203,1532.0,1-2 km
2995293,COMUNIDED BAUTISTA JIREH,Asociaciones y organizaciones religiosas,otro,0 a 5 personas,25.64051668,-100.29384652,1286.0,1-2 km
8649420,CON CLIMA,Reparación y mantenimiento de aparatos eléctricos para el hogar y personales,otro,11 a 30 personas,25.65573686,-100.27692749,1349.0,1-2 km
10841053,CONFECCIONES,Reparación y mantenimiento de otros artículos para el hogar y personales,otro,0 a 5 personas,25.65579551,-100.29953857,1119.0,1-2 km
12308146,CONFIABILIDADMX,Reparación y mantenimiento de maquinaria y equipo industrial,otro,11 a 30 personas,25.66071544,-100.30409144,1792.0,1-2 km
10220934,CONSEJO NUEVO LEON PARA LA PLANACION ESTRATEJICA,Asociaciones y organizaciones civiles,otro,11 a 30 personas,25.65536864,-100.29744361,910.0,500 m-1 km
10416900,CONSIGNACIONES EASY,Reparación mecánica en general de automóviles y camiones,otro,0 a 5 personas,25.66106255,-100.30253386,1691.0,1-2 km
3038851,CONTROL DINAMICO DE VIBRACIONES,Reparación y mantenimiento de maquinaria y equipo industrial,otro,0 a 5 personas,25.66552988,-100.28528161,1627.0,1-2 km
3039693,CORTINA UNIVERSALES DE HIERRO Y ACERO HERZA SA,Reparación y mantenimiento de maquinaria y equipo industrial,otro,6 a 10 personas,25.6477402,-100.30634569,1737.0,1-2 km
8524412,COYOTE BARBERIA,Salones y clínicas de belleza y peluquerías,belleza_barberia,0 a 5 personas,25.64285105,-100.27710642,1564.0,1-2 km
11016667,CREATIVIDAD Y DISEÑO GUERRERO,Reparación y mantenimiento de maquinaria y equipo industrial,otro,0 a 5 personas,25.65404643,-100.30559366,1640.0,1-2 km
9082253,CRISP N CLEAN LAUNDRY,Lavanderías y tintorerías,lavanderia,0 a 5 personas,25.65289302,-100.28384473,591.0,500 m-1 km
3039599,CRISPIN CLEAN,Lavanderías y tintorerías,lavanderia,0 a 5 personas,25.64769854,-100.29145898,456.0,0-500 m
7873257,CRISTIAN SALON,Salones y clínicas de belleza y peluquerías,belleza_barberia,0 a 5 personas,25.64911915,-100.29652967,749.0,500 m-1 km
10585131,CROMATICA,Salones y clínicas de belleza y peluquerías,belleza_barberia,0 a 5 personas,25.65019496,-100.29395031,466.0,0-500 m
8812677,CRONOS MONTERREY,Reparación y mantenimiento de equipo electrónico de uso doméstico,otro,11 a 30 personas,25.66072586,-100.2982824,1360.0,1-2 km
8441722,CRUBER CAR CENTER,Reparación mecánica en general de automóviles y camiones,otro,0 a 5 personas,25.65450533,-100.27651029,1347.0,1-2 km
3034313,CRUZ POSADA MECANICA AUTOMOTRIZ,Reparación mecánica en general de automóviles y camiones,otro,0 a 5 personas,25.6615779,-100.30545897,1959.0,1-2 km
3040262,CUERPO BELLO MEDIC SPA,Salones y clínicas de belleza y peluquerías,belleza_barberia,0 a 5 personas,25.65260547,-100.27851668,1109.0,1-2 km
2994414,D ANNA ESTILISTAS,Salones y clínicas de belleza y peluquerías,belleza_barberia,0 a 5 personas,25.6554084,-100.29250873,538.0,500 m-1 km
8812913,D BLANK,Salones y clínicas de belleza y peluquerías,belleza_barberia,0 a 5 personas,25.65173614,-100.284263,526.0,500 m-1 km
9690424,D CHAVEZ,Salones y clínicas de belleza y peluquerías,belleza_barberia,0 a 5 personas,25.64378715,-100.2873907,873.0,500 m-1 km
11838266,D NAILS,Salones y clínicas de belleza y peluquerías,belleza_barberia,0 a 5 personas,25.66012012,-100.27656421,1619.0,1-2 km
10248354,D. UÑAS LASHER BEAUTY,Salones y clínicas de belleza y peluquerías,belleza_barberia,0 a 5 personas,25.64196581,-100.28617947,1101.0,1-2 km
8297645,DAKO SERVICE,Reparación mecánica en general de automóviles y camiones,otro,0 a 5 personas,25.6362988,-100.29392372,1737.0,1-2 km
3040296,DANIEL RIVERA PELUQUERIA- C,Salones y clínicas de belleza y peluquerías,belleza_barberia,0 a 5 personas,25.64800568,-100.27442911,1557.0,1-2 km
10886256,DANIEL RIVERO PELUQUERIA,Salones y clínicas de belleza y peluquerías,belleza_barberia,0 a 5 personas,25.64917652,-100.2739016,1583.0,1-2 km
2993860,DAVID GALRZA SALON,Salones y clínicas de belleza y peluquerías,belleza_barberia,0 a 5 personas,25.66640486,-100.27700146,2086.0,> 2 km
10890549,DAVILAS BARBER SHOP,Salones y clínicas de belleza y peluquerías,belleza_barberia,0 a 5 personas,25.66693898,-100.29172838,1742.0,1-2 km
9949867,DE LEON,Reparación mecánica en general de automóviles y camiones,otro,0 a 5 personas,25.66733089,-100.28642908,1798.0,1-2 km
11374881,DEPILACION CLINIC DEPILACION LASER,Salones y clínicas de belleza y peluquerías,belleza_barberia,0 a 5 personas,25.64002557,-100.27286059,2093.0,> 2 km
6447145,DEPROX MEXICO,Hojalatería y pintura de automóviles y camiones,otro,0 a 5 personas,25.6417765,-100.27789993,1580.0,1-2 km
9753837,DES ARTISTS,Salones y clínicas de belleza y peluquerías,belleza_barberia,0 a 5 personas,25.65027216,-100.29270797,345.0,0-500 m
11483034,DETAL CORE CORE,Lavado y lubricado de automóviles y camiones,otro,6 a 10 personas,25.66604523,-100.27601376,2116.0,> 2 km
8734916,DINASTY SALON,Salones y clínicas de belleza y peluquerías,belleza_barberia,0 a 5 personas,25.64143014,-100.28025595,1445.0,1-2 km
9014256,DIOS DE PACTOS MONTERREY,Asociaciones y organizaciones religiosas,otro,0 a 5 personas,25.66442517,-100.2836378,1563.0,1-2 km
6795256,DIVINOS ARCANGELES CAPILLA SAGRADA FAMILIA,Servicios funerarios,otro,11 a 30 personas,25.66601144,-100.27479231,2194.0,> 2 km
11101118,DOCEDIEZ MANTENIMIENTO AUTOMOTRIZ,Reparación mecánica en general de automóviles y camiones,otro,0 a 5 personas,25.65780866,-100.30553726,1758.0,1-2 km
9014305,DOCTOR MANZANA,Reparación y mantenimiento de otro equipo electrónico y de equipo de precisión,otro,0 a 5 personas,25.64348112,-100.27588485,1624.0,1-2 km
9744562,DOCTOR PEYOTE,Reparación mecánica en general de automóviles y camiones,otro,0 a 5 personas,25.66130712,-100.30385098,1812.0,1-2 km
8441024,DROYOR AUTOMOTRIZ,Reparación mecánica en general de automóviles y camiones,otro,0 a 5 personas,25.6668259,-100.29350096,1762.0,1-2 km
10916598,DUCTOS Y CLIMAS,Reparación y mantenimiento de aparatos eléctricos para el hogar y personales,otro,0 a 5 personas,25.64319779,-100.30060706,1439.0,1-2 km
10833076,EASY CLEAN,Lavanderías y tintorerías,lavanderia,0 a 5 personas,25.66134783,-100.29946742,1491.0,1-2 km
10251643,EL OJO MULTISERVICIOS,Reparación y mantenimiento de otro equipo electrónico y de equipo de precisión,otro,0 a 5 personas,25.65590317,-100.30532047,1663.0,1-2 km
10406069,ELAB MEXICO,Reparación y mantenimiento de otro equipo electrónico y de equipo de precisión,otro,11 a 30 personas,25.64135615,-100.27358027,1948.0,1-2 km
9744749,ELBENADO REARACION DE ELEVADORES Y VIDRIOS ELECTRICOS DE CARROS,Instalación de cristales y otras reparaciones a la carrocería de automóviles y camiones,otro,0 a 5 personas,25.65224254,-100.28014278,943.0,500 m-1 km
10122132,ELECTRICA CORONADO,Reparación mecánica en general de automóviles y camiones,otro,0 a 5 personas,25.65415601,-100.27820679,1173.0,1-2 km
3038948,ELECTROMECANICA DE EQUIPO MOVIL,"Reparación y mantenimiento de maquinaria y equipo para mover, levantar y acomodar materiales",otro,0 a 5 personas,25.66222245,-100.28602477,1253.0,1-2 km
11842537,ELECTROMECANICA DIAZ,Reparación y mantenimiento de maquinaria y equipo industrial,otro,11 a 30 personas,25.65635795,-100.30764876,1901.0,1-2 km
3034308,ELECTRONICA GARCIA,Reparación y mantenimiento de equipo electrónico de uso doméstico,otro,0 a 5 personas,25.66189222,-100.30383277,1851.0,1-2 km
8411077,ELECTRONICA LA SILLA,Reparación y mantenimiento de equipo electrónico de uso doméstico,otro,6 a 10 personas,25.65715167,-100.30502362,1682.0,1-2 km
2995337,ELECTRONICA ORTEGA,Reparación y mantenimiento de equipo electrónico de uso doméstico,otro,0 a 5 personas,25.6432533,-100.30019524,1404.0,1-2 km
6373234,ELECTRONICA TAPIA,Reparación y mantenimiento de equipo electrónico de uso doméstico,otro,0 a 5 personas,25.67009393,-100.28870419,2080.0,> 2 km
3045054,ELIZABETH LASH ART,Salones y clínicas de belleza y peluquerías,belleza_barberia,0 a 5 personas,25.6364867,-100.28915084,1659.0,1-2 km
11442980,ELIZONDO MOFLES,Reparación mecánica en general de automóviles y camiones,otro,0 a 5 personas,25.66131821,-100.30391058,1817.0,1-2 km
8970866,ELLOOS SERVICIOS COMERCIALES,Reparación y mantenimiento de maquinaria y equipo industrial,otro,6 a 10 personas,25.66607561,-100.27562411,2144.0,> 2 km
6699457,EMBRAGUES Y FRENOS ISMAEL,Reparación mecánica en general de automóviles y camiones,otro,0 a 5 personas,25.65717098,-100.29619817,929.0,500 m-1 km
9969376,ENDEREZADO Y PINTURA,Hojalatería y pintura de automóviles y camiones,otro,0 a 5 personas,25.67072043,-100.2874921,2158.0,> 2 km
8524002,ENDEREZADO Y PINTURA,Hojalatería y pintura de automóviles y camiones,otro,0 a 5 personas,25.66232669,-100.30044391,1637.0,1-2 km
8805598,ENDEREZADO Y PINTURA DEL NORTE,Hojalatería y pintura de automóviles y camiones,otro,11 a 30 personas,25.65939774,-100.27859562,1409.0,1-2 km
10597564,ENIGMA BEAUTY SALON UNISEX,Salones y clínicas de belleza y peluquerías,belleza_barberia,0 a 5 personas,25.64295316,-100.27583186,1661.0,1-2 km
11010731,ENTHEOS CLINIC CARE BEAUTY,Salones y clínicas de belleza y peluquerías,belleza_barberia,0 a 5 personas,25.66134783,-100.29946742,1491.0,1-2 km
6217221,EQUIPOS CONTRA INCENDIO DE MONTERREY,Reparación y mantenimiento de maquinaria y equipo industrial,otro,11 a 30 personas,25.65569334,-100.30524095,1648.0,1-2 km
10159465,ESTACIONAMIENTO,Estacionamientos y pensiones para vehículos automotores,otro,0 a 5 personas,25.64903817,-100.28797696,304.0,0-500 m
3040102,ESTACIONAMIENTO,Estacionamientos y pensiones para vehículos automotores,otro,0 a 5 personas,25.64824701,-100.28910687,353.0,0-500 m
11248488,ESTACIONAMIENTO,Estacionamientos y pensiones para vehículos automotores,otro,0 a 5 personas,25.66760062,-100.2812545,1982.0,1-2 km
3040211,ESTACIONAMIENTO AMSI,Estacionamientos y pensiones para vehículos automotores,otro,0 a 5 personas,25.64799615,-100.2875957,424.0,0-500 m
3040200,ESTACIONAMIENTO AUTO SPA,Estacionamientos y pensiones para vehículos automotores,otro,0 a 5 personas,25.64772383,-100.28763005,450.0,0-500 m
11404821,ESTACIONAMIENTO BOGOTA,Estacionamientos y pensiones para vehículos automotores,otro,0 a 5 personas,25.64902189,-100.28692795,369.0,0-500 m
8297406,ESTACIONAMIENTO CMIC,"Asociaciones, organizaciones y cámaras de productores, comerciantes y prestadores de servicios",otro,0 a 5 personas,25.66155332,-100.30591007,1995.0,1-2 km
2990842,ESTACIONAMIENTO HEMITCSA,Estacionamientos y pensiones para vehículos automotores,otro,0 a 5 personas,25.66039978,-100.30902736,2198.0,> 2 km
10247828,ESTACIONAMIENTO PARROQUIA SAN JUAN BOSCO,Asociaciones y organizaciones religiosas,otro,0 a 5 personas,25.64865889,-100.28656801,423.0,0-500 m
3034387,ESTETCICA BRENDA RUIIZ,Salones y clínicas de belleza y peluquerías,belleza_barberia,0 a 5 personas,25.65825987,-100.30180546,1450.0,1-2 km
9036779,ESTETICA,Salones y clínicas de belleza y peluquerías,belleza_barberia,0 a 5 personas,25.64341324,-100.30186975,1525.0,1-2 km
8779092,ESTETICA,Salones y clínicas de belleza y peluquerías,belleza_barberia,0 a 5 personas,25.65216734,-100.31070498,2127.0,> 2 km
10014035,ESTETICA,Salones y clínicas de belleza y peluquerías,belleza_barberia,0 a 5 personas,25.63770197,-100.28702911,1543.0,1-2 km
8649474,ESTETICA,Salones y clínicas de belleza y peluquerías,belleza_barberia,0 a 5 personas,25.66562262,-100.27853323,1926.0,1-2 km
9487920,ESTETICA,Salones y clínicas de belleza y peluquerías,belleza_barberia,0 a 5 personas,25.66097759,-100.28491077,1160.0,1-2 km
10044021,ESTETICA,Salones y clínicas de belleza y peluquerías,belleza_barberia,0 a 5 personas,25.65861791,-100.28755079,826.0,500 m-1 km
3034342,ESTETICA,Salones y clínicas de belleza y peluquerías,belleza_barberia,0 a 5 personas,25.65980334,-100.29946986,1368.0,1-2 km
3034366,ESTETICA,Salones y clínicas de belleza y peluquerías,belleza_barberia,0 a 5 personas,25.65939931,-100.30143354,1491.0,1-2 km
2994340,ESTETICA A &V,Salones y clínicas de belleza y peluquerías,belleza_barberia,0 a 5 personas,25.65628844,-100.30173436,1341.0,1-2 km
8970484,ESTETICA ACRILU,Salones y clínicas de belleza y peluquerías,belleza_barberia,0 a 5 personas,25.65257477,-100.28338664,627.0,500 m-1 km
3045087,ESTETICA ADIANA SEGUNDO,Salones y clínicas de belleza y peluquerías,belleza_barberia,0 a 5 personas,25.63547857,-100.28883197,1772.0,1-2 km
11236785,ESTETICA ALEJANDRO SALAZAR,Salones y clínicas de belleza y peluquerías,belleza_barberia,0 a 5 personas,25.65199656,-100.30217081,1272.0,1-2 km
8297518,ESTETICA ALFA BEAUTY SALON,Salones y clínicas de belleza y peluquerías,belleza_barberia,0 a 5 personas,25.63583561,-100.28279417,1857.0,1-2 km
7873253,ESTETICA ANGIE,Salones y clínicas de belleza y peluquerías,belleza_barberia,0 a 5 personas,25.64808121,-100.29566864,720.0,500 m-1 km
3039621,ESTETICA BEAUTY HAIR JAHAIRA,Salones y clínicas de belleza y peluquerías,belleza_barberia,0 a 5 personas,25.63745259,-100.28822369,1556.0,1-2 km
10450648,ESTETICA BEAUTY HAIR SALON,Salones y clínicas de belleza y peluquerías,belleza_barberia,0 a 5 personas,25.66517507,-100.29197347,1552.0,1-2 km
8297462,ESTETICA BEAUTY SALON,Salones y clínicas de belleza y peluquerías,belleza_barberia,0 a 5 personas,25.63463607,-100.28372709,1952.0,1-2 km
3039649,ESTETICA BELLEZA,Salones y clínicas de belleza y peluquerías,belleza_barberia,0 a 5 personas,25.64571863,-100.29307453,726.0,500 m-1 km
8411180,ESTETICA BEUATY QUEEN,Salones y clínicas de belleza y peluquerías,belleza_barberia,0 a 5 personas,25.63415174,-100.28724183,1931.0,1-2 km
3040085,ESTETICA BOGE,Salones y clínicas de belleza y peluquerías,belleza_barberia,0 a 5 personas,25.66096318,-100.29584654,1239.0,1-2 km
2994123,ESTETICA BRUHECKA,Salones y clínicas de belleza y peluquerías,belleza_barberia,0 a 5 personas,25.66239194,-100.2725689,2091.0,> 2 km
3040539,ESTETICA D ANGELES,Salones y clínicas de belleza y peluquerías,belleza_barberia,0 a 5 personas,25.63860442,-100.27590096,1970.0,1-2 km
8279690,ESTETICA D CLAUDIA,Salones y clínicas de belleza y peluquerías,belleza_barberia,0 a 5 personas,25.65733229,-100.28884228,663.0,500 m-1 km
3034654,ESTETICA D INES,Salones y clínicas de belleza y peluquerías,belleza_barberia,0 a 5 personas,25.65451647,-100.30550345,1641.0,1-2 km
2990919,ESTETICA DANNA,Salones y clínicas de belleza y peluquerías,belleza_barberia,0 a 5 personas,25.6535504,-100.30631407,1702.0,1-2 km
11657268,ESTETICA DE CHELY,Salones y clínicas de belleza y peluquerías,belleza_barberia,0 a 5 personas,25.65794661,-100.30988172,2169.0,> 2 km
8844363,ESTETICA DE LAURA,Salones y clínicas de belleza y peluquerías,belleza_barberia,0 a 5 personas,25.66295261,-100.29192953,1307.0,1-2 km
2991030,ESTETICA DE MYRIAM,Salones y clínicas de belleza y peluquerías,belleza_barberia,0 a 5 personas,25.65136889,-100.3063172,1686.0,1-2 km
3040017,ESTETICA DE ROCIO,Salones y clínicas de belleza y peluquerías,belleza_barberia,0 a 5 personas,25.64041766,-100.30341351,1854.0,1-2 km
3045034,ESTETICA DE ROUSS,Salones y clínicas de belleza y peluquerías,belleza_barberia,0 a 5 personas,25.63854849,-100.28447835,1515.0,1-2 km
9867356,ESTETICA DEMAGY,Salones y clínicas de belleza y peluquerías,belleza_barberia,0 a 5 personas,25.64829433,-100.27516056,1478.0,1-2 km
6446452,ESTETICA EGOS,Salones y clínicas de belleza y peluquerías,belleza_barberia,0 a 5 personas,25.63472503,-100.28165774,2014.0,> 2 km
2994309,ESTETICA ELEGANZA,Salones y clínicas de belleza y peluquerías,belleza_barberia,0 a 5 personas,25.64873594,-100.27298613,1682.0,1-2 km
2994085,ESTETICA GABU,Salones y clínicas de belleza y peluquerías,belleza_barberia,0 a 5 personas,25.66665504,-100.28030151,1931.0,1-2 km
3039655,ESTETICA ILUSION,Salones y clínicas de belleza y peluquerías,belleza_barberia,0 a 5 personas,25.64347266,-100.29987004,1363.0,1-2 km
2994954,ESTETICA JR MAKEUP AND HAIR SALON,Salones y clínicas de belleza y peluquerías,belleza_barberia,0 a 5 personas,25.64156914,-100.2812654,1370.0,1-2 km
10636541,ESTETICA JUANY Y MAGDA,Salones y clínicas de belleza y peluquerías,belleza_barberia,0 a 5 personas,25.65827659,-100.27281257,1839.0,1-2 km
2994486,ESTETICA KORY GRACIAN,Salones y clínicas de belleza y peluquerías,belleza_barberia,0 a 5 personas,25.6491811,-100.28406815,598.0,500 m-1 km
3039572,ESTETICA LA PARISIENNE,Salones y clínicas de belleza y peluquerías,belleza_barberia,0 a 5 personas,25.65132627,-100.29376485,428.0,0-500 m
3039565,ESTETICA LA ROGINEGRA,Salones y clínicas de belleza y peluquerías,belleza_barberia,0 a 5 personas,25.64739984,-100.29543465,743.0,500 m-1 km
3039598,ESTETICA LETTY,Salones y clínicas de belleza y peluquerías,belleza_barberia,0 a 5 personas,25.64736915,-100.29187531,508.0,500 m-1 km
3034527,ESTETICA LINDA,Salones y clínicas de belleza y peluquerías,belleza_barberia,0 a 5 personas,25.65579733,-100.29631691,840.0,500 m-1 km
8815941,ESTETICA LOALY,Salones y clínicas de belleza y peluquerías,belleza_barberia,0 a 5 personas,25.65033083,-100.29544526,608.0,500 m-1 km
2933451,ESTETICA LOLYS,Salones y clínicas de belleza y peluquerías,belleza_barberia,0 a 5 personas,25.65646731,-100.30208175,1381.0,1-2 km
11486419,ESTETICA LOTO,Salones y clínicas de belleza y peluquerías,belleza_barberia,0 a 5 personas,25.65759989,-100.30943437,2114.0,> 2 km
9651705,ESTETICA LULU,Salones y clínicas de belleza y peluquerías,belleza_barberia,0 a 5 personas,25.66167059,-100.28730321,1163.0,1-2 km
3039550,ESTETICA MARY,Salones y clínicas de belleza y peluquerías,belleza_barberia,0 a 5 personas,25.64467012,-100.29598533,991.0,500 m-1 km
3038849,ESTETICA MARY,Salones y clínicas de belleza y peluquerías,belleza_barberia,0 a 5 personas,25.66572139,-100.2853922,1645.0,1-2 km
9105308,ESTETICA MELY CANTU,Salones y clínicas de belleza y peluquerías,belleza_barberia,0 a 5 personas,25.65565483,-100.30922727,2033.0,> 2 km
3040069,ESTETICA PACO MORENO,Salones y clínicas de belleza y peluquerías,belleza_barberia,0 a 5 personas,25.65979163,-100.29041984,938.0,500 m-1 km
3034310,ESTETICA PETER,Salones y clínicas de belleza y peluquerías,belleza_barberia,0 a 5 personas,25.66154062,-100.3040373,1842.0,1-2 km
3040265,ESTETICA PRANHA NAIL BAR,Salones y clínicas de belleza y peluquerías,belleza_barberia,0 a 5 personas,25.6518514,-100.27663909,1290.0,1-2 km
8297647,ESTETICA ROSY,Salones y clínicas de belleza y peluquerías,belleza_barberia,0 a 5 personas,25.63648073,-100.30134104,2040.0,> 2 km
10723564,ESTETICA ROSY,Salones y clínicas de belleza y peluquerías,belleza_barberia,0 a 5 personas,25.65129937,-100.28024451,928.0,500 m-1 km
3045094,ESTETICA SALON PELUQUERIA MARGARITA,Salones y clínicas de belleza y peluquerías,belleza_barberia,0 a 5 personas,25.63470138,-100.28886025,1858.0,1-2 km
11637669,ESTETICA SIN NOMBRE,Salones y clínicas de belleza y peluquerías,belleza_barberia,0 a 5 personas,25.66056166,-100.28723541,1044.0,1-2 km
3042375,ESTETICA SONIA,Salones y clínicas de belleza y peluquerías,belleza_barberia,0 a 5 personas,25.64575163,-100.26910529,2139.0,> 2 km
8734557,ESTETICA STEFANY,Salones y clínicas de belleza y peluquerías,belleza_barberia,0 a 5 personas,25.63460421,-100.2877841,1876.0,1-2 km
6713727,ESTETICA SUSY ESTILISTAS,Salones y clínicas de belleza y peluquerías,belleza_barberia,6 a 10 personas,25.65327844,-100.27606633,1363.0,1-2 km
2995366,ESTETICA TERE,Salones y clínicas de belleza y peluquerías,belleza_barberia,0 a 5 personas,25.64318799,-100.30067697,1445.0,1-2 km
3042964,ESTETICA UNISEX,Salones y clínicas de belleza y peluquerías,belleza_barberia,6 a 10 personas,25.65635941,-100.27114607,1921.0,1-2 km
12316770,ESTETICA UNISEX ANITA,Salones y clínicas de belleza y peluquerías,belleza_barberia,0 a 5 personas,25.656493,-100.26855303,2175.0,> 2 km
11245174,ESTETICA UNISEX MARU,Salones y clínicas de belleza y peluquerías,belleza_barberia,0 a 5 personas,25.65427506,-100.30598392,1683.0,1-2 km
10366390,ESTETICA UNISEX MIRIAM,Salones y clínicas de belleza y peluquerías,belleza_barberia,0 a 5 personas,25.6370685,-100.30385469,2147.0,> 2 km
11762869,ESTETICA UNISEX SONIA,Salones y clínicas de belleza y peluquerías,belleza_barberia,0 a 5 personas,25.64583456,-100.2691046,2136.0,> 2 km
10057007,ESTETICA VICKY,Salones y clínicas de belleza y peluquerías,belleza_barberia,0 a 5 personas,25.65977949,-100.27500568,1726.0,1-2 km
3038968,ESTETICA VIVIANA,Salones y clínicas de belleza y peluquerías,belleza_barberia,0 a 5 personas,25.66020154,-100.28453064,1098.0,1-2 km
8297030,ESTETICA Y PELUQUERIA SHALOM,Salones y clínicas de belleza y peluquerías,belleza_barberia,0 a 5 personas,25.65048419,-100.30336372,1393.0,1-2 km
9219624,ESTETICA Y PINTURA AUTOMOTRIZ,Hojalatería y pintura de automóviles y camiones,otro,0 a 5 personas,25.66159581,-100.30556909,1970.0,1-2 km
8970536,ESTRUCTUTURE,Salones y clínicas de belleza y peluquerías,belleza_barberia,0 a 5 personas,25.64809136,-100.28485991,593.0,500 m-1 km
10429507,ESTUDIO 22,Salones y clínicas de belleza y peluquerías,belleza_barberia,0 a 5 personas,25.64732823,-100.30221261,1352.0,1-2 km
8735022,ESTUDIO Y DISEÑO SUIT,Salones y clínicas de belleza y peluquerías,belleza_barberia,0 a 5 personas,25.66354811,-100.29668596,1531.0,1-2 km
10192713,EURO SPA,Salones y clínicas de belleza y peluquerías,belleza_barberia,0 a 5 personas,25.65128703,-100.29381181,432.0,0-500 m
3034035,EXAMOTORS,Hojalatería y pintura de automóviles y camiones,otro,0 a 5 personas,25.66013273,-100.30811893,2104.0,> 2 km
10606823,EXTRA PLUS,Lavanderías y tintorerías,lavanderia,0 a 5 personas,25.64168425,-100.27854591,1540.0,1-2 km
9950782,FABRICACION DE REMOLQUES,Hojalatería y pintura de automóviles y camiones,otro,0 a 5 personas,25.66658648,-100.27859031,2012.0,> 2 km
11150519,FASHON TEC,Salones y clínicas de belleza y peluquerías,belleza_barberia,0 a 5 personas,25.65019496,-100.29395031,466.0,0-500 m
8844369,FIAL AUTOMOTRIZ,Reparación mecánica en general de automóviles y camiones,otro,0 a 5 personas,25.66047223,-100.29576688,1188.0,1-2 km
10759911,FINDE,Salones y clínicas de belleza y peluquerías,belleza_barberia,0 a 5 personas,25.65342621,-100.29383828,490.0,0-500 m
10877904,FLAW LESS BEAUTY ART,Salones y clínicas de belleza y peluquerías,belleza_barberia,0 a 5 personas,25.63619594,-100.28257993,1827.0,1-2 km
8778768,FLY FIRST LOVE YOURSELF,Salones y clínicas de belleza y peluquerías,belleza_barberia,0 a 5 personas,25.63856456,-100.29403113,1498.0,1-2 km
8441201,FORTE EQUIPO Y HERRAMIENTAS,Reparación y mantenimiento de maquinaria y equipo industrial,otro,0 a 5 personas,25.66558712,-100.27724248,2000.0,1-2 km
11063822,FORZA MOTORS,Reparación mecánica en general de automóviles y camiones,otro,0 a 5 personas,25.66324366,-100.29704779,1519.0,1-2 km
6217524,FOTO VIDA,Servicios de revelado e impresión de fotografías,fotocopiado_impresion,0 a 5 personas,25.6380984,-100.28419904,1572.0,1-2 km
10547047,FRANCOSALON,Salones y clínicas de belleza y peluquerías,belleza_barberia,0 a 5 personas,25.65257664,-100.30301185,1361.0,1-2 km
3039904,FRENOS ARTURO,Otras reparaciones mecánicas de automóviles y camiones,otro,0 a 5 personas,25.63969843,-100.30661468,2153.0,> 2 km
11203241,FRENOS Y CLUTCH CENTURY,Reparación mecánica en general de automóviles y camiones,otro,6 a 10 personas,25.66732526,-100.28775927,1779.0,1-2 km
3039611,FUNDACION PARA EL DESARROLLO FAMILIAR,Asociaciones y organizaciones civiles,otro,11 a 30 personas,25.64045166,-100.29410972,1302.0,1-2 km
10049698,FUNDACION TARAHUMARA JOSE A. LLAGUNO,Asociaciones y organizaciones civiles,otro,11 a 30 personas,25.65637998,-100.29757985,981.0,500 m-1 km
10369061,GA DE TAILIG,Hojalatería y pintura de automóviles y camiones,otro,0 a 5 personas,25.65900225,-100.28311385,1060.0,1-2 km
10838068,GABRYELA VAX,Salones y clínicas de belleza y peluquerías,belleza_barberia,0 a 5 personas,25.64058804,-100.29425988,1293.0,1-2 km
8441153,GELISHE UÑAS,Salones y clínicas de belleza y peluquerías,belleza_barberia,0 a 5 personas,25.66370696,-100.27986262,1675.0,1-2 km
11652583,GENESIS SPA,Salones y clínicas de belleza y peluquerías,belleza_barberia,0 a 5 personas,25.64168425,-100.27854591,1540.0,1-2 km
8649084,GI BEAUTY SALON,Salones y clínicas de belleza y peluquerías,belleza_barberia,0 a 5 personas,25.6668223,-100.28401425,1801.0,1-2 km
2994076,GI BEAUTY SALON UNISEX,Salones y clínicas de belleza y peluquerías,belleza_barberia,0 a 5 personas,25.6668223,-100.28401425,1801.0,1-2 km
3034263,GIZA SPA,Otros servicios personales,otro,11 a 30 personas,25.66270875,-100.30467417,1973.0,1-2 km
8779087,GLAMOROUS LASHES,Salones y clínicas de belleza y peluquerías,belleza_barberia,6 a 10 personas,25.654139,-100.29485629,617.0,500 m-1 km
8297702,GLAMOUR,Salones y clínicas de belleza y peluquerías,belleza_barberia,0 a 5 personas,25.64395037,-100.29783441,1176.0,1-2 km
11230958,GLAMOUR ESTETICA,Salones y clínicas de belleza y peluquerías,belleza_barberia,0 a 5 personas,25.65202249,-100.29995951,1051.0,1-2 km
2994293,GLESS SALON,Salones y clínicas de belleza y peluquerías,belleza_barberia,0 a 5 personas,25.63812001,-100.28421245,1569.0,1-2 km
10474252,GRABARTE,Servicios de revelado e impresión de fotografías,fotocopiado_impresion,0 a 5 personas,25.64955551,-100.287763,269.0,0-500 m
3040205,GRANIUM INC BARBER,Salones y clínicas de belleza y peluquerías,belleza_barberia,0 a 5 personas,25.65004793,-100.28711653,282.0,0-500 m
8703094,GREASE MONKEY,Reparación mecánica en general de automóviles y camiones,otro,11 a 30 personas,25.64045859,-100.28357892,1354.0,1-2 km
9288126,GREEN CLEAN TINTORERIA,Lavanderías y tintorerías,lavanderia,0 a 5 personas,25.64121146,-100.2735385,1960.0,1-2 km
6368303,GRUPO TEMVER,Lavado y lubricado de automóviles y camiones,otro,0 a 5 personas,25.66527114,-100.29748384,1738.0,1-2 km
10388128,H & B SPA CLINIC,Salones y clínicas de belleza y peluquerías,belleza_barberia,0 a 5 personas,25.6653389,-100.28439511,1632.0,1-2 km
3042204,H S AUTOMOTRIZ,Reparación mecánica en general de automóviles y camiones,otro,0 a 5 personas,25.63750052,-100.29547117,1657.0,1-2 km
10135528,HANDRA,Salones y clínicas de belleza y peluquerías,belleza_barberia,0 a 5 personas,25.64002557,-100.27286059,2093.0,> 2 km
9677161,HARMONY NAILS,Salones y clínicas de belleza y peluquerías,belleza_barberia,0 a 5 personas,25.6476389,-100.27500385,1512.0,1-2 km
10068894,HAVEN TU SALON DE BELLEZA,Salones y clínicas de belleza y peluquerías,belleza_barberia,0 a 5 personas,25.64002557,-100.27286059,2093.0,> 2 km
8440912,HELWERE,Salones y clínicas de belleza y peluquerías,belleza_barberia,11 a 30 personas,25.65322729,-100.29327543,430.0,0-500 m
3034460,HENRIO INDUSTRIES,Hojalatería y pintura de automóviles y camiones,otro,0 a 5 personas,25.65606258,-100.30536055,1672.0,1-2 km
8779089,HERIBERTO MTZ MTZ,Reparación y mantenimiento de equipo electrónico de uso doméstico,otro,0 a 5 personas,25.66370804,-100.30145699,1819.0,1-2 km
8778990,HERME AFILADOS,Reparación y mantenimiento de maquinaria y equipo industrial,otro,6 a 10 personas,25.65603256,-100.30130623,1291.0,1-2 km
10691841,HIGH ROYAL CUTS,Salones y clínicas de belleza y peluquerías,belleza_barberia,0 a 5 personas,25.65324947,-100.27618586,1350.0,1-2 km
11728730,HMD SERVICIO AUTOMOTRIZ,Reparación mecánica en general de automóviles y camiones,otro,0 a 5 personas,25.66284393,-100.27340626,2055.0,> 2 km
2994837,HOSPITAL DE MOTORES MONTERREY,Hojalatería y pintura de automóviles y camiones,otro,6 a 10 personas,25.64248303,-100.28355532,1157.0,1-2 km
9712492,I REPAIR,Reparación y mantenimiento de equipo electrónico de uso doméstico,otro,0 a 5 personas,25.6506326,-100.2931178,373.0,0-500 m
3039591,I.WASH,Lavado y lubricado de automóviles y camiones,otro,6 a 10 personas,25.64928678,-100.29130711,297.0,0-500 m
2994563,IAMISA,"Reparación y mantenimiento de maquinaria y equipo para mover, levantar y acomodar materiales",otro,31 a 50 personas,25.65126643,-100.27616544,1337.0,1-2 km
10817976,IGLESIA,Asociaciones y organizaciones religiosas,otro,0 a 5 personas,25.65683462,-100.3003163,1241.0,1-2 km
3034490,IGLESIA ADVENTISTA DEL SEPTIMO DIA,Asociaciones y organizaciones religiosas,otro,0 a 5 personas,25.65546043,-100.30045935,1188.0,1-2 km
3038887,IGLESIA ADVENTISTA DEL SEPTIMO DIA,Asociaciones y organizaciones religiosas,otro,0 a 5 personas,25.66414261,-100.29416702,1492.0,1-2 km
2994302,IGLESIA ADVENTISTA DEL SEPTIMO DIA,Asociaciones y organizaciones religiosas,otro,0 a 5 personas,25.6557205,-100.27691478,1350.0,1-2 km
8649037,IGLESIA ALJABA,Asociaciones y organizaciones religiosas,otro,0 a 5 personas,25.66916288,-100.28129094,2140.0,> 2 km
3045055,IGLESIA APOSTOLICA DE LA FE EN CRISTO JESUS,Asociaciones y organizaciones religiosas,otro,6 a 10 personas,25.63621669,-100.28956306,1688.0,1-2 km
3038547,IGLESIA BAUTISTA BEREA DE MONTERREY,Asociaciones y organizaciones religiosas,otro,0 a 5 personas,25.66635639,-100.2937913,1718.0,1-2 km
3034715,IGLESIA BAUTISTA DIOS ESTA AQUI,Asociaciones y organizaciones religiosas,otro,0 a 5 personas,25.64815444,-100.29743574,873.0,500 m-1 km
3034581,IGLESIA BAUTISTA EMMANUEL DE MONTERREY,Asociaciones y organizaciones religiosas,otro,0 a 5 personas,25.65639766,-100.3091749,2049.0,> 2 km
2995432,IGLESIA BAUTISTA FUNDAMENTAL INDEPENDIENTE EL BUEN PASTOR,Asociaciones y organizaciones religiosas,otro,0 a 5 personas,25.63652784,-100.30267479,2116.0,> 2 km
11060962,IGLESIA BAUTISTA OSAIA,Asociaciones y organizaciones religiosas,otro,0 a 5 personas,25.65047312,-100.30663379,1721.0,1-2 km
3040101,IGLESIA BAUTISTA PRINCIPE DE PAZ,Asociaciones y organizaciones religiosas,otro,0 a 5 personas,25.64769571,-100.28835036,428.0,0-500 m
11044691,IGLESIA BAUTISTA PRINCIPE DE PAZ,Asociaciones y organizaciones religiosas,otro,0 a 5 personas,25.64763953,-100.28841859,432.0,0-500 m
3040240,IGLESIA BUTISTA GILGAL,Asociaciones y organizaciones religiosas,otro,0 a 5 personas,25.65055732,-100.28212781,745.0,500 m-1 km
3039701,IGLESIA CASTILLO DEL REY,Asociaciones y organizaciones religiosas,otro,0 a 5 personas,25.64906138,-100.30681843,1755.0,1-2 km
3039728,IGLESIA CATOLICA SANTO DOMINGO DE GUZMAN,Asociaciones y organizaciones religiosas,otro,0 a 5 personas,25.64543638,-100.30799354,1969.0,1-2 km
2994035,IGLESIA CENTRO DE FE ESPERANZA Y AMOR,Asociaciones y organizaciones religiosas,otro,0 a 5 personas,25.66721335,-100.28616938,1790.0,1-2 km
2995294,IGLESIA CRISTIANA EL ALMENDRO,Asociaciones y organizaciones religiosas,otro,0 a 5 personas,25.63812001,-100.28421245,1569.0,1-2 km
3055005,IGLESIA CRISTIANA ELIM,Asociaciones y organizaciones religiosas,otro,0 a 5 personas,25.64170876,-100.30294261,1725.0,1-2 km
8297464,IGLESIA CRISTIANA FUENTE DE VIDA,Asociaciones y organizaciones religiosas,otro,0 a 5 personas,25.63460793,-100.28425413,1940.0,1-2 km
3040125,IGLESIA CRISTIANA PENIENEL,Asociaciones y organizaciones religiosas,otro,0 a 5 personas,25.65756747,-100.29124491,708.0,500 m-1 km
3038997,IGLESIA DE CRISTO,Asociaciones y organizaciones religiosas,otro,6 a 10 personas,25.66506592,-100.28138385,1724.0,1-2 km
3039001,IGLESIA DE CRISTO DEL SUR DE MOTERREY,Asociaciones y organizaciones religiosas,otro,0 a 5 personas,25.6625893,-100.28168658,1470.0,1-2 km
3034422,IGLESIA DE CRISTO NUEVO REPUEBLO,Asociaciones y organizaciones religiosas,otro,0 a 5 personas,25.65779198,-100.29962251,1239.0,1-2 km
8523952,IGLESIA DE DIOS NUESTRO HOGAR,Asociaciones y organizaciones religiosas,otro,0 a 5 personas,25.65787749,-100.29991342,1268.0,1-2 km
2994022,IGLESIA DE DIOS SEPTIMO DIA,Asociaciones y organizaciones religiosas,otro,6 a 10 personas,25.66386105,-100.28619074,1425.0,1-2 km
3040419,IGLESIA DE JESUCRISTO DE LOS SANTOS DE LOS ULTIMOS DIAS,Asociaciones y organizaciones religiosas,otro,0 a 5 personas,25.64222029,-100.27767098,1565.0,1-2 km
3034714,IGLESIA DE JESUCRISTO DE LOS SANTOS DE LOS ULTIMOS DIAS,Asociaciones y organizaciones religiosas,otro,0 a 5 personas,25.64937084,-100.30438692,1509.0,1-2 km
2995737,IGLESIA DE LA SANTA CRUZ,Asociaciones y organizaciones religiosas,otro,0 a 5 personas,25.63262449,-100.29218081,2105.0,> 2 km
3034033,IGLESIA DEL NAZARENO,Asociaciones y organizaciones religiosas,otro,6 a 10 personas,25.6591963,-100.30741127,1994.0,1-2 km
3045051,IGLESIA DEL NAZARENO DISTRITO NORESTE DEL GETSAMANI,Asociaciones y organizaciones religiosas,otro,0 a 5 personas,25.63654947,-100.29371873,1705.0,1-2 km
3038459,IGLESIA EVANGELICA CRISTIANA ESPIRITUAL,Asociaciones y organizaciones religiosas,otro,0 a 5 personas,25.66758418,-100.27978872,2046.0,> 2 km
3039648,IGLESIA MIGUEL AGUSTIN,Asociaciones y organizaciones religiosas,otro,0 a 5 personas,25.63970121,-100.29659949,1483.0,1-2 km
2994307,IGLESIA NACIONAL PRESBITERIANA MEXICO RESURRECCION,Asociaciones y organizaciones religiosas,otro,0 a 5 personas,25.65502604,-100.27741662,1277.0,1-2 km
8844454,IGLESIA PENTECOSTES TEMPLOBESER,Asociaciones y organizaciones religiosas,otro,6 a 10 personas,25.63500393,-100.28988831,1824.0,1-2 km
3042210,IGLESIA SANTA EDUVIGES,Asociaciones y organizaciones religiosas,otro,0 a 5 personas,25.63570052,-100.29772653,1931.0,1-2 km
8805731,IGLESIA TEMPLO MANANTIAL DE VIDA,Asociaciones y organizaciones religiosas,otro,0 a 5 personas,25.65628672,-100.27187456,1848.0,1-2 km
10043605,IM AUTIMOTRIZ,Reparación mecánica en general de automóviles y camiones,otro,0 a 5 personas,25.6665341,-100.28588061,1721.0,1-2 km
8843821,INDEP TRANSMISIONES,Reparación mecánica en general de automóviles y camiones,otro,0 a 5 personas,25.66558823,-100.30007712,1901.0,1-2 km
3040266,INGENIERIA AUTOMOTRIZ VENTURY,Reparación mecánica en general de automóviles y camiones,otro,0 a 5 personas,25.6507341,-100.27573441,1382.0,1-2 km
6368376,INGENIERIA Y SISTEMAS TECNICOS EPECIALIZADOS,Reparación y mantenimiento de maquinaria y equipo industrial,otro,31 a 50 personas,25.66688426,-100.2765161,2158.0,> 2 km
7889063,INSECRET LASHES SPA,Salones y clínicas de belleza y peluquerías,belleza_barberia,0 a 5 personas,25.66019455,-100.2818989,1240.0,1-2 km
2994543,ISA SALON,Salones y clínicas de belleza y peluquerías,belleza_barberia,0 a 5 personas,25.64348112,-100.27588485,1624.0,1-2 km
11268415,ISABELA JIRET,Salones y clínicas de belleza y peluquerías,belleza_barberia,0 a 5 personas,25.64002557,-100.27286059,2093.0,> 2 km
3040589,ITO S TINTORERIA,Lavanderías y tintorerías,lavanderia,0 a 5 personas,25.64039546,-100.27267751,2083.0,> 2 km
3039703,JANET SALON,Salones y clínicas de belleza y peluquerías,belleza_barberia,0 a 5 personas,25.65719753,-100.30230379,1436.0,1-2 km
9655496,JAVAS WASH,Lavado y lubricado de automóviles y camiones,otro,0 a 5 personas,25.65975169,-100.27495603,1728.0,1-2 km
3040108,JESUCRISTO FUENTE DE REDENCION IGLESIA NACIONAL PRESBITERIANA,Asociaciones y organizaciones religiosas,otro,6 a 10 personas,25.65563127,-100.29199935,533.0,500 m-1 km
3040166,JOSE PELUQUERIA,Salones y clínicas de belleza y peluquerías,belleza_barberia,0 a 5 personas,25.65227415,-100.28043316,914.0,500 m-1 km
3040376,JOSEFINA ENVY SALON,Salones y clínicas de belleza y peluquerías,belleza_barberia,0 a 5 personas,25.64168425,-100.27854591,1540.0,1-2 km
11540776,JOSHEP PRESAS,Salones y clínicas de belleza y peluquerías,belleza_barberia,0 a 5 personas,25.65312366,-100.29365497,458.0,0-500 m
10444826,JULS NAILS,Salones y clínicas de belleza y peluquerías,belleza_barberia,0 a 5 personas,25.63976779,-100.30662364,2149.0,> 2 km
8297037,KATIA SANCHEZ,Salones y clínicas de belleza y peluquerías,belleza_barberia,0 a 5 personas,25.65796774,-100.30118238,1380.0,1-2 km
10958747,KEY LOCK,Cerrajerías,otro,0 a 5 personas,25.63911981,-100.28440913,1458.0,1-2 km
3040155,KEYLOCK,Cerrajerías,otro,11 a 30 personas,25.6528582,-100.28339544,633.0,500 m-1 km
2995231,KINEI DEPILACIO LASER,Salones y clínicas de belleza y peluquerías,belleza_barberia,0 a 5 personas,25.64022823,-100.28556925,1303.0,1-2 km
3040206,KLIN LAVANDERIA,Lavanderías y tintorerías,lavanderia,0 a 5 personas,25.65016332,-100.28696407,289.0,0-500 m
7873256,KLIN LAVANDERIAS,Lavanderías y tintorerías,lavanderia,0 a 5 personas,25.64928813,-100.29378744,490.0,0-500 m
10079102,KOKE S MOTORS,Reparación mecánica en general de automóviles y camiones,otro,0 a 5 personas,25.6585954,-100.30397666,1657.0,1-2 km
9829060,KOKODRILOZ BIKES BARBER ANDMUSCLES,Salones y clínicas de belleza y peluquerías,belleza_barberia,0 a 5 personas,25.64760892,-100.29022291,428.0,0-500 m
9938311,KOKORA & NAILS,Salones y clínicas de belleza y peluquerías,belleza_barberia,0 a 5 personas,25.65312366,-100.29365497,458.0,0-500 m
11608925,KRAKEN BARBER CLUB,Salones y clínicas de belleza y peluquerías,belleza_barberia,6 a 10 personas,25.64196581,-100.28617947,1101.0,1-2 km
8734622,L J LAVANDERIA,Lavanderías y tintorerías,lavanderia,0 a 5 personas,25.65298849,-100.30014871,1082.0,1-2 km
9962334,LA BESTIA 61 BARBER SHOP,Salones y clínicas de belleza y peluquerías,belleza_barberia,0 a 5 personas,25.65450189,-100.29735343,859.0,500 m-1 km
11311563,LA BOLERIA,Lavanderías y tintorerías,lavanderia,0 a 5 personas,25.63472503,-100.28165774,2014.0,> 2 km
10965633,LA CASA BARBERIA,Salones y clínicas de belleza y peluquerías,belleza_barberia,0 a 5 personas,25.64486879,-100.28788533,744.0,500 m-1 km
9524513,LA DIOSA,Salones y clínicas de belleza y peluquerías,belleza_barberia,0 a 5 personas,25.64285222,-100.277103,1564.0,1-2 km
3039707,LA IGLESIA DE JESUCRISTO DE LOS SANTOS DE LOS ULTIMOS DIAS,Asociaciones y organizaciones religiosas,otro,0 a 5 personas,25.64854264,-100.30521104,1607.0,1-2 km
3038568,LA LUNA SALOON,Salones y clínicas de belleza y peluquerías,belleza_barberia,0 a 5 personas,25.66935255,-100.2870518,2011.0,> 2 km
11517411,LA ROCA CENTRO DE ESTUDIO BIBLICO,Asociaciones y organizaciones religiosas,otro,0 a 5 personas,25.66585947,-100.2954154,1714.0,1-2 km
8411513,LA SOCIEDAD BARBERIA,Salones y clínicas de belleza y peluquerías,belleza_barberia,0 a 5 personas,25.65325213,-100.30053024,1125.0,1-2 km
3040177,LALO ELECTRICO,Reparación mecánica en general de automóviles y camiones,otro,0 a 5 personas,25.65842147,-100.28382336,966.0,500 m-1 km
3040202,LAPSWORLD,Reparación y mantenimiento de otro equipo electrónico y de equipo de precisión,otro,0 a 5 personas,25.64955551,-100.287763,269.0,0-500 m
3040580,LASER TONER,Reparación y mantenimiento de otro equipo electrónico y de equipo de precisión,otro,0 a 5 personas,25.64014295,-100.2728928,2083.0,> 2 km
11062559,LASHES LOVE,Salones y clínicas de belleza y peluquerías,belleza_barberia,0 a 5 personas,25.66414165,-100.2835247,1538.0,1-2 km
8648956,LAUNDRY BOX,Lavanderías y tintorerías,lavanderia,0 a 5 personas,25.64347844,-100.27568475,1641.0,1-2 km
11489125,LAVA FRESH,Lavanderías y tintorerías,lavanderia,0 a 5 personas,25.64794195,-100.28506844,588.0,500 m-1 km
10010171,LAVAESTIRA,Lavanderías y tintorerías,lavanderia,0 a 5 personas,25.6615758,-100.27439928,1890.0,1-2 km
11210086,LAVANDA NAILS BEAUTY,Salones y clínicas de belleza y peluquerías,belleza_barberia,0 a 5 personas,25.64188952,-100.27927822,1472.0,1-2 km
2994940,LAVANDERIA ALL CLEAN LAUNDRY,Lavanderías y tintorerías,lavanderia,0 a 5 personas,25.64013819,-100.27225503,2135.0,> 2 km
2995182,LAVANDERIA AUTOMATICA ESTRELLA,Lavanderías y tintorerías,lavanderia,6 a 10 personas,25.63911981,-100.28440913,1458.0,1-2 km
3040355,LAVANDERIA AUTOMATICA ESTRELLA,Lavanderías y tintorerías,lavanderia,11 a 30 personas,25.63911981,-100.28440913,1458.0,1-2 km
3039018,LAVANDERIA AUTOMATICA REVOLUCION,Lavanderías y tintorerías,lavanderia,0 a 5 personas,25.66179382,-100.28261799,1346.0,1-2 km
8440904,LAVANDERIA BUBBLE ZONE,Lavanderías y tintorerías,lavanderia,0 a 5 personas,25.64993817,-100.28674241,321.0,0-500 m
9786322,LAVANDERIA CARREON,Lavanderías y tintorerías,lavanderia,0 a 5 personas,25.64909495,-100.28830707,283.0,0-500 m
3039597,LAVANDERIA CLEAN CENTER,Lavanderías y tintorerías,lavanderia,0 a 5 personas,25.648825,-100.2919277,376.0,0-500 m
9682564,LAVANDERIA CLIN WASH,Lavanderías y tintorerías,lavanderia,0 a 5 personas,25.63272934,-100.28564909,2112.0,> 2 km
11084434,LAVANDERIA COCO,Lavanderías y tintorerías,lavanderia,0 a 5 personas,25.64456338,-100.29586448,992.0,500 m-1 km
10487321,LAVANDERIA DAMA Y BAGABUNDO,Lavanderías y tintorerías,lavanderia,0 a 5 personas,25.65625172,-100.29687154,915.0,500 m-1 km
3040243,LAVANDERIA ESTADIO,Lavanderías y tintorerías,lavanderia,0 a 5 personas,25.6488638,-100.28495038,536.0,500 m-1 km
3040096,LAVANDERIA FAST WASH,Lavanderías y tintorerías,lavanderia,0 a 5 personas,25.65738061,-100.29439863,827.0,500 m-1 km
10990003,LAVANDERIA LAVA VIP,Lavanderías y tintorerías,lavanderia,0 a 5 personas,25.6560839,-100.29280456,617.0,500 m-1 km
3038972,LAVANDERIA LAVANTI,Lavanderías y tintorerías,lavanderia,0 a 5 personas,25.6668223,-100.28401425,1801.0,1-2 km
3040084,LAVANDERIA PAOLA,Lavanderías y tintorerías,lavanderia,0 a 5 personas,25.66017779,-100.29547028,1145.0,1-2 km
9980306,LAVANDERIA QUICK QUACK,Lavanderías y tintorerías,lavanderia,0 a 5 personas,25.64467012,-100.29598533,991.0,500 m-1 km
3040273,LAVANDERIA SANTA ELENA,Lavanderías y tintorerías,lavanderia,0 a 5 personas,25.64945313,-100.27985108,991.0,500 m-1 km
11685605,LAVANDERIA SIN NOMBRE,Lavanderías y tintorerías,lavanderia,0 a 5 personas,25.65510455,-100.30443068,1552.0,1-2 km
2995349,LAVANDERIA SPUMA,Lavanderías y tintorerías,lavanderia,0 a 5 personas,25.64229832,-100.3029203,1683.0,1-2 km
8411457,LAVANDERIA WASH OUT,Lavanderías y tintorerías,lavanderia,0 a 5 personas,25.64833599,-100.29744154,866.0,500 m-1 km
2994786,LAVANDERIA WASHATERIA,Lavanderías y tintorerías,lavanderia,0 a 5 personas,25.64603138,-100.29246175,667.0,500 m-1 km
3040106,LAVANDERIA Y TINTORERIA,Lavanderías y tintorerías,lavanderia,0 a 5 personas,25.65537254,-100.29170415,494.0,0-500 m
8039031,LAVANDERIA Y TINTORERIA ESTRELLA,Lavanderías y tintorerías,lavanderia,0 a 5 personas,25.65059307,-100.29364705,425.0,0-500 m
3039571,LAVANDERIA Y TINTORERIA EXPRESS,Lavanderías y tintorerías,lavanderia,11 a 30 personas,25.65067406,-100.29454559,512.0,500 m-1 km
8844264,LAVANDERIAS Y TINTORERIAS SIN NOMBRE,Lavanderías y tintorerías,lavanderia,0 a 5 personas,25.65156674,-100.28098618,854.0,500 m-1 km
7889065,LAVANDERIASICLEAN,Lavanderías y tintorerías,lavanderia,0 a 5 personas,25.65679853,-100.28399065,816.0,500 m-1 km
3039584,LAVATEC,Lavanderías y tintorerías,lavanderia,0 a 5 personas,25.65029029,-100.2926183,336.0,0-500 m
2994082,LE FINDEN S PELUQUERIA,Salones y clínicas de belleza y peluquerías,belleza_barberia,0 a 5 personas,25.66665504,-100.28030151,1931.0,1-2 km
7915243,LEGEND BARBER SHOP SPA,Salones y clínicas de belleza y peluquerías,belleza_barberia,0 a 5 personas,25.64046962,-100.28439258,1319.0,1-2 km
6447142,LILIANA LEAL GALERIA DE BELLEZA ALTA PELUQUERIA,Salones y clínicas de belleza y peluquerías,belleza_barberia,0 a 5 personas,25.63346807,-100.28067005,2182.0,> 2 km
2993870,LLANTI SERVICIO EXPRESS,Reparación mecánica en general de automóviles y camiones,otro,6 a 10 personas,25.66659762,-100.27868008,2008.0,> 2 km
10323609,LOAR BEAUTY ROOM,Salones y clínicas de belleza y peluquerías,belleza_barberia,0 a 5 personas,25.64900402,-100.27389691,1587.0,1-2 km
9691773,LOLITAS BEAUTY BAR,Salones y clínicas de belleza y peluquerías,belleza_barberia,0 a 5 personas,25.65531568,-100.29500627,703.0,500 m-1 km
3038618,LORENA SALON,Salones y clínicas de belleza y peluquerías,belleza_barberia,0 a 5 personas,25.66731152,-100.28836026,1773.0,1-2 km
11788667,LOTUS SKIN CARE,Salones y clínicas de belleza y peluquerías,belleza_barberia,0 a 5 personas,25.66748443,-100.28998363,1789.0,1-2 km
8441714,LOURDES MARIA SALON,Salones y clínicas de belleza y peluquerías,belleza_barberia,0 a 5 personas,25.64758571,-100.27437796,1574.0,1-2 km
2994290,LUBRICANTES EL RAYO,Lavado y lubricado de automóviles y camiones,otro,0 a 5 personas,25.65395191,-100.27738781,1247.0,1-2 km
10015251,LUIS GARZA SALON,Salones y clínicas de belleza y peluquerías,belleza_barberia,0 a 5 personas,25.66059078,-100.29918688,1410.0,1-2 km
8411577,LULE MOTORS,Reparación mecánica en general de automóviles y camiones,otro,0 a 5 personas,25.66029374,-100.30035485,1470.0,1-2 km
8297038,LULIS SALON PELUQUERIA,Salones y clínicas de belleza y peluquerías,belleza_barberia,0 a 5 personas,25.65693789,-100.30033427,1248.0,1-2 km
10610327,LUNA_27 NAILS ESPA,Salones y clínicas de belleza y peluquerías,belleza_barberia,6 a 10 personas,25.65322729,-100.29327543,430.0,0-500 m
2994452,MAC GEEK,Reparación y mantenimiento de otro equipo electrónico y de equipo de precisión,otro,0 a 5 personas,25.65161542,-100.29271659,323.0,0-500 m
2931719,MADERA Y EXTERIORES DE JARDIN,Reparación de tapicería de muebles para el hogar,otro,0 a 5 personas,25.65621243,-100.29153489,573.0,500 m-1 km
11202581,MADOM ALACIADOS,Salones y clínicas de belleza y peluquerías,belleza_barberia,0 a 5 personas,25.64391044,-100.27455294,1714.0,1-2 km
2994158,MAGA AUTOMOTRIZ TALLER MECANICO,Reparación mecánica en general de automóviles y camiones,otro,0 a 5 personas,25.66027839,-100.27661254,1626.0,1-2 km
2995725,MAGALY JC ESTETICA,Salones y clínicas de belleza y peluquerías,belleza_barberia,0 a 5 personas,25.63202934,-100.29280423,2179.0,> 2 km
10903463,MAGIC REPARACIONES,Reparación y mantenimiento de otro equipo electrónico y de equipo de precisión,otro,0 a 5 personas,25.64823633,-100.29743835,870.0,500 m-1 km
3039629,MAGIC WASH,Lavanderías y tintorerías,lavanderia,0 a 5 personas,25.65056367,-100.29368496,430.0,0-500 m
11321913,MANITA DE GATO,Salones y clínicas de belleza y peluquerías,belleza_barberia,0 a 5 personas,25.65019496,-100.29395031,466.0,0-500 m
3034365,MANTIENIMIENTO A TAXIS,Reparación mecánica en general de automóviles y camiones,otro,0 a 5 personas,25.65895488,-100.30065465,1398.0,1-2 km
3042112,MAQUINADOS JASSO,Reparación y mantenimiento de maquinaria y equipo industrial,otro,0 a 5 personas,25.63279295,-100.29423563,2123.0,> 2 km
8411072,MAQUINADOS RESENDIZ,Reparación y mantenimiento de maquinaria y equipo industrial,otro,0 a 5 personas,25.66443876,-100.29945161,1760.0,1-2 km
2995080,MARCELLA SALON Y PELUQUERIA,Salones y clínicas de belleza y peluquerías,belleza_barberia,0 a 5 personas,25.63683806,-100.29075906,1624.0,1-2 km
11358479,MARCHAS Y ALTERNADORES DEL RIO,Rectificación de partes de motor de automóviles y camiones,otro,0 a 5 personas,25.66967266,-100.2820754,2164.0,> 2 km
3034238,MARISCOS Y CAR WASH LA CURVA,Lavado y lubricado de automóviles y camiones,otro,6 a 10 personas,25.6632586,-100.2999828,1686.0,1-2 km
9716560,MARK IV,Reparación de suspensiones de automóviles y camiones,otro,0 a 5 personas,25.65814086,-100.27267212,1846.0,1-2 km
3040322,MARTHA Y ALEJANDRA ESTETICA,Salones y clínicas de belleza y peluquerías,belleza_barberia,0 a 5 personas,25.64452721,-100.27477225,1662.0,1-2 km
8297764,MARTINEZ MOFLES SUSPENSIONES FRENOS,Reparación mecánica en general de automóviles y camiones,otro,0 a 5 personas,25.6616543,-100.30592859,2003.0,> 2 km
9315424,MASAJE ESPRES,Salones y clínicas de belleza y peluquerías,belleza_barberia,0 a 5 personas,25.64793526,-100.29044376,397.0,0-500 m
2994210,MASTER REFACCIONES,Reparación mecánica en general de automóviles y camiones,otro,0 a 5 personas,25.66003592,-100.28584407,1028.0,1-2 km
11597244,MAYUMA SALON,Salones y clínicas de belleza y peluquerías,belleza_barberia,0 a 5 personas,25.6600276,-100.28819566,968.0,500 m-1 km
9604952,MC MARCHAS Y ALTERNADORES,Reparación del sistema eléctrico de automóviles y camiones,otro,0 a 5 personas,25.65466088,-100.30896173,1984.0,1-2 km
10029469,ME BARBER,Salones y clínicas de belleza y peluquerías,belleza_barberia,0 a 5 personas,25.64908239,-100.27237809,1735.0,1-2 km
8970429,ME NAIL SALON,Salones y clínicas de belleza y peluquerías,belleza_barberia,0 a 5 personas,25.64908239,-100.27237809,1735.0,1-2 km
8693305,MECANICA Y AUTOCLIMAS,Reparación mecánica en general de automóviles y camiones,otro,0 a 5 personas,25.66151364,-100.30081503,1597.0,1-2 km
11271287,MEDVEL SPA,Salones y clínicas de belleza y peluquerías,belleza_barberia,0 a 5 personas,25.66019455,-100.2818989,1240.0,1-2 km
2969804,MI PC,Reparación y mantenimiento de otro equipo electrónico y de equipo de precisión,otro,6 a 10 personas,25.63619594,-100.28257993,1827.0,1-2 km
9421703,MICKEY BARBERSHOPO,Salones y clínicas de belleza y peluquerías,belleza_barberia,0 a 5 personas,25.64312871,-100.30151772,1516.0,1-2 km
9936794,MIESTETIC,Salones y clínicas de belleza y peluquerías,belleza_barberia,0 a 5 personas,25.65312366,-100.29365497,458.0,0-500 m
10424636,MIKLO HERNANDEZ TATTOOS,Salones y clínicas de belleza y peluquerías,belleza_barberia,0 a 5 personas,25.66732185,-100.29000924,1771.0,1-2 km
3045017,MINT DEAY SPA,Salones y clínicas de belleza y peluquerías,belleza_barberia,0 a 5 personas,25.63812001,-100.28421245,1569.0,1-2 km
9014361,MIRAME,Salones y clínicas de belleza y peluquerías,belleza_barberia,0 a 5 personas,25.64143014,-100.28025595,1445.0,1-2 km
2991041,MISION BETHEL,Asociaciones y organizaciones religiosas,otro,0 a 5 personas,25.6532955,-100.31082011,2147.0,> 2 km
2995707,MISION CRISTIANA RIOS DE AGUA VIVA,Asociaciones y organizaciones religiosas,otro,0 a 5 personas,25.63389958,-100.28872814,1947.0,1-2 km
8297530,MISS DA VA,Salones y clínicas de belleza y peluquerías,belleza_barberia,0 a 5 personas,25.64482039,-100.28838243,740.0,500 m-1 km
8297574,MK BARBER,Salones y clínicas de belleza y peluquerías,belleza_barberia,0 a 5 personas,25.64182164,-100.3041452,1814.0,1-2 km
8441543,MODEL ART SPA,Salones y clínicas de belleza y peluquerías,belleza_barberia,0 a 5 personas,25.63619594,-100.28257993,1827.0,1-2 km
11815626,MODI AUTOS,Reparación mecánica en general de automóviles y camiones,otro,31 a 50 personas,25.64422788,-100.29804407,1170.0,1-2 km
3034306,MOFLES ELIZONDO,Otras reparaciones mecánicas de automóviles y camiones,otro,0 a 5 personas,25.66142995,-100.30393439,1827.0,1-2 km
3038520,MOFLES RIVERA,Otras reparaciones mecánicas de automóviles y camiones,otro,0 a 5 personas,25.66636337,-100.28691083,1684.0,1-2 km
3039028,MOFLES TINO,Otras reparaciones mecánicas de automóviles y camiones,otro,0 a 5 personas,25.66633321,-100.27886629,1973.0,1-2 km
3034459,MOFLES Y HEDERS NUEVO REPUEBLO,Otras reparaciones mecánicas de automóviles y camiones,otro,0 a 5 personas,25.65661709,-100.30514721,1672.0,1-2 km
11500058,MONA LISA BEAUTY STUDIO,Salones y clínicas de belleza y peluquerías,belleza_barberia,0 a 5 personas,25.64209674,-100.27883718,1487.0,1-2 km
10993910,MONAS,Salones y clínicas de belleza y peluquerías,belleza_barberia,0 a 5 personas,25.64811612,-100.28488043,590.0,500 m-1 km
11788396,MONDIAUTOS,Reparación mecánica en general de automóviles y camiones,otro,0 a 5 personas,25.64422846,-100.29805002,1171.0,1-2 km
8440969,MONTACARGA DS,"Reparación y mantenimiento de maquinaria y equipo para mover, levantar y acomodar materiales",otro,6 a 10 personas,25.6636473,-100.29667087,1540.0,1-2 km
12305297,MONTANA MOTORS,Reparación mecánica en general de automóviles y camiones,otro,0 a 5 personas,25.65675951,-100.28343502,851.0,500 m-1 km
3038567,MORENO,Reparación y mantenimiento de maquinaria y equipo industrial,otro,0 a 5 personas,25.6694621,-100.28785101,2015.0,> 2 km
3039692,MOTO SERVICIO JR,Reparación y mantenimiento de motocicletas,otro,0 a 5 personas,25.64755553,-100.30601769,1710.0,1-2 km
8297249,MOTORES TALLER MECANICO,Reparación del sistema eléctrico de automóviles y camiones,otro,0 a 5 personas,25.6577879,-100.30997217,2171.0,> 2 km
8498575,MR BARBERS FACTORY,Salones y clínicas de belleza y peluquerías,belleza_barberia,0 a 5 personas,25.6522443,-100.28085095,872.0,500 m-1 km
2993859,MR CAN,Otros servicios personales,otro,0 a 5 personas,25.66640363,-100.27699162,2087.0,> 2 km
3039574,MR KLEEN,Lavanderías y tintorerías,lavanderia,0 a 5 personas,25.64999116,-100.29442308,518.0,500 m-1 km
10929305,MUAH BEAUTY STUDIO,Salones y clínicas de belleza y peluquerías,belleza_barberia,0 a 5 personas,25.64285105,-100.27710642,1564.0,1-2 km
9535672,MUSA 51,Salones y clínicas de belleza y peluquerías,belleza_barberia,0 a 5 personas,25.64002557,-100.27286059,2093.0,> 2 km
11528384,NAIL SALON PAOLA,Salones y clínicas de belleza y peluquerías,belleza_barberia,0 a 5 personas,25.63269833,-100.29620629,2185.0,> 2 km
9644516,NAILKERY NAILBAR,Salones y clínicas de belleza y peluquerías,belleza_barberia,0 a 5 personas,25.64045859,-100.28357892,1354.0,1-2 km
8440907,NAILS COLORS,Salones y clínicas de belleza y peluquerías,belleza_barberia,0 a 5 personas,25.65182246,-100.28017663,936.0,500 m-1 km
9900275,NAILS COLORS,Salones y clínicas de belleza y peluquerías,belleza_barberia,6 a 10 personas,25.65231806,-100.28026259,932.0,500 m-1 km
10941657,NAILS GALLERY GARZA,Salones y clínicas de belleza y peluquerías,belleza_barberia,6 a 10 personas,25.64501924,-100.28814604,722.0,500 m-1 km
8734670,NAILS IN SALON,Salones y clínicas de belleza y peluquerías,belleza_barberia,0 a 5 personas,25.65288255,-100.30622174,1684.0,1-2 km
10137820,NAILS Y NAILS SPA,Salones y clínicas de belleza y peluquerías,belleza_barberia,0 a 5 personas,25.66167441,-100.28736301,1162.0,1-2 km
8778868,NAPOLES BARBER,Salones y clínicas de belleza y peluquerías,belleza_barberia,0 a 5 personas,25.65019496,-100.29395031,466.0,0-500 m
2994763,NAZAS CARD AUDIO,Otros servicios de reparación y mantenimiento de automóviles y camiones,otro,0 a 5 personas,25.64340973,-100.29855204,1270.0,1-2 km
11340406,NEBULOSA MAGIC NAIL CLUB,Salones y clínicas de belleza y peluquerías,belleza_barberia,6 a 10 personas,25.63812001,-100.28421245,1569.0,1-2 km
9014249,NEGLUR NAIL BAR,Salones y clínicas de belleza y peluquerías,belleza_barberia,0 a 5 personas,25.64143014,-100.28025595,1445.0,1-2 km
8970979,NEUGGER LA SOLUCION A LA CAIDA DEL CABELLO,Salones y clínicas de belleza y peluquerías,belleza_barberia,0 a 5 personas,25.63472503,-100.28165774,2014.0,> 2 km
9930372,NEW SHINE MTY,Salones y clínicas de belleza y peluquerías,belleza_barberia,0 a 5 personas,25.65625172,-100.29687154,915.0,500 m-1 km
8441488,NEW STILE CLARA,Salones y clínicas de belleza y peluquerías,belleza_barberia,0 a 5 personas,25.64696834,-100.2776194,1289.0,1-2 km
3039666,NUESTRA SENORA DE LA MERCED,Asociaciones y organizaciones religiosas,otro,0 a 5 personas,25.64282877,-100.30228415,1597.0,1-2 km
3038954,NUEVA VIDA,Asociaciones y organizaciones religiosas,otro,0 a 5 personas,25.66180653,-100.28566023,1219.0,1-2 km
7805629,OFELIA,Salones y clínicas de belleza y peluquerías,belleza_barberia,0 a 5 personas,25.65664994,-100.27016578,2024.0,> 2 km
3040063,OFICINA DE IGLESIA ADVENTISTA DEL SEPTIMO DIA SECCION DEL NORESTE,Asociaciones y organizaciones religiosas,otro,6 a 10 personas,25.66231704,-100.29582129,1369.0,1-2 km
2994396,OFICINA PARROQUIAL,Asociaciones y organizaciones religiosas,otro,0 a 5 personas,25.6553449,-100.2973128,898.0,500 m-1 km
8411578,OFICINAS,Reparación y mantenimiento de aparatos eléctricos para el hogar y personales,otro,0 a 5 personas,25.66015942,-100.30038483,1463.0,1-2 km
9802529,OFISERVICIOS,Reparación de tapicería de muebles para el hogar,otro,0 a 5 personas,25.66698435,-100.29351927,1779.0,1-2 km
9903348,OLA PIEL,Salones y clínicas de belleza y peluquerías,belleza_barberia,0 a 5 personas,25.65886989,-100.29578429,1042.0,1-2 km
10875068,OLALA NAILS,Salones y clínicas de belleza y peluquerías,belleza_barberia,0 a 5 personas,25.64704596,-100.29245709,568.0,500 m-1 km
8970489,ONE TONER,Salones y clínicas de belleza y peluquerías,belleza_barberia,0 a 5 personas,25.65269219,-100.28273609,693.0,500 m-1 km
10275942,OVICELL MTY,Reparación y mantenimiento de otro equipo electrónico y de equipo de precisión,otro,0 a 5 personas,25.66219597,-100.29463172,1306.0,1-2 km
2990857,OVNITAXI,Reparación mecánica en general de automóviles y camiones,otro,6 a 10 personas,25.65857901,-100.30388623,1648.0,1-2 km
9603671,PANTHER BARBER SHOP,Salones y clínicas de belleza y peluquerías,belleza_barberia,0 a 5 personas,25.64188952,-100.27927822,1472.0,1-2 km
8523883,PAROQUIA SANTA EDUVIGES,Asociaciones y organizaciones religiosas,otro,0 a 5 personas,25.63570052,-100.29772653,1931.0,1-2 km
3040337,PARROQUIA CATOLICA CORPUS CHRISTI MONTERREY,Asociaciones y organizaciones religiosas,otro,0 a 5 personas,25.63690532,-100.27766553,2001.0,> 2 km
3034528,PARROQUIA DEL ROSARIO DE MONTERREY,Asociaciones y organizaciones religiosas,otro,0 a 5 personas,25.65541755,-100.29731177,901.0,500 m-1 km
3040162,PARROQUIA DEL SANTISIMO REDENTOR,Asociaciones y organizaciones religiosas,otro,6 a 10 personas,25.65363695,-100.28121352,867.0,500 m-1 km
3034495,PARROQUIA SAN FELIPE DE JESUS,Asociaciones y organizaciones religiosas,otro,0 a 5 personas,25.6558451,-100.30331769,1471.0,1-2 km
8524009,PARROQUIA SAN FELIPE DE JESUS,Asociaciones y organizaciones religiosas,otro,0 a 5 personas,25.65560676,-100.30340484,1470.0,1-2 km
3034276,PARROQUIA SAN IGNACIO DE NOYOLA,Asociaciones y organizaciones religiosas,otro,0 a 5 personas,25.66171484,-100.30090744,1620.0,1-2 km
3038844,PARROQUIA SANTA CECILIA DE MONTERREY,Asociaciones y organizaciones religiosas,otro,0 a 5 personas,25.66291065,-100.28740656,1297.0,1-2 km
3038451,PARROQUIA SANTA LUCIA,Asociaciones y organizaciones religiosas,otro,0 a 5 personas,25.66799192,-100.27764539,2194.0,> 2 km
2994852,PEKITAS ESTETICA INFANTIL,Salones y clínicas de belleza y peluquerías,belleza_barberia,0 a 5 personas,25.64188952,-100.27927822,1472.0,1-2 km
3040002,PELUQUERA PARA DAMAS VICKY,Salones y clínicas de belleza y peluquerías,belleza_barberia,0 a 5 personas,25.64336688,-100.29921263,1321.0,1-2 km
3039957,PELUQUERIA,Salones y clínicas de belleza y peluquerías,belleza_barberia,0 a 5 personas,25.64140628,-100.30440978,1862.0,1-2 km
8441448,PELUQUERIA JOSE HUGO,Salones y clínicas de belleza y peluquerías,belleza_barberia,0 a 5 personas,25.66193039,-100.28717162,1194.0,1-2 km
3034343,PELUQUERIA LARIS,Salones y clínicas de belleza y peluquerías,belleza_barberia,0 a 5 personas,25.65977351,-100.30036789,1433.0,1-2 km
3040576,PELUQUERIA LUPITA,Salones y clínicas de belleza y peluquerías,belleza_barberia,0 a 5 personas,25.64021379,-100.27275564,2089.0,> 2 km
3040003,PELUQUERIA OMAR,Salones y clínicas de belleza y peluquerías,belleza_barberia,0 a 5 personas,25.63828862,-100.29686326,1634.0,1-2 km
10212572,PELUQUERIA OMAR,Salones y clínicas de belleza y peluquerías,belleza_barberia,0 a 5 personas,25.63973686,-100.29863636,1588.0,1-2 km
3038563,PELUQUERIA SIN NOMBRE,Salones y clínicas de belleza y peluquerías,belleza_barberia,0 a 5 personas,25.66784143,-100.29105538,1835.0,1-2 km
8441507,PELUQUERIA SIN NOMBRE,Salones y clínicas de belleza y peluquerías,belleza_barberia,0 a 5 personas,25.66344261,-100.28139533,1566.0,1-2 km
3039353,PELUQUERIA UNISEX ELVIA,Salones y clínicas de belleza y peluquerías,belleza_barberia,0 a 5 personas,25.66024713,-100.27266693,1953.0,1-2 km
8297623,PELUQUERIA URBANA,Salones y clínicas de belleza y peluquerías,belleza_barberia,0 a 5 personas,25.6403352,-100.30562928,2032.0,> 2 km
10078901,PERFILES MAC,Reparación y mantenimiento de maquinaria y equipo industrial,otro,0 a 5 personas,25.66039446,-100.29905875,1385.0,1-2 km
11820370,PESTAÑAS Y ALACIADOS,Salones y clínicas de belleza y peluquerías,belleza_barberia,0 a 5 personas,25.65342277,-100.30827717,1896.0,1-2 km
6215832,PINTURAS AUTOMOTRICES DACSA,Hojalatería y pintura de automóviles y camiones,otro,0 a 5 personas,25.66230146,-100.29513068,1337.0,1-2 km
10922959,PLANCHADURIA EXPRESS,Lavanderías y tintorerías,lavanderia,0 a 5 personas,25.66003189,-100.28808585,970.0,500 m-1 km
3040334,PLANCHADURIA FORUM,Lavanderías y tintorerías,lavanderia,0 a 5 personas,25.63741108,-100.27708199,1992.0,1-2 km
10656821,PRADOS SALON,Salones y clínicas de belleza y peluquerías,belleza_barberia,0 a 5 personas,25.65247295,-100.28180838,780.0,500 m-1 km
3040037,PRESICION CHUY,Reparación mecánica en general de automóviles y camiones,otro,0 a 5 personas,25.63964856,-100.30430299,1977.0,1-2 km
11802310,PRETTY LIFE VIDA BONITA,Salones y clínicas de belleza y peluquerías,belleza_barberia,0 a 5 personas,25.66033822,-100.28215635,1237.0,1-2 km
9828249,PRETTY STUDIO,Salones y clínicas de belleza y peluquerías,belleza_barberia,0 a 5 personas,25.64168037,-100.30430941,1836.0,1-2 km
9566308,PRETTYS AIRBRUSH & HAIRSTYLE,Salones y clínicas de belleza y peluquerías,belleza_barberia,0 a 5 personas,25.64501924,-100.28814604,722.0,500 m-1 km
6217401,PRISCILA SALON,Salones y clínicas de belleza y peluquerías,belleza_barberia,0 a 5 personas,25.64710054,-100.28341138,775.0,500 m-1 km
8587663,PRODINAMIC,Reparación mecánica en general de automóviles y camiones,otro,6 a 10 personas,25.66266082,-100.28294434,1414.0,1-2 km
8970651,PROJET PELUQUERIA PARA CABALLERO,Salones y clínicas de belleza y peluquerías,belleza_barberia,0 a 5 personas,25.65267041,-100.27822434,1139.0,1-2 km
9763139,PROMUA HAIR & MAKEUP EXPERTS,Salones y clínicas de belleza y peluquerías,belleza_barberia,0 a 5 personas,25.64285105,-100.27710642,1564.0,1-2 km
11689252,PROPTIMATION,Reparación y mantenimiento de maquinaria y equipo industrial,otro,0 a 5 personas,25.65987512,-100.2738301,1832.0,1-2 km
8734913,PUESTO DE BOLERO,Sanitarios públicos y bolerías,otro,0 a 5 personas,25.63619594,-100.28257993,1827.0,1-2 km
10827917,PUNTO BELLA,Salones y clínicas de belleza y peluquerías,belleza_barberia,0 a 5 personas,25.64411701,-100.27457719,1701.0,1-2 km
10332993,PUNTO DE GRACIA,Asociaciones y organizaciones religiosas,otro,0 a 5 personas,25.6653389,-100.28439511,1632.0,1-2 km
3040158,QUICK LAUNDRY ULTRA LAVANDERIA,Lavanderías y tintorerías,lavanderia,0 a 5 personas,25.65295839,-100.28204779,767.0,500 m-1 km
3034323,RAACSA,Reparación y mantenimiento de aparatos eléctricos para el hogar y personales,otro,101 a 250 personas,25.66051329,-100.30229299,1634.0,1-2 km
3039396,RADIADORES DIAZ,Reparación mecánica en general de automóviles y camiones,otro,6 a 10 personas,25.65993757,-100.27531544,1710.0,1-2 km
2994415,RADIADORES MARTINEZ,Otras reparaciones mecánicas de automóviles y camiones,otro,0 a 5 personas,25.65543808,-100.2926683,550.0,500 m-1 km
2993966,RADIADORES MONTEVERDE,Otras reparaciones mecánicas de automóviles y camiones,otro,0 a 5 personas,25.6649714,-100.29655039,1666.0,1-2 km
9663402,RAYS BARBER SHOP,Salones y clínicas de belleza y peluquerías,belleza_barberia,0 a 5 personas,25.64227316,-100.30291099,1684.0,1-2 km
2990865,RC AUTOMOTRIZ,Reparación mecánica en general de automóviles y camiones,otro,6 a 10 personas,25.65985499,-100.30131805,1512.0,1-2 km
2994278,REBEKA HAIR SALON NAILS ESTETICA,Salones y clínicas de belleza y peluquerías,belleza_barberia,0 a 5 personas,25.64895871,-100.27389568,1588.0,1-2 km
10212438,RECTIFICACIONES RODRIGUEZ GUERRA,Rectificación de partes de motor de automóviles y camiones,otro,6 a 10 personas,25.66122623,-100.30014527,1527.0,1-2 km
11252845,RECTIFICADORA JR,Rectificación de partes de motor de automóviles y camiones,otro,0 a 5 personas,25.64999712,-100.28247338,721.0,500 m-1 km
2993919,RECTIFICADORA VAZQUEZ,Rectificación de partes de motor de automóviles y camiones,otro,6 a 10 personas,25.66227236,-100.30426886,1911.0,1-2 km
10743658,RECTIFICADORA Y MOTORES,Rectificación de partes de motor de automóviles y camiones,otro,0 a 5 personas,25.66708566,-100.2919366,1761.0,1-2 km
2994154,REFACCIONARIA HG,Reparación mecánica en general de automóviles y camiones,otro,0 a 5 personas,25.65892487,-100.2731087,1844.0,1-2 km
3039673,REFACCIONARIA REGIOMONTANA,Otros servicios de reparación y mantenimiento de automóviles y camiones,otro,0 a 5 personas,25.64356388,-100.29821925,1234.0,1-2 km
3039663,REFACCIONARIA Y REPARACIONES ELECTRODOMESTICAS MORALES,Reparación y mantenimiento de aparatos eléctricos para el hogar y personales,otro,0 a 5 personas,25.64319493,-100.30183416,1537.0,1-2 km
8970987,REFACCIONES Y SERVICIOS SIN NOMBRE,Reparación mecánica en general de automóviles y camiones,otro,0 a 5 personas,25.6592399,-100.27376155,1802.0,1-2 km
10752086,REFORMANDO FAMILIAS,Asociaciones y organizaciones religiosas,otro,0 a 5 personas,25.64667563,-100.28484871,702.0,500 m-1 km
10013952,REMINDOS,Reparación y mantenimiento de otros artículos para el hogar y personales,otro,0 a 5 personas,25.63619594,-100.28257993,1827.0,1-2 km
3034227,RENOVADORA DE CALZADO EL BOTIN,Reparación de calzado y otros artículos de piel y cuero,otro,0 a 5 personas,25.66389239,-100.29845527,1654.0,1-2 km
9407988,RENSA,Reparación y mantenimiento de maquinaria y equipo industrial,otro,0 a 5 personas,25.63656998,-100.29760503,1838.0,1-2 km
9036787,RENUEVA SPA,Salones y clínicas de belleza y peluquerías,belleza_barberia,0 a 5 personas,25.65214805,-100.29691499,748.0,500 m-1 km
11361916,REPARACION DE ABANICOS CHAPAS Y ELEVADORES,Instalación de cristales y otras reparaciones a la carrocería de automóviles y camiones,otro,0 a 5 personas,25.64119861,-100.30465081,1896.0,1-2 km
3034444,REPARACION DE BICICLETAS,Reparación y mantenimiento de bicicletas,otro,0 a 5 personas,25.65829895,-100.30463545,1700.0,1-2 km
3034574,REPARACION DE BOILERS DE PASO,Reparación y mantenimiento de aparatos eléctricos para el hogar y personales,otro,0 a 5 personas,25.6576033,-100.30945371,2116.0,> 2 km
3034453,REPARACION DE CALZADO,Reparación de calzado y otros artículos de piel y cuero,otro,0 a 5 personas,25.65699813,-100.30505741,1679.0,1-2 km
3038918,REPARACION DE CALZADO,Reparación de calzado y otros artículos de piel y cuero,otro,0 a 5 personas,25.66204678,-100.29428179,1277.0,1-2 km
8441717,REPARACION DE CALZADO GUZMAN,Reparación de calzado y otros artículos de piel y cuero,otro,0 a 5 personas,25.65277379,-100.2785532,1108.0,1-2 km
3040169,REPARACION DE CALZADO TEC,Reparación de calzado y otros artículos de piel y cuero,otro,0 a 5 personas,25.65255441,-100.27940892,1020.0,1-2 km
3034675,REPARACION DE CALZADO ZAVALA,Reparación de calzado y otros artículos de piel y cuero,otro,0 a 5 personas,25.65267897,-100.30498896,1559.0,1-2 km
10637224,REPARACION DE CELULARES,Reparación y mantenimiento de otro equipo electrónico y de equipo de precisión,otro,0 a 5 personas,25.66756677,-100.28238411,1934.0,1-2 km
10310209,REPARACION DE ELECTRODOMESTICOS,Reparación y mantenimiento de aparatos eléctricos para el hogar y personales,otro,0 a 5 personas,25.65892487,-100.2731087,1844.0,1-2 km
3045135,REPARACION DE EQUIPOS ELECTRONICOS,Reparación y mantenimiento de equipo electrónico de uso doméstico,otro,0 a 5 personas,25.6322884,-100.28513393,2170.0,> 2 km
9773162,REPARACION DE LAVADORAS,Reparación y mantenimiento de aparatos eléctricos para el hogar y personales,otro,0 a 5 personas,25.65762093,-100.30955387,2126.0,> 2 km
3034289,REPARACIÓN DE TAPICERÍA DE MUEBLES PARA EL HOGAR SIN NOMBRE,Reparación de calzado y otros artículos de piel y cuero,otro,0 a 5 personas,25.66072939,-100.30025666,1496.0,1-2 km
9506276,REPARACIÓN MECÁNICA EN GENERAL DE AUTOMÓVILES Y CAMIONES SIN NOMBRE,Reparación mecánica en general de automóviles y camiones,otro,0 a 5 personas,25.66426042,-100.29454962,1517.0,1-2 km
10978239,REPARACIÓN MECÁNICA EN GENERAL DE AUTOMÓVILES Y CAMIONES SIN NOMBRE,Reparación mecánica en general de automóviles y camiones,otro,0 a 5 personas,25.65592108,-100.30456113,1591.0,1-2 km
3034297,REPARACIÓN Y MANTENIMIENTO DE APARATOS ELÉCTRICOS PARA EL HOGAR Y PERSONALES SIN NOMBRE,Reparación y mantenimiento de aparatos eléctricos para el hogar y personales,otro,0 a 5 personas,25.66086504,-100.30147464,1596.0,1-2 km
2994190,REPARACIÓN Y MANTENIMIENTO DE MAQUINARIA Y EQUIPO INDUSTRIAL SIN NOMBRE,Reparación y mantenimiento de maquinaria y equipo industrial,otro,0 a 5 personas,25.65805003,-100.29335356,834.0,500 m-1 km
2994248,REPARACIÓN Y MANTENIMIENTO DE OTROS ARTÍCULOS PARA EL HOGAR Y PERSONALES SIN NOMBRE,Reparación y mantenimiento de otros artículos para el hogar y personales,otro,0 a 5 personas,25.65374724,-100.27858104,1125.0,1-2 km
10878044,REPZONE,Reparación mecánica en general de automóviles y camiones,otro,0 a 5 personas,25.63583561,-100.28279417,1857.0,1-2 km
11496755,RIMES SERVICIOS INDUSTRIALES,Reparación y mantenimiento de maquinaria y equipo industrial,otro,0 a 5 personas,25.66133825,-100.28244432,1312.0,1-2 km
6217406,RITALIA,Reparación y mantenimiento de otro equipo electrónico y de equipo de precisión,otro,0 a 5 personas,25.64760284,-100.27500713,1513.0,1-2 km
10333777,RIVAS Y CO,Salones y clínicas de belleza y peluquerías,belleza_barberia,0 a 5 personas,25.64603138,-100.29246175,667.0,500 m-1 km
10268644,RIVEGG MAQUINADOS INDUSTRIALES,Reparación y mantenimiento de maquinaria y equipo industrial,otro,11 a 30 personas,25.66748508,-100.2954743,1886.0,1-2 km
2994236,ROD MON,Hojalatería y pintura de automóviles y camiones,otro,11 a 30 personas,25.65787037,-100.28412905,899.0,500 m-1 km
2994997,ROSA POLAR,Reparación y mantenimiento de otros artículos para el hogar y personales,otro,0 a 5 personas,25.64215798,-100.27873612,1490.0,1-2 km
2994717,ROSSY VILLARREAL ESTILISTAS,Salones y clínicas de belleza y peluquerías,belleza_barberia,0 a 5 personas,25.65029029,-100.2926183,336.0,0-500 m
11096730,ROUSE NAILS,Salones y clínicas de belleza y peluquerías,belleza_barberia,0 a 5 personas,25.64845412,-100.29744533,861.0,500 m-1 km
3034669,RROS SUSPENSIONES FRENOS Y MAS,Reparación mecánica en general de automóviles y camiones,otro,0 a 5 personas,25.65325538,-100.30375998,1444.0,1-2 km
8411465,RS PODADORAS,Reparación y mantenimiento de aparatos eléctricos para el hogar y personales,otro,0 a 5 personas,25.65622705,-100.30190524,1354.0,1-2 km
6215980,RTW TALLER MECANICO,Reparación mecánica en general de automóviles y camiones,otro,6 a 10 personas,25.63426836,-100.29923165,2140.0,> 2 km
8778770,RUBY STUDIO NAILS & MORE,Salones y clínicas de belleza y peluquerías,belleza_barberia,0 a 5 personas,25.63630921,-100.29777931,1872.0,1-2 km
8524517,RUDE AND GENT,Salones y clínicas de belleza y peluquerías,belleza_barberia,0 a 5 personas,25.64774046,-100.28477921,624.0,500 m-1 km
3034290,RUN ON TIME,Rectificación de partes de motor de automóviles y camiones,otro,0 a 5 personas,25.66104635,-100.30105325,1578.0,1-2 km
8805250,S.A.M. GARAGE,Hojalatería y pintura de automóviles y camiones,otro,0 a 5 personas,25.65614591,-100.27709188,1351.0,1-2 km
11422765,S.O.S NAILS STUDIO,Salones y clínicas de belleza y peluquerías,belleza_barberia,0 a 5 personas,25.64456338,-100.29586448,992.0,500 m-1 km
6215894,SAK,Lavanderías y tintorerías,lavanderia,0 a 5 personas,25.64591731,-100.27506863,1570.0,1-2 km
3040282,SALA DE BELLEZA NEILY,Salones y clínicas de belleza y peluquerías,belleza_barberia,0 a 5 personas,25.64873594,-100.27298613,1682.0,1-2 km
3045056,SALDAÑA AUTOMOTRIZ,Reparación mecánica en general de automóviles y camiones,otro,0 a 5 personas,25.63775731,-100.2869297,1539.0,1-2 km
9126800,SALIYC,Hojalatería y pintura de automóviles y camiones,otro,6 a 10 personas,25.64155191,-100.29544085,1247.0,1-2 km
3040128,SALON DE BELLEZA,Salones y clínicas de belleza y peluquerías,belleza_barberia,0 a 5 personas,25.65545951,-100.29068403,467.0,0-500 m
8441437,SALON DE BELLEZA DANI,Salones y clínicas de belleza y peluquerías,belleza_barberia,0 a 5 personas,25.64017563,-100.27267174,2098.0,> 2 km
8648681,SALON DE BELLEZA MKZ,Salones y clínicas de belleza y peluquerías,belleza_barberia,0 a 5 personas,25.66074202,-100.27325476,1931.0,1-2 km
8970659,SALON DE BELLEZA NACIONAL TUPE SALON,Salones y clínicas de belleza y peluquerías,belleza_barberia,0 a 5 personas,25.64955551,-100.287763,269.0,0-500 m
2994270,SALON DEL REINO DE LOS TESTIGOS DE JEHOVA,Asociaciones y organizaciones religiosas,otro,0 a 5 personas,25.65754769,-100.28382516,889.0,500 m-1 km
3034695,SALON DEL REINO DE LOS TESTIGOS DE JEHOVA,Asociaciones y organizaciones religiosas,otro,0 a 5 personas,25.6516436,-100.30582797,1637.0,1-2 km
3034704,SALON ELISA,Salones y clínicas de belleza y peluquerías,belleza_barberia,0 a 5 personas,25.65107861,-100.30625466,1680.0,1-2 km
2994732,SALON MALENA,Salones y clínicas de belleza y peluquerías,belleza_barberia,0 a 5 personas,25.64804422,-100.2959919,750.0,500 m-1 km
11570908,SALON NAILS BAR ESTETIC,Salones y clínicas de belleza y peluquerías,belleza_barberia,0 a 5 personas,25.66695401,-100.28161823,1901.0,1-2 km
8648784,SALONES DE LA PARROQUIA CORPUS CHRISTI DE MONTERREY,Asociaciones y organizaciones religiosas,otro,0 a 5 personas,25.63656271,-100.27789814,2019.0,> 2 km
9846240,SALONES Y CLÍNICAS DE BELLEZA Y PELUQUERÍAS SIN NOMBRE,Salones y clínicas de belleza y peluquerías,belleza_barberia,0 a 5 personas,25.64172362,-100.27907006,1500.0,1-2 km
11100170,SALONES Y CLINICAS DE BELLEZA Y PELUQUERIAS SIN NOMBRE,Salones y clínicas de belleza y peluquerías,belleza_barberia,0 a 5 personas,25.65650215,-100.30022207,1215.0,1-2 km
3040210,SAN JUAN BOSCO DE MONTERREY,Asociaciones y organizaciones religiosas,otro,6 a 10 personas,25.64890091,-100.28693222,379.0,0-500 m
2995403,SAN JUDAS TADEO,Asociaciones y organizaciones religiosas,otro,0 a 5 personas,25.64200247,-100.30059153,1526.0,1-2 km
10360318,SANA CENTER,Salones y clínicas de belleza y peluquerías,belleza_barberia,0 a 5 personas,25.64844603,-100.27495779,1494.0,1-2 km
11265838,SANTE LASHES,Salones y clínicas de belleza y peluquerías,belleza_barberia,0 a 5 personas,25.64085292,-100.28096153,1452.0,1-2 km
11132113,SANTILLANA IMAGEN ESTUDIO,Salones y clínicas de belleza y peluquerías,belleza_barberia,0 a 5 personas,25.66113791,-100.29270068,1129.0,1-2 km
2993866,SASTRERIA,Reparación y mantenimiento de otros artículos para el hogar y personales,otro,0 a 5 personas,25.66660249,-100.27802028,2045.0,> 2 km
10176674,SASTRERIA ANGELICAL,Reparación y mantenimiento de otros artículos para el hogar y personales,otro,0 a 5 personas,25.64571863,-100.29307453,726.0,500 m-1 km
2994522,SASTRERIA CHAPAS,Reparación y mantenimiento de otros artículos para el hogar y personales,otro,0 a 5 personas,25.64829433,-100.27516056,1478.0,1-2 km
2994209,SASTRERIA Y TINTORERIA FLORIDA,Lavanderías y tintorerías,lavanderia,0 a 5 personas,25.65979972,-100.28838918,941.0,500 m-1 km
10200435,SECRET CLEANERS SERVICE,Sanitarios públicos y bolerías,otro,0 a 5 personas,25.64991063,-100.28702513,298.0,0-500 m
2994408,SEGA AUTO SERVICIO,Reparación mecánica en general de automóviles y camiones,otro,6 a 10 personas,25.65665996,-100.30377198,1545.0,1-2 km
3038594,SEÑOR DE LOS MILAGROS,Asociaciones y organizaciones religiosas,otro,0 a 5 personas,25.66729391,-100.29322545,1806.0,1-2 km
3038518,SERVICIO AUTOMOTRIZ GM,Reparación mecánica en general de automóviles y camiones,otro,0 a 5 personas,25.66598868,-100.28590492,1662.0,1-2 km
8812685,SERVICIO AUTOMOTRIZ MELENDEZ,Reparación mecánica en general de automóviles y camiones,otro,0 a 5 personas,25.63225437,-100.29335375,2164.0,> 2 km
8297235,SERVICIO AUTOMOTRIZ MOYA,Reparación mecánica en general de automóviles y camiones,otro,0 a 5 personas,25.65782621,-100.30189566,1433.0,1-2 km
3038458,SERVICIO AUTOMOTRIZ RUIZ,Reparación mecánica en general de automóviles y camiones,otro,0 a 5 personas,25.66683989,-100.2790251,2012.0,> 2 km
3034326,SERVICIO AUTOMOTRIZ TALLER MILENIO DIARIO,Reparación mecánica en general de automóviles y camiones,otro,0 a 5 personas,25.66082069,-100.30180603,1618.0,1-2 km
8441021,SERVICIO AUTOMOTRIZ ZARATE,Reparación mecánica en general de automóviles y camiones,otro,0 a 5 personas,25.66646911,-100.29583406,1792.0,1-2 km
9287252,SERVICIO CLIMAS AUTOMOTRIS,Reparación del sistema eléctrico de automóviles y camiones,otro,0 a 5 personas,25.6696631,-100.28250868,2148.0,> 2 km
8297866,SERVICIO DE INYECCION Y COMPONENTES DIESEL,Otras reparaciones mecánicas de automóviles y camiones,otro,6 a 10 personas,25.66360831,-100.30184913,1837.0,1-2 km
3038606,SERVICIO ELECTRICO AUTOMOTRIZ GATE,Reparación del sistema eléctrico de automóviles y camiones,otro,0 a 5 personas,25.66719194,-100.29007341,1757.0,1-2 km
3038523,SERVICIO ELECTRICO AUTOMOTRIZ SALDANA,Reparación del sistema eléctrico de automóviles y camiones,otro,0 a 5 personas,25.6666515,-100.28489091,1758.0,1-2 km
3040129,SERVICIO ESPECIALIZADO,Reparación mecánica en general de automóviles y camiones,otro,0 a 5 personas,25.6551264,-100.28868108,422.0,0-500 m
2994017,SERVICIO INDUSTRIAL ROSALES,Reparación y mantenimiento de maquinaria y equipo industrial,otro,6 a 10 personas,25.6618925,-100.28549945,1234.0,1-2 km
3040077,SERVICIO INTEGRAL AUTOMOTRIZ,Hojalatería y pintura de automóviles y camiones,otro,0 a 5 personas,25.65880878,-100.29571186,1033.0,1-2 km
3038634,SERVICIO MANZANO,Hojalatería y pintura de automóviles y camiones,otro,0 a 5 personas,25.66787467,-100.28530984,1879.0,1-2 km
8844348,SERVICIO MECANICO ARRIAGA,Reparación mecánica en general de automóviles y camiones,otro,0 a 5 personas,25.65459574,-100.30348745,1446.0,1-2 km
8411228,SERVICIO TECNICO,Reparación y mantenimiento de aparatos eléctricos para el hogar y personales,otro,0 a 5 personas,25.64320782,-100.30053553,1433.0,1-2 km
8297184,SERVICIOS AUTOMOTRIZ GONZALEZ,Reparación mecánica en general de automóviles y camiones,otro,0 a 5 personas,25.65857168,-100.30964016,2171.0,> 2 km
3034487,SERVICIOS DAFE,Hojalatería y pintura de automóviles y camiones,otro,0 a 5 personas,25.65673733,-100.3001685,1223.0,1-2 km
2993817,SERVITECA GONZALEZ,Reparación mecánica en general de automóviles y camiones,otro,0 a 5 personas,25.6674971,-100.29527362,1881.0,1-2 km
2931590,SERVO-LAB,Reparación y mantenimiento de maquinaria y equipo industrial,otro,0 a 5 personas,25.66878789,-100.28885245,1935.0,1-2 km
8441542,SHALOM SPA SALON,Salones y clínicas de belleza y peluquerías,belleza_barberia,0 a 5 personas,25.63619594,-100.28257993,1827.0,1-2 km
9337674,SISCA. FIRE,Reparación y mantenimiento de maquinaria y equipo industrial,otro,6 a 10 personas,25.65707541,-100.30389911,1575.0,1-2 km
8779143,SISTEMA INTEGRAL TALLER,Reparación de suspensiones de automóviles y camiones,otro,0 a 5 personas,25.65182978,-100.3060854,1663.0,1-2 km
2990867,SITATYR,Asociaciones y organizaciones laborales y sindicales,otro,0 a 5 personas,25.65840967,-100.29968334,1284.0,1-2 km
2994441,SKIN KLINIC,Salones y clínicas de belleza y peluquerías,belleza_barberia,6 a 10 personas,25.65312366,-100.29365497,458.0,0-500 m
10591849,SLIM BODY SPA,Salones y clínicas de belleza y peluquerías,belleza_barberia,0 a 5 personas,25.66681369,-100.29369164,1765.0,1-2 km
3040320,SM BEAUTY LAB,Salones y clínicas de belleza y peluquerías,belleza_barberia,0 a 5 personas,25.64346929,-100.27487432,1711.0,1-2 km
9931000,SOLDADORAS DEL NORTE,Reparación y mantenimiento de maquinaria y equipo industrial,otro,0 a 5 personas,25.65611374,-100.30564955,1701.0,1-2 km
9403899,SOLINGPRO,Reparación y mantenimiento de maquinaria y equipo industrial,otro,0 a 5 personas,25.66369971,-100.30156484,1826.0,1-2 km
3034572,SOLUCION Y CONTROL,Hojalatería y pintura de automóviles y camiones,otro,6 a 10 personas,25.65656458,-100.30819625,1960.0,1-2 km
2994237,SOLUCIONES INTEGRALES EN TECNOLOGIAS,Reparación y mantenimiento de otro equipo electrónico y de equipo de precisión,otro,0 a 5 personas,25.65652355,-100.2899479,571.0,500 m-1 km
11697293,SOUL NAIL SPA,Salones y clínicas de belleza y peluquerías,belleza_barberia,0 a 5 personas,25.65415601,-100.27820679,1173.0,1-2 km
8524410,SPA PIES Y MANOS,Salones y clínicas de belleza y peluquerías,belleza_barberia,0 a 5 personas,25.64228667,-100.27854,1495.0,1-2 km
11216246,SPECIAL SERVICE,Reparación mecánica en general de automóviles y camiones,otro,0 a 5 personas,25.6663755,-100.29390641,1723.0,1-2 km
2990965,SPEED CAR SERVICE,Reparación mecánica en general de automóviles y camiones,otro,0 a 5 personas,25.65738476,-100.30278159,1488.0,1-2 km
11356297,SR FIX REPARACION,Reparación y mantenimiento de aparatos eléctricos para el hogar y personales,otro,0 a 5 personas,25.66695401,-100.28161823,1901.0,1-2 km
9288104,STYLE STUDIO,Salones y clínicas de belleza y peluquerías,belleza_barberia,0 a 5 personas,25.66662315,-100.27825027,2034.0,> 2 km
9582861,SUE BEAUTY CENTER,Salones y clínicas de belleza y peluquerías,belleza_barberia,0 a 5 personas,25.6510783,-100.29241075,294.0,0-500 m
10326614,SUGAR NAILS,Salones y clínicas de belleza y peluquerías,belleza_barberia,0 a 5 personas,25.66066384,-100.28406569,1165.0,1-2 km
10420069,SUNKISS BEAUTY STUDIO,Salones y clínicas de belleza y peluquerías,belleza_barberia,0 a 5 personas,25.64085292,-100.28096153,1452.0,1-2 km
11643865,SUPER BIKE SERVICE CENTER,Reparación y mantenimiento de motocicletas,otro,6 a 10 personas,25.65369555,-100.30579291,1653.0,1-2 km
8441028,SUSPENSIONES ISLAS,Reparación de suspensiones de automóviles y camiones,otro,0 a 5 personas,25.66616845,-100.29570754,1756.0,1-2 km
3038524,SUSPENSIONES MIKE,Alineación y balanceo de automóviles y camiones,otro,6 a 10 personas,25.66593525,-100.28469473,1686.0,1-2 km
10846158,SWEET DREAMS,Salones y clínicas de belleza y peluquerías,belleza_barberia,0 a 5 personas,25.64002557,-100.27286059,2093.0,> 2 km
2930346,SYMA AUTOSAMPOO,Lavado y lubricado de automóviles y camiones,otro,11 a 30 personas,25.64627939,-100.28892994,572.0,500 m-1 km
10439677,TALLER,Reparación mecánica en general de automóviles y camiones,otro,0 a 5 personas,25.65373734,-100.30302825,1381.0,1-2 km
3038969,TALLER A/C GARAGE,Reparación mecánica en general de automóviles y camiones,otro,0 a 5 personas,25.66074596,-100.28493635,1135.0,1-2 km
9970165,TALLER ALTAVISTA,Hojalatería y pintura de automóviles y camiones,otro,11 a 30 personas,25.66264582,-100.29676751,1447.0,1-2 km
8437205,TALLER ARVIZU,Reparación mecánica en general de automóviles y camiones,otro,0 a 5 personas,25.64438371,-100.30319262,1579.0,1-2 km
3038528,TALLER ARYGA,Reparación de transmisiones de automóviles y camiones,otro,0 a 5 personas,25.66631519,-100.28579863,1699.0,1-2 km
3039700,TALLER AUTO PRIMAS,Reparación del sistema eléctrico de automóviles y camiones,otro,0 a 5 personas,25.64838811,-100.30625617,1713.0,1-2 km
2993970,TALLER AUTOELECTRICO PEÑA,Reparación del sistema eléctrico de automóviles y camiones,otro,0 a 5 personas,25.66409283,-100.29521879,1523.0,1-2 km
3034405,TALLER AUTOMOTRIZ,Reparación mecánica en general de automóviles y camiones,otro,0 a 5 personas,25.65888499,-100.30118014,1436.0,1-2 km
8523950,TALLER AUTOMOTRIZ,Reparación mecánica en general de automóviles y camiones,otro,0 a 5 personas,25.66041634,-100.29963955,1428.0,1-2 km
3038571,TALLER AUTOMOTRIZ CAMPOS,Reparación mecánica en general de automóviles y camiones,otro,0 a 5 personas,25.66887993,-100.28759841,1953.0,1-2 km
9561094,TALLER AUTOMOTRIZ CAR SERVICE,Reparación mecánica en general de automóviles y camiones,otro,0 a 5 personas,25.63374863,-100.29505121,2040.0,> 2 km
3034273,TALLER AUTOMOTRIZ LA,Reparación mecánica en general de automóviles y camiones,otro,0 a 5 personas,25.66180893,-100.30187141,1696.0,1-2 km
8970819,TALLER AUTOMOTRIZ MORENO,Hojalatería y pintura de automóviles y camiones,otro,0 a 5 personas,25.66598525,-100.27717526,2039.0,> 2 km
3039694,TALLER AUTOMOTRIZ RENE,Reparación mecánica en general de automóviles y camiones,otro,0 a 5 personas,25.64811131,-100.30560474,1655.0,1-2 km
9639533,TALLER AUTOMOTRIZ RG,Reparación mecánica en general de automóviles y camiones,otro,0 a 5 personas,25.65304625,-100.30280618,1346.0,1-2 km
2994651,TALLER CARS CUSTOM,Hojalatería y pintura de automóviles y camiones,otro,0 a 5 personas,25.64675994,-100.3048022,1618.0,1-2 km
9014264,TALLER CLC,Reparación del sistema eléctrico de automóviles y camiones,otro,6 a 10 personas,25.66350503,-100.28326947,1484.0,1-2 km
8411136,TALLER CLUB,Hojalatería y pintura de automóviles y camiones,otro,0 a 5 personas,25.65827987,-100.30224888,1489.0,1-2 km
3039952,TALLER DE BICICLETAS,Reparación y mantenimiento de bicicletas,otro,0 a 5 personas,25.64210838,-100.30294862,1698.0,1-2 km
9931345,TALLER DE BICICLETAS EL REALITO,Reparación y mantenimiento de bicicletas,otro,0 a 5 personas,25.65665609,-100.27097637,1947.0,1-2 km
8441071,TALLER DE BICICLETAS FREERIDE WORK SHOP,Reparación y mantenimiento de bicicletas,otro,0 a 5 personas,25.66744271,-100.27738323,2158.0,> 2 km
8734674,TALLER DE COSTURA,Reparación y mantenimiento de otros artículos para el hogar y personales,otro,0 a 5 personas,25.66000788,-100.30168558,1552.0,1-2 km
9623651,TALLER DE COSTURAS,Reparación y mantenimiento de otros artículos para el hogar y personales,otro,0 a 5 personas,25.65484348,-100.30962963,2054.0,> 2 km
7872673,TALLER DE ENDERESADO,Hojalatería y pintura de automóviles y camiones,otro,0 a 5 personas,25.66525221,-100.28649704,1569.0,1-2 km
10632827,TALLER DE ENDERESADO Y PINTURA,Hojalatería y pintura de automóviles y camiones,otro,0 a 5 personas,25.66334093,-100.28505833,1400.0,1-2 km
3034630,TALLER DE ENDEREZADO Y PINTURA,Hojalatería y pintura de automóviles y camiones,otro,0 a 5 personas,25.65413783,-100.30656907,1738.0,1-2 km
3039040,TALLER DE ENDEREZADO Y PINTURA AUTO SPORT,Hojalatería y pintura de automóviles y camiones,otro,0 a 5 personas,25.66441535,-100.27786562,1859.0,1-2 km
10935764,TALLER DE ENDEREZADO Y PINTURA AUTOMOTRIZ PITS GARAJE,Hojalatería y pintura de automóviles y camiones,otro,0 a 5 personas,25.65578653,-100.30630197,1753.0,1-2 km
2994030,TALLER DE ENDEREZADOY PINTURA SIN NOMBRE,Hojalatería y pintura de automóviles y camiones,otro,0 a 5 personas,25.66511456,-100.28672733,1550.0,1-2 km
3039717,TALLER DE HOJALATERIA AGUILA,Hojalatería y pintura de automóviles y camiones,otro,0 a 5 personas,25.6446369,-100.30372678,1612.0,1-2 km
3038514,TALLER DE JOYERIA CORTEZ,Reparación y mantenimiento de otros artículos para el hogar y personales,otro,0 a 5 personas,25.66721604,-100.28669979,1781.0,1-2 km
3039715,TALLER DE MULTISERVICIOS,Instalación de cristales y otras reparaciones a la carrocería de automóviles y camiones,otro,0 a 5 personas,25.64223438,-100.30351131,1735.0,1-2 km
11752753,TALLER DE PINTURA,Salones y clínicas de belleza y peluquerías,belleza_barberia,0 a 5 personas,25.65647077,-100.30505783,1658.0,1-2 km
9136073,TALLER DE PINTURA DE MUEBLES DE MADERA,Reparación de tapicería de muebles para el hogar,otro,0 a 5 personas,25.65822567,-100.30871516,2070.0,> 2 km
11231504,TALLER DE PINTURA SIN NOMBRE,Hojalatería y pintura de automóviles y camiones,otro,0 a 5 personas,25.6648808,-100.29593931,1632.0,1-2 km
3034379,TALLER DE RADIADORES,Otras reparaciones mecánicas de automóviles y camiones,otro,0 a 5 personas,25.65877902,-100.30453163,1716.0,1-2 km
3038602,TALLER DE RADIADORES,Otras reparaciones mecánicas de automóviles y camiones,otro,0 a 5 personas,25.66714132,-100.29105518,1757.0,1-2 km
3038847,TALLER DE REFRIGERACION,Reparación y mantenimiento de aparatos eléctricos para el hogar y personales,otro,0 a 5 personas,25.66552015,-100.28695018,1591.0,1-2 km
3038607,TALLER DE REPARACION DE CALZADO,Reparación de calzado y otros artículos de piel y cuero,otro,0 a 5 personas,25.66717955,-100.29033401,1757.0,1-2 km
9935473,TALLER DE SOLDADURA,Hojalatería y pintura de automóviles y camiones,otro,0 a 5 personas,25.66777838,-100.2869344,1839.0,1-2 km
3038588,TALLER DE SOLDADURA,Hojalatería y pintura de automóviles y camiones,otro,0 a 5 personas,25.66917739,-100.29128466,1985.0,1-2 km
11540254,TALLER DE SOLDADURA,Reparación y mantenimiento de maquinaria y equipo industrial,otro,0 a 5 personas,25.63821542,-100.29392851,1532.0,1-2 km
10251203,TALLER DE SOLDADURA MOFLES,Otras reparaciones mecánicas de automóviles y camiones,otro,0 a 5 personas,25.6460292,-100.30436225,1605.0,1-2 km
2994015,TALLER DE SUSPENCION AUTOMOTRIZ,Reparación mecánica en general de automóviles y camiones,otro,6 a 10 personas,25.6621389,-100.28715947,1217.0,1-2 km
11827784,TALLER DE SUSPENSION,Reparación de suspensiones de automóviles y camiones,otro,0 a 5 personas,25.66012085,-100.30831797,2121.0,> 2 km
3039970,TALLER EL CUSTER,Hojalatería y pintura de automóviles y camiones,otro,0 a 5 personas,25.64057677,-100.30559289,2013.0,> 2 km
3040183,TALLER ELECTRICO,Reparación del sistema eléctrico de automóviles y camiones,otro,0 a 5 personas,25.65284221,-100.27823436,1141.0,1-2 km
3034355,TALLER ELECTRICO,Reparación del sistema eléctrico de automóviles y camiones,otro,0 a 5 personas,25.65965422,-100.3001994,1412.0,1-2 km
6444860,TALLER ELECTRICO,Reparación del sistema eléctrico de automóviles y camiones,otro,0 a 5 personas,25.6662149,-100.27550284,2164.0,> 2 km
10723725,TALLER ELECTRICO AUTOMOTRIZ,Reparación mecánica en general de automóviles y camiones,otro,0 a 5 personas,25.63497254,-100.30125195,2174.0,> 2 km
3039972,TALLER ELECTRICO AUTOMOTRIZ VENEGAS,Reparación del sistema eléctrico de automóviles y camiones,otro,0 a 5 personas,25.64026633,-100.30595063,2062.0,> 2 km
3034471,TALLER ELECTRICO LEAL,Reparación del sistema eléctrico de automóviles y camiones,otro,0 a 5 personas,25.65833806,-100.30562329,1791.0,1-2 km
3034031,TALLER ELECTRICO MARTINEZ,Reparación del sistema eléctrico de automóviles y camiones,otro,0 a 5 personas,25.65948909,-100.30641671,1919.0,1-2 km
3039390,TALLER ELECTRICO RAMON,Reparación del sistema eléctrico de automóviles y camiones,otro,0 a 5 personas,25.65892487,-100.2731087,1844.0,1-2 km
3039003,TALLER ELECTRICO REVOLUCION,Reparación y mantenimiento de aparatos eléctricos para el hogar y personales,otro,0 a 5 personas,25.66310411,-100.28311506,1450.0,1-2 km
8441025,TALLER ELECTRICO REYNA,Reparación del sistema eléctrico de automóviles y camiones,otro,0 a 5 personas,25.66412752,-100.29465011,1506.0,1-2 km
11037831,TALLER ENDERESADO Y PINTURA,Hojalatería y pintura de automóviles y camiones,otro,0 a 5 personas,25.65664712,-100.26979553,2059.0,> 2 km
11580083,TALLER ENDEREZADO PINTURA,Hojalatería y pintura de automóviles y camiones,otro,0 a 5 personas,25.63321346,-100.29694062,2155.0,> 2 km
3039322,TALLER FM AUTOMOTRIZ,Reparación mecánica en general de automóviles y camiones,otro,0 a 5 personas,25.66573159,-100.2780765,1962.0,1-2 km
3034333,TALLER GAMAR,Reparación mecánica en general de automóviles y camiones,otro,0 a 5 personas,25.66000431,-100.30041944,1454.0,1-2 km
8587660,TALLER GREEN TOOLS & SERVICES,Reparación y mantenimiento de maquinaria y equipo agropecuario y forestal,otro,0 a 5 personas,25.66721574,-100.28663973,1782.0,1-2 km
2993940,TALLER MARTINEZ,Reparación mecánica en general de automóviles y camiones,otro,0 a 5 personas,25.66519042,-100.2992949,1821.0,1-2 km
6217248,TALLER MECANICA EXPRESS,Reparación mecánica en general de automóviles y camiones,otro,0 a 5 personas,25.65431582,-100.30451804,1540.0,1-2 km
10443369,TALLER MECANICA GENERAL,Reparación mecánica en general de automóviles y camiones,otro,0 a 5 personas,25.65675138,-100.2838053,825.0,500 m-1 km
10783103,TALLER MECANICA Y ENDEREZADO,Reparación mecánica en general de automóviles y camiones,otro,0 a 5 personas,25.65115689,-100.30521585,1576.0,1-2 km
10271627,TALLER MECANICO,Reparación mecánica en general de automóviles y camiones,otro,0 a 5 personas,25.66286353,-100.28563593,1332.0,1-2 km
9932781,TALLER MECANICO,Reparación mecánica en general de automóviles y camiones,otro,0 a 5 personas,25.65688422,-100.30794315,1947.0,1-2 km
3034491,TALLER MECANICO,Reparación mecánica en general de automóviles y camiones,otro,0 a 5 personas,25.65536984,-100.30047998,1186.0,1-2 km
11351624,TALLER MECANICO,Reparación mecánica en general de automóviles y camiones,otro,0 a 5 personas,25.66201429,-100.29399214,1263.0,1-2 km
6215978,TALLER MECANICO,Reparación mecánica en general de automóviles y camiones,otro,0 a 5 personas,25.63468995,-100.30078252,2175.0,> 2 km
11222319,TALLER MECANICO,Reparación mecánica en general de automóviles y camiones,otro,0 a 5 personas,25.66365747,-100.28598572,1408.0,1-2 km
3038922,TALLER MECANICO,Reparación del sistema eléctrico de automóviles y camiones,otro,0 a 5 personas,25.66183611,-100.29350143,1228.0,1-2 km
10620292,TALLER MECANICO,Reparación mecánica en general de automóviles y camiones,otro,0 a 5 personas,25.66262884,-100.29554455,1388.0,1-2 km
11211745,TALLER MECANICO,Reparación mecánica en general de automóviles y camiones,otro,0 a 5 personas,25.65754952,-100.28376476,893.0,500 m-1 km
10917951,TALLER MECANICO,Reparación mecánica en general de automóviles y camiones,otro,0 a 5 personas,25.654513,-100.30853729,1939.0,1-2 km
8441382,TALLER MECANICO,Reparación mecánica en general de automóviles y camiones,otro,0 a 5 personas,25.66839195,-100.2907278,1893.0,1-2 km
12305167,TALLER MECANICO,Reparación mecánica en general de automóviles y camiones,otro,0 a 5 personas,25.66369263,-100.29797498,1609.0,1-2 km
9123615,TALLER MECANICO,Hojalatería y pintura de automóviles y camiones,otro,0 a 5 personas,25.65600849,-100.30070653,1235.0,1-2 km
11576554,TALLER MECANICO,Reparación mecánica en general de automóviles y camiones,otro,0 a 5 personas,25.65189343,-100.3061986,1675.0,1-2 km
10255683,TALLER MECANICO,Reparación mecánica en general de automóviles y camiones,otro,0 a 5 personas,25.6695117,-100.28928175,2014.0,> 2 km
2994382,TALLER MECANICO,Reparación mecánica en general de automóviles y camiones,otro,0 a 5 personas,25.65236785,-100.30306075,1364.0,1-2 km
8970488,TALLER MECANICO,Reparación mecánica en general de automóviles y camiones,otro,0 a 5 personas,25.65256943,-100.28247803,716.0,500 m-1 km
8805544,TALLER MECANICO,Reparación mecánica en general de automóviles y camiones,otro,0 a 5 personas,25.65976232,-100.27497501,1727.0,1-2 km
8297126,TALLER MECANICO ASTRA,Reparación mecánica en general de automóviles y camiones,otro,0 a 5 personas,25.65969048,-100.30840753,2107.0,> 2 km
10526221,TALLER MECANICO AUTOHOME,Reparación mecánica en general de automóviles y camiones,otro,0 a 5 personas,25.66106062,-100.3050294,1891.0,1-2 km
3040050,TALLER MECANICO AUTOMOTRIZ,Reparación mecánica en general de automóviles y camiones,otro,0 a 5 personas,25.63978903,-100.30475394,2001.0,> 2 km
8726785,TALLER MECANICO AUTOMOTRIZ,Reparación del sistema eléctrico de automóviles y camiones,otro,0 a 5 personas,25.65568042,-100.26960951,2050.0,> 2 km
2936729,TALLER MECANICO AUTOMOTRIZ RODRIGUEZ,Reparación mecánica en general de automóviles y camiones,otro,0 a 5 personas,25.6594392,-100.30877892,2129.0,> 2 km
6216039,TALLER MECANICO AUTOMOTRIZ SALAZAR,Reparación mecánica en general de automóviles y camiones,otro,0 a 5 personas,25.63232884,-100.2936375,2161.0,> 2 km
2993822,TALLER MECANICO BORJAS,Reparación mecánica en general de automóviles y camiones,otro,0 a 5 personas,25.66708385,-100.29312314,1781.0,1-2 km
8441205,TALLER MECANICO CHECK ENGINE,Reparación mecánica en general de automóviles y camiones,otro,0 a 5 personas,25.66400824,-100.27299614,2168.0,> 2 km
3039706,TALLER MECANICO DE MARIO,Reparación mecánica en general de automóviles y camiones,otro,0 a 5 personas,25.64544625,-100.30248723,1460.0,1-2 km
8970428,TALLER MECANICO EL FLACO,Hojalatería y pintura de automóviles y camiones,otro,0 a 5 personas,25.65654169,-100.27022726,2015.0,> 2 km
3034432,TALLER MECANICO FIGCC,Reparación mecánica en general de automóviles y camiones,otro,0 a 5 personas,25.6581541,-100.30377854,1616.0,1-2 km
8441069,TALLER MECANICO GENERAL FAST MONSTER GARAGE,Reparación mecánica en general de automóviles y camiones,otro,0 a 5 personas,25.66710546,-100.28283698,1870.0,1-2 km
3034059,TALLER MECANICO HG,Reparación mecánica en general de automóviles y camiones,otro,6 a 10 personas,25.65803161,-100.30629565,1838.0,1-2 km
8297519,TALLER MECANICO HG AUTOMOTRIZ,Reparación del sistema eléctrico de automóviles y camiones,otro,0 a 5 personas,25.63449131,-100.28395748,1961.0,1-2 km
11663148,TALLER MECANICO LEAL,Reparación mecánica en general de automóviles y camiones,otro,0 a 5 personas,25.66254537,-100.286154,1284.0,1-2 km
3039724,TALLER MECANICO MARTINEZ,Reparación mecánica en general de automóviles y camiones,otro,0 a 5 personas,25.64167154,-100.30431967,1838.0,1-2 km
3045052,TALLER MECANICO MARTINEZ,Reparación mecánica en general de automóviles y camiones,otro,0 a 5 personas,25.63674092,-100.29420173,1697.0,1-2 km
2993796,TALLER MECANICO OLMEDO BROTHERS,Rectificación de partes de motor de automóviles y camiones,otro,0 a 5 personas,25.6674556,-100.29054999,1788.0,1-2 km
6217331,TALLER MECANICO QUECAR,Reparación mecánica en general de automóviles y camiones,otro,0 a 5 personas,25.66605832,-100.2754939,2151.0,> 2 km
2995445,TALLER MECANICO RODOLFO,Reparación mecánica en general de automóviles y camiones,otro,0 a 5 personas,25.63729233,-100.3040593,2143.0,> 2 km
10634877,TALLER MECANICO SIN NOMBRE,Reparación mecánica en general de automóviles y camiones,otro,0 a 5 personas,25.6675705,-100.28580607,1836.0,1-2 km
11787995,TALLER MECANICO SIN NOMBRE,Reparación mecánica en general de automóviles y camiones,otro,0 a 5 personas,25.66167081,-100.28581376,1200.0,1-2 km
10242037,TALLER MECANICO SIN NOMBRE,Reparación mecánica en general de automóviles y camiones,otro,0 a 5 personas,25.66333221,-100.2960872,1482.0,1-2 km
8297090,TALLER MECANICO SIN NOMBRE,Reparación mecánica en general de automóviles y camiones,otro,0 a 5 personas,25.66094155,-100.30316367,1732.0,1-2 km
12305197,TALLER MECANICO SIN NOMBRE ,Reparación mecánica en general de automóviles y camiones,otro,0 a 5 personas,25.65896477,-100.27016017,2113.0,> 2 km
9928170,TALLER MECANICO SIN NOMBRE,Reparación mecánica en general de automóviles y camiones,otro,0 a 5 personas,25.64846546,-100.30584903,1671.0,1-2 km
11285925,TALLER MECANICO SIN NOMBRE,Reparación mecánica en general de automóviles y camiones,otro,0 a 5 personas,25.65380375,-100.30576915,1652.0,1-2 km
10538007,TALLER MECANICO SIN NOMBRE,Reparación mecánica en general de automóviles y camiones,otro,0 a 5 personas,25.64670482,-100.30657183,1789.0,1-2 km
8648683,TALLER MECANICO SIN NOMBRE,Reparación mecánica en general de automóviles y camiones,otro,0 a 5 personas,25.66018119,-100.27182645,2023.0,> 2 km
8441081,TALLER MECANICO TRANSMISIONES,Reparación de transmisiones de automóviles y camiones,otro,0 a 5 personas,25.66313782,-100.29563833,1443.0,1-2 km
9051645,TALLER MORANTES,Reparación mecánica en general de automóviles y camiones,otro,6 a 10 personas,25.65629658,-100.29039668,552.0,500 m-1 km
8524007,TALLER MOYA,Reparación mecánica en general de automóviles y camiones,otro,0 a 5 personas,25.65904796,-100.30251796,1557.0,1-2 km
8441200,TALLER PINALES,Reparación mecánica en general de automóviles y camiones,otro,0 a 5 personas,25.66616771,-100.27880315,1961.0,1-2 km
9451898,TALLER RIVERA,Reparación mecánica en general de automóviles y camiones,otro,0 a 5 personas,25.64371166,-100.3007889,1418.0,1-2 km
11803868,TALLER SIN NOMBRE,Reparación mecánica en general de automóviles y camiones,otro,0 a 5 personas,25.66475875,-100.27621545,1995.0,1-2 km
8441501,TALLER SIN NOMBRE,Reparación mecánica en general de automóviles y camiones,otro,0 a 5 personas,25.66760635,-100.28694347,1820.0,1-2 km
3040088,TALLER SOLIS,Otros servicios de reparación y mantenimiento de automóviles y camiones,otro,0 a 5 personas,25.65590444,-100.29360372,648.0,500 m-1 km
10908081,TALLER SPEDD Y SAFE,Reparación mecánica en general de automóviles y camiones,otro,11 a 30 personas,25.65301315,-100.27959829,1009.0,1-2 km
3034348,TALLER TORRES,Reparación mecánica en general de automóviles y camiones,otro,0 a 5 personas,25.65949442,-100.29803273,1242.0,1-2 km
3038591,TALLER VILLAREAL,Reparación mecánica en general de automóviles y camiones,otro,0 a 5 personas,25.66692277,-100.29448097,1797.0,1-2 km
8411071,TALLER ZAVALA,Reparación mecánica en general de automóviles y camiones,otro,0 a 5 personas,25.63266726,-100.29521807,2160.0,> 2 km
11074767,TAPICERIA,Reparación de tapicería de muebles para el hogar,otro,0 a 5 personas,25.65986998,-100.30600622,1904.0,1-2 km
3039755,TAPICERIA,Reparación de tapicería de muebles para el hogar,otro,0 a 5 personas,25.6499017,-100.31137583,2199.0,> 2 km
8805692,TAPICERIA,Reparación de tapicería de muebles para el hogar,otro,0 a 5 personas,25.66468559,-100.28613377,1515.0,1-2 km
3039042,TAPICERIA,Reparación de tapicería de muebles para el hogar,otro,0 a 5 personas,25.66394613,-100.27705041,1872.0,1-2 km
3039660,TAPICERIA CASTILLO,Reparación de tapicería de muebles para el hogar,otro,0 a 5 personas,25.64325079,-100.30103555,1469.0,1-2 km
2994061,TAPICERIA GUZMAN,Reparación de tapicería de muebles para el hogar,otro,0 a 5 personas,25.66125511,-100.28507391,1182.0,1-2 km
7872671,TAPICERIA LOPEZ,Tapicería de automóviles y camiones,otro,0 a 5 personas,25.66589123,-100.28615644,1646.0,1-2 km
3038872,TAPICERIA LOPEZ,Tapicería de automóviles y camiones,otro,0 a 5 personas,25.66550045,-100.29303821,1608.0,1-2 km
8411085,TAPICERIA SIN NOMBRE,Reparación de tapicería de muebles para el hogar,otro,0 a 5 personas,25.65372406,-100.30719225,1792.0,1-2 km
3034040,TAPICERIA ZAVALA,Reparación de tapicería de muebles para el hogar,otro,0 a 5 personas,25.65927435,-100.30785046,2037.0,> 2 km
9797336,TAPICERIA ZAVALA,Reparación de tapicería de muebles para el hogar,otro,0 a 5 personas,25.65943852,-100.30845996,2100.0,> 2 km
3039643,TARIN BEAUTY SALON,Salones y clínicas de belleza y peluquerías,belleza_barberia,0 a 5 personas,25.64504372,-100.28853255,713.0,500 m-1 km
10019421,TATTOO PARDO,Salones y clínicas de belleza y peluquerías,belleza_barberia,0 a 5 personas,25.64002557,-100.27286059,2093.0,> 2 km
10286931,TATTOO STUDIO,Salones y clínicas de belleza y peluquerías,belleza_barberia,0 a 5 personas,25.65246567,-100.28177786,783.0,500 m-1 km
11517707,TATUAJES HAIR ROCK,Salones y clínicas de belleza y peluquerías,belleza_barberia,0 a 5 personas,25.63619594,-100.28257993,1827.0,1-2 km
10002728,TAXIMETROS EL NEGRO,Reparación y mantenimiento de otro equipo electrónico y de equipo de precisión,otro,0 a 5 personas,25.66167699,-100.29888107,1480.0,1-2 km
11441142,TD MOTORS,Reparación mecánica en general de automóviles y camiones,otro,0 a 5 personas,25.66169198,-100.30126279,1643.0,1-2 km
6367838,TEBON CLASS DE MEXICO,Reparación y mantenimiento de equipo electrónico de uso doméstico,otro,101 a 250 personas,25.63840861,-100.28571914,1493.0,1-2 km
10333380,TECLIMATIZAI,Otros servicios de reparación y mantenimiento de automóviles y camiones,otro,6 a 10 personas,25.65975098,-100.30073852,1460.0,1-2 km
10085721,TECNO FUSION,Reparación y mantenimiento de otro equipo electrónico y de equipo de precisión,otro,0 a 5 personas,25.64085292,-100.28096153,1452.0,1-2 km
11408065,TECNO LAUNDRY,Lavanderías y tintorerías,lavanderia,0 a 5 personas,25.6504778,-100.29230584,299.0,0-500 m
8970765,TECNOCELL,Reparación y mantenimiento de otro equipo electrónico y de equipo de precisión,otro,0 a 5 personas,25.65892487,-100.2731087,1844.0,1-2 km
3040090,TECNOFRENOS,Otras reparaciones mecánicas de automóviles y camiones,otro,0 a 5 personas,25.65568452,-100.2939568,653.0,500 m-1 km
2990870,TEKNYA,Reparación y mantenimiento de otro equipo electrónico y de equipo de precisión,otro,11 a 30 personas,25.66026288,-100.30359404,1722.0,1-2 km
3038580,TEMPLO,Asociaciones y organizaciones religiosas,otro,0 a 5 personas,25.66784727,-100.29326366,1867.0,1-2 km
2982919,TEMPLO CRISTIANO,Asociaciones y organizaciones religiosas,otro,0 a 5 personas,25.65812715,-100.2708915,2010.0,> 2 km
2982948,TEMPLO CRISTIANO,Asociaciones y organizaciones religiosas,otro,0 a 5 personas,25.65344439,-100.26965138,2002.0,> 2 km
3039705,TEMPLO CRISTIANO EBENEZER,Asociaciones y organizaciones religiosas,otro,0 a 5 personas,25.64779461,-100.30824604,1921.0,1-2 km
3034668,TEMPLO CRISTIANO SENDERO DE VIDA,Asociaciones y organizaciones religiosas,otro,0 a 5 personas,25.65354554,-100.30280227,1355.0,1-2 km
3034599,TEMPLO EBEN EZER,Asociaciones y organizaciones religiosas,otro,0 a 5 personas,25.6546467,-100.30755084,1845.0,1-2 km
3038625,TEMPLO EL BUEN PASTOR,Asociaciones y organizaciones religiosas,otro,0 a 5 personas,25.66771531,-100.28518236,1865.0,1-2 km
10466242,TEMPLO ELIM,Asociaciones y organizaciones religiosas,otro,0 a 5 personas,25.6488468,-100.31045483,2120.0,> 2 km
3038517,TEMPLO MAHANAIM,Asociaciones y organizaciones religiosas,otro,0 a 5 personas,25.66664313,-100.28588761,1733.0,1-2 km
6447091,TEMPLO MARANATHA,Asociaciones y organizaciones religiosas,otro,0 a 5 personas,25.65204813,-100.30364065,1419.0,1-2 km
2990923,TEMPLO SALON DEL REINO DE LOS TESTIGOS DE JEOVA,Asociaciones y organizaciones religiosas,otro,0 a 5 personas,25.65490174,-100.30747786,1844.0,1-2 km
3054884,TEMPLO SAN MAXIMILIANO MARIA KOLBE DE MONTERREY,Asociaciones y organizaciones religiosas,otro,0 a 5 personas,25.64489249,-100.2791998,1261.0,1-2 km
3054999,TEMPLO ZABULON II,Asociaciones y organizaciones religiosas,otro,0 a 5 personas,25.63857047,-100.30465815,2084.0,> 2 km
12305649,TEXTILES Y COSEDORAS INDUSTRIALES,Reparación y mantenimiento de equipo electrónico de uso doméstico,otro,0 a 5 personas,25.66930482,-100.28178031,2136.0,> 2 km
2931175,THE LAUNDRY ZONE,Lavanderías y tintorerías,lavanderia,0 a 5 personas,25.64825329,-100.29544828,691.0,500 m-1 km
8805973,THE MAKEUP,Salones y clínicas de belleza y peluquerías,belleza_barberia,0 a 5 personas,25.64501924,-100.28814604,722.0,500 m-1 km
8815938,THE WOLF GARAGE,Reparación mecánica en general de automóviles y camiones,otro,0 a 5 personas,25.66170762,-100.30184303,1686.0,1-2 km
3040351,TINTOLAV,Lavanderías y tintorerías,lavanderia,0 a 5 personas,25.63747077,-100.28327921,1670.0,1-2 km
3040288,TINTOLAV,Lavanderías y tintorerías,lavanderia,0 a 5 personas,25.6487681,-100.2738905,1592.0,1-2 km
10000087,TINTOLAV AUXILIAR,Lavanderías y tintorerías,lavanderia,0 a 5 personas,25.64875904,-100.27389026,1592.0,1-2 km
2993798,TINTORERIA BUENOS AIRES,Lavanderías y tintorerías,lavanderia,0 a 5 personas,25.6679307,-100.28843615,1841.0,1-2 km
2994891,TINTORERIA IMPECABLE,Lavanderías y tintorerías,lavanderia,0 a 5 personas,25.6418874,-100.27655081,1674.0,1-2 km
11542073,TOP GARAGE,Reparación mecánica en general de automóviles y camiones,otro,6 a 10 personas,25.66075129,-100.30408356,1794.0,1-2 km
8649190,TOP N COAT,Salones y clínicas de belleza y peluquerías,belleza_barberia,0 a 5 personas,25.64774046,-100.28477921,624.0,500 m-1 km
11211724,TPD TALLER DE PINTURA,Hojalatería y pintura de automóviles y camiones,otro,0 a 5 personas,25.65841635,-100.30372374,1625.0,1-2 km
3038944,TRANSMICIONES BUENOS AIRES,Reparación de transmisiones de automóviles y camiones,otro,0 a 5 personas,25.66217357,-100.28497457,1281.0,1-2 km
3034619,TRANSMISIONES AUTOMOTRICES,Reparación de transmisiones de automóviles y camiones,otro,0 a 5 personas,25.65442436,-100.30947653,2030.0,> 2 km
6217328,TRANSMISIONES OLMEDO,Reparación de transmisiones de automóviles y camiones,otro,6 a 10 personas,25.66084723,-100.28236128,1271.0,1-2 km
10916947,TRATAMIENTO CAPILAR ,Salones y clínicas de belleza y peluquerías,belleza_barberia,0 a 5 personas,25.65522968,-100.30592095,1700.0,1-2 km
3039023,TREN MOTRIZ CENTRO DE SERVICIO,Reparación mecánica en general de automóviles y camiones,otro,0 a 5 personas,25.66066945,-100.28268439,1237.0,1-2 km
10243822,TRIBECA GAY STUDIO,Salones y clínicas de belleza y peluquerías,belleza_barberia,0 a 5 personas,25.64002557,-100.27286059,2093.0,> 2 km
8368902,TRS AUTOMOTRIZ,Reparación de suspensiones de automóviles y camiones,otro,0 a 5 personas,25.64946328,-100.28420867,572.0,500 m-1 km
8812914,TRUSH MACHINE,Reparación mecánica en general de automóviles y camiones,otro,0 a 5 personas,25.66378383,-100.29805387,1622.0,1-2 km
9909155,TURBO COLLISION,Hojalatería y pintura de automóviles y camiones,otro,11 a 30 personas,25.66103221,-100.30314353,1737.0,1-2 km
9014258,TURBO PRESICION DIESEL,Otras reparaciones mecánicas de automóviles y camiones,otro,11 a 30 personas,25.66191243,-100.28391797,1296.0,1-2 km
7805735,TWT SERVICIOS,Reparación mecánica en general de automóviles y camiones,otro,0 a 5 personas,25.66087245,-100.28407546,1185.0,1-2 km
6217408,UÑAS CON ESTILO SALON & BOUTIQUE,Salones y clínicas de belleza y peluquerías,belleza_barberia,0 a 5 personas,25.64698653,-100.27507366,1527.0,1-2 km
8812884,UNIQ MEDICAL SPA,Salones y clínicas de belleza y peluquerías,belleza_barberia,0 a 5 personas,25.64993817,-100.28674241,321.0,0-500 m
3038980,VARELA RECTIFICACIONES,Reparación mecánica en general de automóviles y camiones,otro,0 a 5 personas,25.667803,-100.28240995,1957.0,1-2 km
3034390,VEHICULAR INTEGRAL MIGAIM,Reparación mecánica en general de automóviles y camiones,otro,6 a 10 personas,25.65868517,-100.30259795,1543.0,1-2 km
6368771,VELATORIO NO. 10 MONTERREY,Servicios funerarios,otro,11 a 30 personas,25.66165433,-100.3075547,2139.0,> 2 km
10090897,VELVET MEDICAL SPA,Salones y clínicas de belleza y peluquerías,belleza_barberia,0 a 5 personas,25.64002557,-100.27286059,2093.0,> 2 km
3039610,VENCIENDO LA DISTROFIA MOSCULAR Y ESPINAL,Asociaciones y organizaciones civiles,otro,0 a 5 personas,25.63815934,-100.28712853,1491.0,1-2 km
11003481,VENTA DE CARROS SIN NOMBRE,Reparación mecánica en general de automóviles y camiones,otro,0 a 5 personas,25.65121553,-100.30635188,1689.0,1-2 km
8812598,VERONICA REYES SALON,Salones y clínicas de belleza y peluquerías,belleza_barberia,0 a 5 personas,25.64045859,-100.28357892,1354.0,1-2 km
3040229,VETERINARIA ANIMALS,Otros servicios personales,otro,0 a 5 personas,25.65197242,-100.28135367,819.0,500 m-1 km
8297643,VG SALON,Salones y clínicas de belleza y peluquerías,belleza_barberia,0 a 5 personas,25.63835366,-100.29243839,1480.0,1-2 km
9917880,VICTORIA SALON,Salones y clínicas de belleza y peluquerías,belleza_barberia,0 a 5 personas,25.63759427,-100.2770869,1976.0,1-2 km
8778985,VICTORIUS BARBER SHOP,Salones y clínicas de belleza y peluquerías,belleza_barberia,0 a 5 personas,25.6484813,-100.2974462,860.0,500 m-1 km
10573659,VIDA REAL MONTERREY,Asociaciones y organizaciones religiosas,otro,0 a 5 personas,25.65944651,-100.27411678,1783.0,1-2 km
11791391,VIDRIO TEMPLADO ALVURI,Otros servicios de reparación y mantenimiento de automóviles y camiones,otro,0 a 5 personas,25.66308954,-100.30391674,1944.0,1-2 km
9815633,VM BEAUTY SALON,Salones y clínicas de belleza y peluquerías,belleza_barberia,0 a 5 personas,25.64348112,-100.27588485,1624.0,1-2 km
3039391,VULCA ALVARADO,Reparación menor de llantas,otro,0 a 5 personas,25.65892487,-100.2731087,1844.0,1-2 km
9550032,VULCANIZADORA,Reparación menor de llantas,otro,11 a 30 personas,25.65701145,-100.30207453,1406.0,1-2 km
2993946,VULCANIZADORA,Reparación menor de llantas,otro,0 a 5 personas,25.66499478,-100.29707031,1691.0,1-2 km
3038955,VULCANIZADORA 7 JULIO,Reparación menor de llantas,otro,0 a 5 personas,25.66183518,-100.28414864,1278.0,1-2 km
2994291,VULCANIZADORA BENY,Reparación menor de llantas,otro,6 a 10 personas,25.65321427,-100.27709617,1260.0,1-2 km
8970769,VULCANIZADORA CARACOL,Reparación menor de llantas,otro,0 a 5 personas,25.66656929,-100.29668996,1834.0,1-2 km
11276472,VULCANIZADORA DE LEON,Reparación menor de llantas,otro,0 a 5 personas,25.66004506,-100.2759243,1666.0,1-2 km
3039557,VULCANIZADORA EL TIGRE,Reparación menor de llantas,otro,0 a 5 personas,25.64167669,-100.29596938,1261.0,1-2 km
3040013,VULCANIZADORA LAS TRIPAS,Reparación menor de llantas,otro,0 a 5 personas,25.6425175,-100.30260685,1644.0,1-2 km
9052139,VULCANIZADORA LOS JORGES,Reparación menor de llantas,otro,0 a 5 personas,25.63375221,-100.29925916,2193.0,> 2 km
3040028,VULCANIZADORA MARTINEZ,Reparación menor de llantas,otro,0 a 5 personas,25.6354916,-100.30210424,2174.0,> 2 km
3034244,VULCANIZADORA MARTINEZ,Reparación menor de llantas,otro,0 a 5 personas,25.66325129,-100.29859248,1602.0,1-2 km
8441720,VULCANIZADORA REVOLUCION,Reparación menor de llantas,otro,0 a 5 personas,25.6536569,-100.27742373,1236.0,1-2 km
3039369,VULCANIZADORA RIVERA,Reparación menor de llantas,otro,0 a 5 personas,25.65551289,-100.27882152,1164.0,1-2 km
3034038,VULCANIZADORA ROSALES,Reparación menor de llantas,otro,0 a 5 personas,25.65926374,-100.30779073,2031.0,> 2 km
3034350,VULCANIZADORA SANCHEZ,Reparación menor de llantas,otro,0 a 5 personas,25.65945146,-100.29839344,1263.0,1-2 km
3039943,VULCANIZADORA YOGUI,Reparación menor de llantas,otro,0 a 5 personas,25.64266343,-100.30203511,1588.0,1-2 km
6447136,VULCANZADORA EL GALLO,Reparación menor de llantas,otro,0 a 5 personas,25.64332412,-100.29969486,1360.0,1-2 km
11481348,VULKA ALFONSO REYES,Reparación menor de llantas,otro,0 a 5 personas,25.63729991,-100.29698948,1738.0,1-2 km
3038961,VULKANIZADORA ITURRALDE,Reparación menor de llantas,otro,6 a 10 personas,25.66096293,-100.2840797,1194.0,1-2 km
10735597,VULKANIZADORA RODRIGUEZ,Reparación mecánica en general de automóviles y camiones,otro,0 a 5 personas,25.6595814,-100.27433776,1771.0,1-2 km
10493789,WEDDING COMPANY,Otros servicios personales,otro,0 a 5 personas,25.64172362,-100.27907006,1500.0,1-2 km
11211430,YULISSA NAILS,Salones y clínicas de belleza y peluquerías,belleza_barberia,0 a 5 personas,25.65312366,-100.29365497,458.0,0-500 m
8411118,ZAIL,Salones y clínicas de belleza y peluquerías,belleza_barberia,0 a 5 personas,25.63583561,-100.28279417,1857.0,1-2 km
11673864,ZAPIAIN FUNERALES,Servicios funerarios,otro,6 a 10 personas,25.66071102,-100.28231177,1261.0,1-2 km
2994189,ZYPPER COSTURA LAVANDERIA,Lavanderías y tintorerías,lavanderia,0 a 5 personas,25.65853964,-100.29262362,853.0,500 m-1 km
8411406,BODEGA SERVICIOS PUBLICOS,Administración pública en general,otro,0 a 5 personas,25.65171867,-100.29490957,543.0,500 m-1 km
2994934,CASETA DE POLICIA,Mantenimiento de la seguridad y el orden público,otro,0 a 5 personas,25.64193376,-100.28827355,1060.0,1-2 km
10233242,CENACE,Regulación y fomento del desarrollo económico,otro,51 a 100 personas,25.64345753,-100.2806677,1251.0,1-2 km
3034610,CENTRO HERIBERTO JARA,Actividades administrativas de instituciones de bienestar social,otro,0 a 5 personas,25.65372263,-100.30922238,1994.0,1-2 km
2995051,COMANDANCIA DE VIGILANCIA INSITUCIONAL DEL FRACC MAS PALOMAS,Mantenimiento de la seguridad y el orden público,otro,0 a 5 personas,25.63327627,-100.28320551,2112.0,> 2 km
8649138,COORDINACION DE CIENCIA Y TECNOLOGIA PARA NIÑOS,Actividades administrativas de instituciones de bienestar social,otro,6 a 10 personas,25.65285908,-100.27815397,1149.0,1-2 km
10425781,CORDINACION DE EDUCACION,Actividades administrativas de instituciones de bienestar social,otro,11 a 30 personas,25.65005775,-100.28262384,705.0,500 m-1 km
2995761,DIF #5 BUROCRATAS MUNICIPALES,Actividades administrativas de instituciones de bienestar social,otro,0 a 5 personas,25.63514927,-100.29925028,2054.0,> 2 km
3042390,DIFUSION Y CULTURA,Actividades administrativas de instituciones de bienestar social,otro,11 a 30 personas,25.64742777,-100.26828326,2172.0,> 2 km
10957747,DIRECCION DE CONCERTACION SOCIAL CARACOL,Impartición de justicia,otro,31 a 50 personas,25.66558176,-100.29302712,1616.0,1-2 km
11596229,DIRECCION DE ESCUELAS PARTICULARES,Actividades administrativas de instituciones de bienestar social,otro,6 a 10 personas,25.65007341,-100.28254317,713.0,500 m-1 km
9520132,DIRECCION DE PARTICIPACION CIUDADANA,Administración pública en general,otro,31 a 50 personas,25.66556617,-100.29333753,1621.0,1-2 km
8795543,ESTACIONAMIENTO,Actividades administrativas de instituciones de bienestar social,otro,0 a 5 personas,25.6603677,-100.30884639,2180.0,> 2 km
3034020,FIDEICOMISO,Actividades administrativas de instituciones de bienestar social,otro,11 a 30 personas,25.66157689,-100.30792264,2166.0,> 2 km
8779095,INSPECCION 104,Actividades administrativas de instituciones de bienestar social,otro,0 a 5 personas,25.65432192,-100.30759224,1842.0,1-2 km
8812804,INSPECCION 113,Actividades administrativas de instituciones de bienestar social,otro,0 a 5 personas,25.65430436,-100.30759585,1842.0,1-2 km
2994482,INSPECCION DE ZONA ESCOLAR 123,Actividades administrativas de instituciones de bienestar social,otro,0 a 5 personas,25.65010473,-100.28238183,728.0,500 m-1 km
8524468,INSPECCION ESCOLAR ZONA 7,Actividades administrativas de instituciones de bienestar social,otro,0 a 5 personas,25.64823316,-100.27907108,1103.0,1-2 km
10155799,INSPECCION ZONA 110 PRESCOLAR,Actividades administrativas de instituciones de bienestar social,otro,0 a 5 personas,25.65038365,-100.28282944,678.0,500 m-1 km
3040388,INSTITUTO DE CONTROL VEHICULAR,Administración pública en general,otro,11 a 30 personas,25.63619594,-100.28257993,1827.0,1-2 km
2994095,JURIDICCION SANITARIA NO.3 DE LOS SERVICIOS DE SALUD DE NUEVO LEON,Actividades administrativas de instituciones de bienestar social,otro,51 a 100 personas,25.66646837,-100.28149102,1858.0,1-2 km
2995762,OFICIALIA #18 DEL REGISTRO CIVIL,Administración pública en general,otro,0 a 5 personas,25.63478701,-100.29878935,2069.0,> 2 km
3034374,OFICIALIA 13,Administración pública en general,otro,0 a 5 personas,25.65938193,-100.30336503,1649.0,1-2 km
11563146,PAIMEF,Mantenimiento de la seguridad y el orden público,otro,0 a 5 personas,25.64196581,-100.28617947,1101.0,1-2 km
3034621,REGION 12 SECRETARIA DE EDUCACION,Actividades administrativas de instituciones de bienestar social,otro,31 a 50 personas,25.65432192,-100.30759224,1842.0,1-2 km
3038843,REGISTRO CIVIL 9,Administración pública en general,otro,0 a 5 personas,25.66593913,-100.28712634,1634.0,1-2 km
3034536,REGISTRO CIVIL OFICIALIA NO 07,Administración pública en general,otro,0 a 5 personas,25.65524519,-100.29496234,695.0,500 m-1 km
10832295,SECRETARIA DE DESARROLLO SOCIAL DE NUEVO LEON,Actividades administrativas de instituciones de bienestar social,otro,51 a 100 personas,25.65957363,-100.30510425,1809.0,1-2 km
2994558,SECRETARIA DE RELACIONES EXTERIORES,Relaciones exteriores,otro,11 a 30 personas,25.65322729,-100.29327543,430.0,0-500 m
3038842,SISTEMA DIF NUEVO LEON,Actividades administrativas de instituciones de bienestar social,otro,31 a 50 personas,25.66497757,-100.2896361,1510.0,1-2 km
3034023,SUBDELEGACION NUMERO 4 SURESTE,Actividades administrativas de instituciones de bienestar social,otro,101 a 250 personas,25.6616152,-100.30774061,2152.0,> 2 km
11209326,SUBSECRETARIA DE REGULACION Y FOMENTO SANITARIO,Administración pública en general,otro,101 a 250 personas,25.66665504,-100.28030151,1931.0,1-2 km
9175336,SUPERVISION DE JARDINES DE NIÑOS ZONA 33 SECTOR 2,Actividades administrativas de instituciones de bienestar social,otro,0 a 5 personas,25.65531505,-100.29004181,439.0,0-500 m
8411182,SUPERVISION DE ZONA NUM. 3 DE EDUCACION ESPECIAL USAER,Actividades administrativas de instituciones de bienestar social,otro,0 a 5 personas,25.64414308,-100.28794325,822.0,500 m-1 km
8437196,SUPERVISON ZONA 5 TURNO MATUTINO,Actividades administrativas de instituciones de bienestar social,otro,0 a 5 personas,25.64414308,-100.28794325,822.0,500 m-1 km
10129026,ZONA 2 EDUCACION ESPECIAL EDUCACION BASICA,Actividades administrativas de instituciones de bienestar social,otro,0 a 5 personas,25.65064636,-100.28288126,669.0,500 m-1 km
